Time: 2025-07-31 17:05:35 - Start: 2025-06-29T00:00:00+08:00, End: 2025-08-10T00:00:00+08:00, Server: /Pet_Track_revise-3/functions/get-appointments.php?start=2025-06-29T00%3A00%3A00%2B08%3A00&end=2025-08-10T00%3A00%3A00%2B08%3A00
Count for 2025-08-06: 1
Event: janpaul on 2025-08-06
Events found: 1
Time: 2025-07-31 17:05:40 - Start: 2025-06-01T00:00:00+08:00, End: 2025-07-13T00:00:00+08:00, Server: /Pet_Track_revise-3/functions/get-appointments.php?start=2025-06-01T00%3A00%3A00%2B08%3A00&end=2025-07-13T00%3A00%3A00%2B08%3A00
Events found: 0
Time: 2025-07-31 17:05:41 - Start: 2025-06-29T00:00:00+08:00, End: 2025-08-10T00:00:00+08:00, Server: /Pet_Track_revise-3/functions/get-appointments.php?start=2025-06-29T00%3A00%3A00%2B08%3A00&end=2025-08-10T00%3A00%3A00%2B08%3A00
Count for 2025-08-06: 1
Event: janpaul on 2025-08-06
Events found: 1
Time: 2025-07-31 17:08:54 - Start: 2025-06-29T00:00:00+08:00, End: 2025-08-10T00:00:00+08:00, Server: /Pet_Track_revise-3/functions/get-appointments.php?start=2025-06-29T00%3A00%3A00%2B08%3A00&end=2025-08-10T00%3A00%3A00%2B08%3A00
Count for 2025-08-06: 1
Event: janpaul on 2025-08-06
Events found: 1
Time: 2025-07-31 17:09:09 - Start: 2025-07-27T00:00:00+08:00, End: 2025-09-07T00:00:00+08:00, Server: /Pet_Track_revise-3/functions/get-appointments.php?start=2025-07-27T00%3A00%3A00%2B08%3A00&end=2025-09-07T00%3A00%3A00%2B08%3A00
Count for 2025-08-06: 1
Event: janpaul on 2025-08-06
Events found: 1
Time: 2025-07-31 17:09:19 - Start: 2025-06-29T00:00:00+08:00, End: 2025-08-10T00:00:00+08:00, Server: /Pet_Track_revise-3/functions/get-appointments.php?start=2025-06-29T00%3A00%3A00%2B08%3A00&end=2025-08-10T00%3A00%3A00%2B08%3A00
Count for 2025-08-06: 1
Event: janpaul on 2025-08-06
Events found: 1
Time: 2025-07-31 17:09:20 - Start: 2025-06-01T00:00:00+08:00, End: 2025-07-13T00:00:00+08:00, Server: /Pet_Track_revise-3/functions/get-appointments.php?start=2025-06-01T00%3A00%3A00%2B08%3A00&end=2025-07-13T00%3A00%3A00%2B08%3A00
Events found: 0
Time: 2025-07-31 17:09:20 - Start: 2025-06-29T00:00:00+08:00, End: 2025-08-10T00:00:00+08:00, Server: /Pet_Track_revise-3/functions/get-appointments.php?start=2025-06-29T00%3A00%3A00%2B08%3A00&end=2025-08-10T00%3A00%3A00%2B08%3A00
Count for 2025-08-06: 1
Event: janpaul on 2025-08-06
Events found: 1
Time: 2025-07-31 17:09:23 - Start: 2025-06-01T00:00:00+08:00, End: 2025-07-13T00:00:00+08:00, Server: /Pet_Track_revise-3/functions/get-appointments.php?start=2025-06-01T00%3A00%3A00%2B08%3A00&end=2025-07-13T00%3A00%3A00%2B08%3A00
Events found: 0
Time: 2025-07-31 17:09:23 - Start: 2025-06-29T00:00:00+08:00, End: 2025-08-10T00:00:00+08:00, Server: /Pet_Track_revise-3/functions/get-appointments.php?start=2025-06-29T00%3A00%3A00%2B08%3A00&end=2025-08-10T00%3A00%3A00%2B08%3A00
Count for 2025-08-06: 1
Event: janpaul on 2025-08-06
Events found: 1
Time: 2025-07-31 17:09:24 - Start: 2025-07-27T00:00:00+08:00, End: 2025-09-07T00:00:00+08:00, Server: /Pet_Track_revise-3/functions/get-appointments.php?start=2025-07-27T00%3A00%3A00%2B08%3A00&end=2025-09-07T00%3A00%3A00%2B08%3A00
Count for 2025-08-06: 1
Event: janpaul on 2025-08-06
Events found: 1
Time: 2025-07-31 17:16:56 - Start: 2025-07-01T00:00:00+08:00, End: 2025-08-01T00:00:00+08:00, Server: /Pet_Track_revise-3/functions/get-appointments.php?start=2025-07-01T00%3A00%3A00%2B08%3A00&end=2025-08-01T00%3A00%3A00%2B08%3A00
Events found: 0
Time: 2025-07-31 17:16:57 - Start: 2025-08-01T00:00:00+08:00, End: 2025-09-01T00:00:00+08:00, Server: /Pet_Track_revise-3/functions/get-appointments.php?start=2025-08-01T00%3A00%3A00%2B08%3A00&end=2025-09-01T00%3A00%3A00%2B08%3A00
Count for 2025-08-06: 1
Event: janpaul on 2025-08-06
Events found: 1
Time: 2025-07-31 17:17:05 - Start: 2025-07-01T00:00:00+08:00, End: 2025-08-01T00:00:00+08:00, Server: /Pet_Track_revise-3/functions/get-appointments.php?start=2025-07-01T00%3A00%3A00%2B08%3A00&end=2025-08-01T00%3A00%3A00%2B08%3A00
Events found: 0
Time: 2025-07-31 17:17:05 - Start: 2025-08-01T00:00:00+08:00, End: 2025-09-01T00:00:00+08:00, Server: /Pet_Track_revise-3/functions/get-appointments.php?start=2025-08-01T00%3A00%3A00%2B08%3A00&end=2025-09-01T00%3A00%3A00%2B08%3A00
Count for 2025-08-06: 1
Event: janpaul on 2025-08-06
Events found: 1
Time: 2025-07-31 17:20:18 - Start: 2025-07-01T00:00:00+08:00, End: 2025-08-01T00:00:00+08:00, Server: /Pet_Track_revise-3/functions/get-appointments.php?start=2025-07-01T00%3A00%3A00%2B08%3A00&end=2025-08-01T00%3A00%3A00%2B08%3A00
Events found: 0
Time: 2025-07-31 17:20:19 - Start: 2025-08-01T00:00:00+08:00, End: 2025-09-01T00:00:00+08:00, Server: /Pet_Track_revise-3/functions/get-appointments.php?start=2025-08-01T00%3A00%3A00%2B08%3A00&end=2025-09-01T00%3A00%3A00%2B08%3A00
Count for 2025-08-06: 1
Event: janpaul on 2025-08-06
Events found: 1
Time: 2025-07-31 17:20:34 - Start: 2025-07-01T00:00:00+08:00, End: 2025-08-01T00:00:00+08:00, Server: /Pet_Track_revise-3/functions/get-appointments.php?start=2025-07-01T00%3A00%3A00%2B08%3A00&end=2025-08-01T00%3A00%3A00%2B08%3A00
Events found: 0
Time: 2025-07-31 17:20:42 - Start: 2025-08-01T00:00:00+08:00, End: 2025-09-01T00:00:00+08:00, Server: /Pet_Track_revise-3/functions/get-appointments.php?start=2025-08-01T00%3A00%3A00%2B08%3A00&end=2025-09-01T00%3A00%3A00%2B08%3A00
Count for 2025-08-06: 1
Event: janpaul on 2025-08-06
Events found: 1
Time: 2025-07-31 17:23:54 - Start: 2025-07-01T00:00:00+08:00, End: 2025-08-01T00:00:00+08:00, Server: /Pet_Track_revise-3/functions/get-appointments.php?start=2025-07-01T00%3A00%3A00%2B08%3A00&end=2025-08-01T00%3A00%3A00%2B08%3A00
Events found: 0
Time: 2025-07-31 17:23:55 - Start: 2025-08-01T00:00:00+08:00, End: 2025-09-01T00:00:00+08:00, Server: /Pet_Track_revise-3/functions/get-appointments.php?start=2025-08-01T00%3A00%3A00%2B08%3A00&end=2025-09-01T00%3A00%3A00%2B08%3A00
Count for 2025-08-06: 1
Event: janpaul on 2025-08-06
Events found: 1
Time: 2025-07-31 17:25:09 - Start: 2025-07-01T00:00:00+08:00, End: 2025-08-01T00:00:00+08:00, Server: /Pet_Track_revise-3/functions/get-appointments.php?start=2025-07-01T00%3A00%3A00%2B08%3A00&end=2025-08-01T00%3A00%3A00%2B08%3A00
Events found: 0
Time: 2025-07-31 17:25:10 - Start: 2025-08-01T00:00:00+08:00, End: 2025-09-01T00:00:00+08:00, Server: /Pet_Track_revise-3/functions/get-appointments.php?start=2025-08-01T00%3A00%3A00%2B08%3A00&end=2025-09-01T00%3A00%3A00%2B08%3A00
Count for 2025-08-06: 1
Event: janpaul on 2025-08-06
Events found: 1
Time: 2025-07-31 17:25:24 - Start: 2025-07-01T00:00:00+08:00, End: 2025-08-01T00:00:00+08:00, Server: /Pet_Track_revise-3/functions/get-appointments.php?start=2025-07-01T00%3A00%3A00%2B08%3A00&end=2025-08-01T00%3A00%3A00%2B08%3A00
Events found: 0
Time: 2025-07-31 17:25:24 - Start: 2025-06-01T00:00:00+08:00, End: 2025-07-01T00:00:00+08:00, Server: /Pet_Track_revise-3/functions/get-appointments.php?start=2025-06-01T00%3A00%3A00%2B08%3A00&end=2025-07-01T00%3A00%3A00%2B08%3A00
Events found: 0
Time: 2025-07-31 17:25:27 - Start: 2025-07-01T00:00:00+08:00, End: 2025-08-01T00:00:00+08:00, Server: /Pet_Track_revise-3/functions/get-appointments.php?start=2025-07-01T00%3A00%3A00%2B08%3A00&end=2025-08-01T00%3A00%3A00%2B08%3A00
Events found: 0
Time: 2025-07-31 17:25:29 - Start: 2025-06-01T00:00:00+08:00, End: 2025-07-01T00:00:00+08:00, Server: /Pet_Track_revise-3/functions/get-appointments.php?start=2025-06-01T00%3A00%3A00%2B08%3A00&end=2025-07-01T00%3A00%3A00%2B08%3A00
Events found: 0
Time: 2025-07-31 17:25:30 - Start: 2025-07-01T00:00:00+08:00, End: 2025-08-01T00:00:00+08:00, Server: /Pet_Track_revise-3/functions/get-appointments.php?start=2025-07-01T00%3A00%3A00%2B08%3A00&end=2025-08-01T00%3A00%3A00%2B08%3A00
Events found: 0
Time: 2025-07-31 17:25:31 - Start: 2025-08-01T00:00:00+08:00, End: 2025-09-01T00:00:00+08:00, Server: /Pet_Track_revise-3/functions/get-appointments.php?start=2025-08-01T00%3A00%3A00%2B08%3A00&end=2025-09-01T00%3A00%3A00%2B08%3A00
Count for 2025-08-06: 1
Event: janpaul on 2025-08-06
Events found: 1
Time: 2025-07-31 17:25:35 - Start: 2025-07-01T00:00:00+08:00, End: 2025-08-01T00:00:00+08:00, Server: /Pet_Track_revise-3/functions/get-appointments.php?start=2025-07-01T00%3A00%3A00%2B08%3A00&end=2025-08-01T00%3A00%3A00%2B08%3A00
Events found: 0
Time: 2025-07-31 17:25:41 - Start: 2025-07-01T00:00:00+08:00, End: 2025-08-01T00:00:00+08:00, Server: /Pet_Track_revise-3/functions/get-appointments.php?start=2025-07-01T00%3A00%3A00%2B08%3A00&end=2025-08-01T00%3A00%3A00%2B08%3A00
Events found: 0
Time: 2025-07-31 17:25:42 - Start: 2025-06-01T00:00:00+08:00, End: 2025-07-01T00:00:00+08:00, Server: /Pet_Track_revise-3/functions/get-appointments.php?start=2025-06-01T00%3A00%3A00%2B08%3A00&end=2025-07-01T00%3A00%3A00%2B08%3A00
Events found: 0
Time: 2025-07-31 17:25:42 - Start: 2025-07-01T00:00:00+08:00, End: 2025-08-01T00:00:00+08:00, Server: /Pet_Track_revise-3/functions/get-appointments.php?start=2025-07-01T00%3A00%3A00%2B08%3A00&end=2025-08-01T00%3A00%3A00%2B08%3A00
Events found: 0
Time: 2025-07-31 17:25:43 - Start: 2025-08-01T00:00:00+08:00, End: 2025-09-01T00:00:00+08:00, Server: /Pet_Track_revise-3/functions/get-appointments.php?start=2025-08-01T00%3A00%3A00%2B08%3A00&end=2025-09-01T00%3A00%3A00%2B08%3A00
Count for 2025-08-06: 1
Event: janpaul on 2025-08-06
Events found: 1
Time: 2025-07-31 17:25:44 - Start: 2025-09-01T00:00:00+08:00, End: 2025-10-01T00:00:00+08:00, Server: /Pet_Track_revise-3/functions/get-appointments.php?start=2025-09-01T00%3A00%3A00%2B08%3A00&end=2025-10-01T00%3A00%3A00%2B08%3A00
Events found: 0
Time: 2025-07-31 17:25:44 - Start: 2025-10-01T00:00:00+08:00, End: 2025-11-01T00:00:00+08:00, Server: /Pet_Track_revise-3/functions/get-appointments.php?start=2025-10-01T00%3A00%3A00%2B08%3A00&end=2025-11-01T00%3A00%3A00%2B08%3A00
Events found: 0
Time: 2025-07-31 17:25:45 - Start: 2025-11-01T00:00:00+08:00, End: 2025-12-01T00:00:00+08:00, Server: /Pet_Track_revise-3/functions/get-appointments.php?start=2025-11-01T00%3A00%3A00%2B08%3A00&end=2025-12-01T00%3A00%3A00%2B08%3A00
Events found: 0
Time: 2025-07-31 17:25:45 - Start: 2025-12-01T00:00:00+08:00, End: 2026-01-01T00:00:00+08:00, Server: /Pet_Track_revise-3/functions/get-appointments.php?start=2025-12-01T00%3A00%3A00%2B08%3A00&end=2026-01-01T00%3A00%3A00%2B08%3A00
Events found: 0
Time: 2025-07-31 17:25:45 - Start: 2026-01-01T00:00:00+08:00, End: 2026-02-01T00:00:00+08:00, Server: /Pet_Track_revise-3/functions/get-appointments.php?start=2026-01-01T00%3A00%3A00%2B08%3A00&end=2026-02-01T00%3A00%3A00%2B08%3A00
Events found: 0
Time: 2025-07-31 17:25:45 - Start: 2026-02-01T00:00:00+08:00, End: 2026-03-01T00:00:00+08:00, Server: /Pet_Track_revise-3/functions/get-appointments.php?start=2026-02-01T00%3A00%3A00%2B08%3A00&end=2026-03-01T00%3A00%3A00%2B08%3A00
Events found: 0
Time: 2025-07-31 17:25:46 - Start: 2026-01-01T00:00:00+08:00, End: 2026-02-01T00:00:00+08:00, Server: /Pet_Track_revise-3/functions/get-appointments.php?start=2026-01-01T00%3A00%3A00%2B08%3A00&end=2026-02-01T00%3A00%3A00%2B08%3A00
Events found: 0
Time: 2025-07-31 17:26:01 - Start: 2026-02-01T00:00:00+08:00, End: 2026-03-01T00:00:00+08:00, Server: /Pet_Track_revise-3/functions/get-appointments.php?start=2026-02-01T00%3A00%3A00%2B08%3A00&end=2026-03-01T00%3A00%3A00%2B08%3A00
Events found: 0
Time: 2025-07-31 17:26:01 - Start: 2026-01-01T00:00:00+08:00, End: 2026-02-01T00:00:00+08:00, Server: /Pet_Track_revise-3/functions/get-appointments.php?start=2026-01-01T00%3A00%3A00%2B08%3A00&end=2026-02-01T00%3A00%3A00%2B08%3A00
Events found: 0
Time: 2025-07-31 17:26:02 - Start: 2025-12-01T00:00:00+08:00, End: 2026-01-01T00:00:00+08:00, Server: /Pet_Track_revise-3/functions/get-appointments.php?start=2025-12-01T00%3A00%3A00%2B08%3A00&end=2026-01-01T00%3A00%3A00%2B08%3A00
Events found: 0
Time: 2025-07-31 17:26:03 - Start: 2025-11-01T00:00:00+08:00, End: 2025-12-01T00:00:00+08:00, Server: /Pet_Track_revise-3/functions/get-appointments.php?start=2025-11-01T00%3A00%3A00%2B08%3A00&end=2025-12-01T00%3A00%3A00%2B08%3A00
Events found: 0
Time: 2025-07-31 17:26:03 - Start: 2025-10-01T00:00:00+08:00, End: 2025-11-01T00:00:00+08:00, Server: /Pet_Track_revise-3/functions/get-appointments.php?start=2025-10-01T00%3A00%3A00%2B08%3A00&end=2025-11-01T00%3A00%3A00%2B08%3A00
Events found: 0
Time: 2025-07-31 17:26:03 - Start: 2025-09-01T00:00:00+08:00, End: 2025-10-01T00:00:00+08:00, Server: /Pet_Track_revise-3/functions/get-appointments.php?start=2025-09-01T00%3A00%3A00%2B08%3A00&end=2025-10-01T00%3A00%3A00%2B08%3A00
Events found: 0
Time: 2025-07-31 17:26:04 - Start: 2025-08-01T00:00:00+08:00, End: 2025-09-01T00:00:00+08:00, Server: /Pet_Track_revise-3/functions/get-appointments.php?start=2025-08-01T00%3A00%3A00%2B08%3A00&end=2025-09-01T00%3A00%3A00%2B08%3A00
Count for 2025-08-06: 1
Event: janpaul on 2025-08-06
Events found: 1
Time: 2025-07-31 17:26:04 - Start: 2025-07-01T00:00:00+08:00, End: 2025-08-01T00:00:00+08:00, Server: /Pet_Track_revise-3/functions/get-appointments.php?start=2025-07-01T00%3A00%3A00%2B08%3A00&end=2025-08-01T00%3A00%3A00%2B08%3A00
Events found: 0
Time: 2025-07-31 17:26:05 - Start: 2025-08-01T00:00:00+08:00, End: 2025-09-01T00:00:00+08:00, Server: /Pet_Track_revise-3/functions/get-appointments.php?start=2025-08-01T00%3A00%3A00%2B08%3A00&end=2025-09-01T00%3A00%3A00%2B08%3A00
Count for 2025-08-06: 1
Event: janpaul on 2025-08-06
Events found: 1
Time: 2025-07-31 17:26:18 - Start: 2025-07-01T00:00:00+08:00, End: 2025-08-01T00:00:00+08:00, Server: /Pet_Track_revise-3/functions/get-appointments.php?start=2025-07-01T00%3A00%3A00%2B08%3A00&end=2025-08-01T00%3A00%3A00%2B08%3A00
Events found: 0
Time: 2025-07-31 17:26:28 - Start: 2025-06-01T00:00:00+08:00, End: 2025-07-01T00:00:00+08:00, Server: /Pet_Track_revise-3/functions/get-appointments.php?start=2025-06-01T00%3A00%3A00%2B08%3A00&end=2025-07-01T00%3A00%3A00%2B08%3A00
Events found: 0
Time: 2025-07-31 17:26:30 - Start: 2025-07-01T00:00:00+08:00, End: 2025-08-01T00:00:00+08:00, Server: /Pet_Track_revise-3/functions/get-appointments.php?start=2025-07-01T00%3A00%3A00%2B08%3A00&end=2025-08-01T00%3A00%3A00%2B08%3A00
Events found: 0
Time: 2025-07-31 17:26:30 - Start: 2025-08-01T00:00:00+08:00, End: 2025-09-01T00:00:00+08:00, Server: /Pet_Track_revise-3/functions/get-appointments.php?start=2025-08-01T00%3A00%3A00%2B08%3A00&end=2025-09-01T00%3A00%3A00%2B08%3A00
Count for 2025-08-06: 1
Event: janpaul on 2025-08-06
Events found: 1
Time: 2025-07-31 17:29:15 - Start: 2025-07-01T00:00:00+08:00, End: 2025-08-01T00:00:00+08:00, Server: /Pet_Track_revise-3/functions/get-appointments.php?start=2025-07-01T00%3A00%3A00%2B08%3A00&end=2025-08-01T00%3A00%3A00%2B08%3A00
Events found: 0
Time: 2025-07-31 17:29:15 - Start: 2025-08-01T00:00:00+08:00, End: 2025-09-01T00:00:00+08:00, Server: /Pet_Track_revise-3/functions/get-appointments.php?start=2025-08-01T00%3A00%3A00%2B08%3A00&end=2025-09-01T00%3A00%3A00%2B08%3A00
Count for 2025-08-06: 1
Event: janpaul on 2025-08-06
Events found: 1
Time: 2025-07-31 17:29:18 - Start: 2025-09-01T00:00:00+08:00, End: 2025-10-01T00:00:00+08:00, Server: /Pet_Track_revise-3/functions/get-appointments.php?start=2025-09-01T00%3A00%3A00%2B08%3A00&end=2025-10-01T00%3A00%3A00%2B08%3A00
Events found: 0
Time: 2025-07-31 17:29:19 - Start: 2025-08-01T00:00:00+08:00, End: 2025-09-01T00:00:00+08:00, Server: /Pet_Track_revise-3/functions/get-appointments.php?start=2025-08-01T00%3A00%3A00%2B08%3A00&end=2025-09-01T00%3A00%3A00%2B08%3A00
Count for 2025-08-06: 1
Event: janpaul on 2025-08-06
Events found: 1
Time: 2025-07-31 17:29:20 - Start: 2025-07-01T00:00:00+08:00, End: 2025-08-01T00:00:00+08:00, Server: /Pet_Track_revise-3/functions/get-appointments.php?start=2025-07-01T00%3A00%3A00%2B08%3A00&end=2025-08-01T00%3A00%3A00%2B08%3A00
Events found: 0
Time: 2025-07-31 17:29:22 - Start: 2025-08-01T00:00:00+08:00, End: 2025-09-01T00:00:00+08:00, Server: /Pet_Track_revise-3/functions/get-appointments.php?start=2025-08-01T00%3A00%3A00%2B08%3A00&end=2025-09-01T00%3A00%3A00%2B08%3A00
Count for 2025-08-06: 1
Event: janpaul on 2025-08-06
Events found: 1
Time: 2025-07-31 17:31:10 - Start: 2025-07-01T00:00:00+08:00, End: 2025-08-01T00:00:00+08:00, Server: /Pet_Track_revise-3/functions/get-appointments.php?start=2025-07-01T00%3A00%3A00%2B08%3A00&end=2025-08-01T00%3A00%3A00%2B08%3A00
Events found: 0
Time: 2025-07-31 17:31:12 - Start: 2025-08-01T00:00:00+08:00, End: 2025-09-01T00:00:00+08:00, Server: /Pet_Track_revise-3/functions/get-appointments.php?start=2025-08-01T00%3A00%3A00%2B08%3A00&end=2025-09-01T00%3A00%3A00%2B08%3A00
Count for 2025-08-05: 1
Count for 2025-08-06: 1
Event: janpaul2 on 2025-08-05
Event: janpaul on 2025-08-06
Events found: 2
Time: 2025-07-31 17:32:11 - Start: 2025-07-01T00:00:00+08:00, End: 2025-08-01T00:00:00+08:00, Server: /Pet_Track_revise-3/functions/get-appointments.php?start=2025-07-01T00%3A00%3A00%2B08%3A00&end=2025-08-01T00%3A00%3A00%2B08%3A00
Events found: 0
Time: 2025-07-31 17:32:12 - Start: 2025-08-01T00:00:00+08:00, End: 2025-09-01T00:00:00+08:00, Server: /Pet_Track_revise-3/functions/get-appointments.php?start=2025-08-01T00%3A00%3A00%2B08%3A00&end=2025-09-01T00%3A00%3A00%2B08%3A00
Count for 2025-08-05: 2
Count for 2025-08-06: 1
Event: janpaul3 on 2025-08-05
Event: janpaul2 on 2025-08-05
Event: janpaul on 2025-08-06
Events found: 3
Time: 2025-07-31 17:36:33 - Start: 2025-07-01T00:00:00+08:00, End: 2025-08-01T00:00:00+08:00, Server: /Pet_Track_revise-3/functions/get-appointments.php?start=2025-07-01T00%3A00%3A00%2B08%3A00&end=2025-08-01T00%3A00%3A00%2B08%3A00
Events found: 0
Time: 2025-07-31 17:36:35 - Start: 2025-08-01T00:00:00+08:00, End: 2025-09-01T00:00:00+08:00, Server: /Pet_Track_revise-3/functions/get-appointments.php?start=2025-08-01T00%3A00%3A00%2B08%3A00&end=2025-09-01T00%3A00%3A00%2B08%3A00
Count for 2025-08-05: 2
Count for 2025-08-06: 1
Event: janpaul3 on 2025-08-05
Event: janpaul2 on 2025-08-05
Event: janpaul on 2025-08-06
Events found: 3
Time: 2025-07-31 17:36:45 - Start: 2025-07-01T00:00:00+08:00, End: 2025-08-01T00:00:00+08:00, Server: /Pet_Track_revise-3/functions/get-appointments.php?start=2025-07-01T00%3A00%3A00%2B08%3A00&end=2025-08-01T00%3A00%3A00%2B08%3A00
Events found: 0
Time: 2025-07-31 17:37:15 - Start: 2025-07-01T00:00:00+08:00, End: 2025-08-01T00:00:00+08:00, Server: /Pet_Track_revise-3/functions/get-appointments.php?start=2025-07-01T00%3A00%3A00%2B08%3A00&end=2025-08-01T00%3A00%3A00%2B08%3A00
Events found: 0
Time: 2025-07-31 17:37:15 - Start: 2025-08-01T00:00:00+08:00, End: 2025-09-01T00:00:00+08:00, Server: /Pet_Track_revise-3/functions/get-appointments.php?start=2025-08-01T00%3A00%3A00%2B08%3A00&end=2025-09-01T00%3A00%3A00%2B08%3A00
Count for 2025-08-05: 1
Event: janpaul on 2025-08-05
Events found: 1
Time: 2025-07-31 17:37:20 - Start: 2025-08-05, End: 2025-08-05, Server: /Pet_Track_revise-3/functions/get-appointments.php?start=2025-08-05&end=2025-08-05
Count for 2025-08-05: 1
Event: janpaul on 2025-08-05
Events found: 1
Time: 2025-07-31 17:37:22 - Start: 2025-08-05, End: 2025-08-05, Server: /Pet_Track_revise-3/functions/get-appointments.php?start=2025-08-05&end=2025-08-05
Count for 2025-08-05: 1
Event: janpaul on 2025-08-05
Events found: 1
Time: 2025-07-31 17:41:40 - Start: 2025-07-01T00:00:00+08:00, End: 2025-08-01T00:00:00+08:00, Server: /Pet_Track_revise-3/functions/get-appointments.php?start=2025-07-01T00%3A00%3A00%2B08%3A00&end=2025-08-01T00%3A00%3A00%2B08%3A00
Events found: 0
Time: 2025-07-31 17:41:41 - Start: 2025-07-01T00:00:00+08:00, End: 2025-08-01T00:00:00+08:00, Server: /Pet_Track_revise-3/functions/get-appointments.php?start=2025-07-01T00%3A00%3A00%2B08%3A00&end=2025-08-01T00%3A00%3A00%2B08%3A00
Events found: 0
Time: 2025-07-31 17:41:41 - Start: 2025-08-01T00:00:00+08:00, End: 2025-09-01T00:00:00+08:00, Server: /Pet_Track_revise-3/functions/get-appointments.php?start=2025-08-01T00%3A00%3A00%2B08%3A00&end=2025-09-01T00%3A00%3A00%2B08%3A00
Count for 2025-08-05: 1
Event: janpaul on 2025-08-05
Events found: 1
Time: 2025-07-31 17:42:02 - Start: 2025-07-01T00:00:00+08:00, End: 2025-08-01T00:00:00+08:00, Server: /Pet_Track_revise-3/functions/get-appointments.php?start=2025-07-01T00%3A00%3A00%2B08%3A00&end=2025-08-01T00%3A00%3A00%2B08%3A00
Events found: 0
Time: 2025-07-31 17:42:03 - Start: 2025-08-01T00:00:00+08:00, End: 2025-09-01T00:00:00+08:00, Server: /Pet_Track_revise-3/functions/get-appointments.php?start=2025-08-01T00%3A00%3A00%2B08%3A00&end=2025-09-01T00%3A00%3A00%2B08%3A00
Count for 2025-08-05: 2
Event: janpaul on 2025-08-05
Event: janpaul2 on 2025-08-05
Events found: 2
Time: 2025-07-31 17:42:21 - Start: 2025-08-29, End: 2025-08-29, Server: /Pet_Track_revise-3/functions/get-appointments.php?start=2025-08-29&end=2025-08-29
Events found: 0
Time: 2025-07-31 17:42:24 - Start: 2025-07-01T00:00:00+08:00, End: 2025-08-01T00:00:00+08:00, Server: /Pet_Track_revise-3/functions/get-appointments.php?start=2025-07-01T00%3A00%3A00%2B08%3A00&end=2025-08-01T00%3A00%3A00%2B08%3A00
Events found: 0
Time: 2025-07-31 17:42:26 - Start: 2025-08-01T00:00:00+08:00, End: 2025-09-01T00:00:00+08:00, Server: /Pet_Track_revise-3/functions/get-appointments.php?start=2025-08-01T00%3A00%3A00%2B08%3A00&end=2025-09-01T00%3A00%3A00%2B08%3A00
Count for 2025-08-05: 2
Event: janpaul on 2025-08-05
Event: janpaul2 on 2025-08-05
Events found: 2
Time: 2025-07-31 15:54:13 - Start: 2025-08-06, End: 2025-08-06, Server: /Pet_Track_revise-3/functions/get-appointments.php?start=2025-08-06&end=2025-08-06
Events found: 0
Time: 2025-07-31 15:54:16 - Start: 2025-08-06, End: 2025-08-06, Server: /Pet_Track_revise-3/functions/get-appointments.php?start=2025-08-06&end=2025-08-06
Events found: 0
Time: 2025-07-31 15:54:21 - Start: 2025-07-09, End: 2025-07-09, Server: /Pet_Track_revise-3/functions/get-appointments.php?start=2025-07-09&end=2025-07-09
Events found: 0
Handler reached: Array
(
    [owner_name] => janpaul
    [contact_number] => 093925166644
    [appointment_date] => 2025-08-32
    [appointment_time] => 16:12
    [reason] => 125514
)

General error: Failed to parse time string (2025-08-32) at position 9 (2): Unexpected character
Handler started at 2025-08-01 07:22:09
Database connection successful.
Form data received: Array
(
    [owner_name] => janpaul
    [contact_number] => 093925166644
    [appointment_date] => 2025-08-32
    [appointment_time] => 12:34
    [reason] => 124512
)

General error: Failed to parse time string (2025-08-32) at position 9 (2): Unexpected character
Script executed at 2025-08-01 00:34:52
Script executed at 2025-08-01 00:38:08
Database connection successful.
Form data: Array
(
    [owner_name] => janpaul
    [contact_number] => 1251241
    [appointment_date] => 2025-08-32
    [appointment_time] => 15:21:00
    [reason] => sfdgdfgret
)

Script executed at 2025-08-01 00:45:22
Database connection successful.
Form data: Array
(
    [owner_name] => janpaul
    [contact_number] => 09392516664
    [appointment_date] => 2025-08-06
    [appointment_time] => 12:41:00
    [reason] => 12sdddg
)

Time: 2025-08-01 07:45:35 - Start: 2025-08-06, End: 2025-08-06, Server: /Pet_Track_revise-3/functions/get-appointments.php?start=2025-08-06&end=2025-08-06
Count for 2025-08-06: 1
Event: janpaul on 2025-08-06
Events found: 1
Script executed at 2025-08-01 00:46:03
Database connection successful.
Form data: Array
(
    [owner_name] => janpaul
    [contact_number] => 09392516664
    [appointment_date] => 2025-08-06
    [appointment_time] => 14:22:00
    [reason] => Checkup
)

Time: 2025-08-01 07:46:11 - Start: 2025-08-06, End: 2025-08-06, Server: /Pet_Track_revise-3/functions/get-appointments.php?start=2025-08-06&end=2025-08-06
Count for 2025-08-06: 1
Event: janpaul on 2025-08-06
Events found: 1
Time: 2025-08-01 07:53:43 - Start: 2025-08-06, End: 2025-08-06, Server: /Pet_Track_revise-3/functions/get-appointments.php?start=2025-08-06&end=2025-08-06
Count for 2025-08-06: 1
Event: janpaul on 2025-08-06
Events found: 1
Time: 2025-08-01 07:53:52 - Start: 2025-08-06, End: 2025-08-06, Server: /Pet_Track_revise-3/functions/get-appointments.php?start=2025-08-06&end=2025-08-06
Count for 2025-08-06: 1
Event: janpaul on 2025-08-06
Events found: 1
Time: 2025-08-01 07:54:06 - Start: 2025-08-06, End: 2025-08-06, Server: /Pet_Track_revise-3/functions/get-appointments.php?start=2025-08-06&end=2025-08-06
Count for 2025-08-06: 1
Event: janpaul on 2025-08-06
Events found: 1
Time: 2025-08-01 07:58:18 - Start: 2025-08-01, End: 2025-08-31, Server: /Pet_Track_revise-3/functions/get-appointments.php
Count for 2025-08-06: 1
Event: janpaul on 2025-08-06
Events found: 1
Time: 2025-08-01 07:58:20 - Start: 2025-08-01, End: 2025-08-31, Server: /Pet_Track_revise-3/functions/get-appointments.php
Count for 2025-08-06: 1
Event: janpaul on 2025-08-06
Events found: 1
Time: 2025-08-01 07:58:21 - Start: 2025-08-06, End: 2025-08-06, Server: /Pet_Track_revise-3/functions/get-appointments.php?start=2025-08-06&end=2025-08-06
Count for 2025-08-06: 1
Event: janpaul on 2025-08-06
Events found: 1
Time: 2025-08-01 07:58:28 - Start: 2025-08-01, End: 2025-08-31, Server: /Pet_Track_revise-3/functions/get-appointments.php
Count for 2025-08-06: 1
Event: janpaul on 2025-08-06
Events found: 1
Time: 2025-08-01 07:58:47 - Start: 2025-08-01, End: 2025-08-31, Server: /Pet_Track_revise-3/functions/get-appointments.php
Count for 2025-08-06: 1
Event: janpaul on 2025-08-06
Events found: 1
Time: 2025-08-01 08:01:15 - Start: 2025-08-01, End: 2025-08-31, Server: /Pet_Track_revise-3/functions/get-appointments.php
Count for 2025-08-06: 1
Event: janpaul on 2025-08-06 (count: 1)
Events found: 1
Time: 2025-08-01 08:01:16 - Start: 2025-08-01, End: 2025-08-31, Server: /Pet_Track_revise-3/functions/get-appointments.php
Count for 2025-08-06: 1
Event: janpaul on 2025-08-06 (count: 1)
Events found: 1
Time: 2025-08-01 08:01:19 - Start: 2025-08-06, End: 2025-08-06, Server: /Pet_Track_revise-3/functions/get-appointments.php?start=2025-08-06&end=2025-08-06
Count for 2025-08-06: 1
Event: janpaul on 2025-08-06 (count: 1)
Events found: 1
Script executed at 2025-08-01 01:01:39
Database connection successful.
Form data: Array
(
    [owner_name] => janpaul2
    [contact_number] => 093925166642
    [appointment_date] => 2025-08-06
    [appointment_time] => 16:15:00
    [reason] => dfdfd
)

Time: 2025-08-01 08:01:41 - Start: 2025-08-01, End: 2025-08-31, Server: /Pet_Track_revise-3/functions/get-appointments.php
Count for 2025-08-06: 2
Event: janpaul on 2025-08-06 (count: 2)
Event: janpaul2 on 2025-08-06 (count: 2)
Events found: 2
Script executed at 2025-08-01 01:01:52
Database connection successful.
Form data: Array
(
    [owner_name] => Test User
    [contact_number] => 41234121
    [appointment_date] => 2025-08-06
    [appointment_time] => 17:12:00
    [reason] => 125
)

Script executed at 2025-08-01 01:02:00
Database connection successful.
Form data: Array
(
    [owner_name] => janpaul3
    [contact_number] => 142412
    [appointment_date] => 2025-08-06
    [appointment_time] => 15:42:00
    [reason] => 234234
)

Script executed at 2025-08-01 01:02:10
Database connection successful.
Form data: Array
(
    [owner_name] => janpaul5
    [contact_number] => 12312412
    [appointment_date] => 2025-08-06
    [appointment_time] => 14:25:00
    [reason] => 123124
)

Time: 2025-08-01 08:02:11 - Start: 2025-08-01, End: 2025-08-31, Server: /Pet_Track_revise-3/functions/get-appointments.php
Count for 2025-08-06: 5
Event: janpaul on 2025-08-06 (count: 5)
Event: janpaul5 on 2025-08-06 (count: 5)
Event: janpaul3 on 2025-08-06 (count: 5)
Event: janpaul2 on 2025-08-06 (count: 5)
Event: Test User on 2025-08-06 (count: 5)
Events found: 5
Script executed at 2025-08-01 01:02:31
Database connection successful.
Form data: Array
(
    [owner_name] => janpaul4
    [contact_number] => 41234121
    [appointment_date] => 2025-08-06
    [appointment_time] => 14:13:00
    [reason] => 14241a
)

Time: 2025-08-01 08:02:33 - Start: 2025-08-01, End: 2025-08-31, Server: /Pet_Track_revise-3/functions/get-appointments.php
Count for 2025-08-06: 6
Event: janpaul4 on 2025-08-06 (count: 6)
Event: janpaul on 2025-08-06 (count: 6)
Event: janpaul5 on 2025-08-06 (count: 6)
Event: janpaul3 on 2025-08-06 (count: 6)
Event: janpaul2 on 2025-08-06 (count: 6)
Event: Test User on 2025-08-06 (count: 6)
Events found: 6
Time: 2025-08-01 08:02:37 - Start: 2025-08-01, End: 2025-08-31, Server: /Pet_Track_revise-3/functions/get-appointments.php
Count for 2025-08-06: 6
Event: janpaul4 on 2025-08-06 (count: 6)
Event: janpaul on 2025-08-06 (count: 6)
Event: janpaul5 on 2025-08-06 (count: 6)
Event: janpaul3 on 2025-08-06 (count: 6)
Event: janpaul2 on 2025-08-06 (count: 6)
Event: Test User on 2025-08-06 (count: 6)
Events found: 6
Time: 2025-08-01 08:02:38 - Start: 2025-08-01, End: 2025-08-31, Server: /Pet_Track_revise-3/functions/get-appointments.php
Count for 2025-08-06: 6
Event: janpaul4 on 2025-08-06 (count: 6)
Event: janpaul on 2025-08-06 (count: 6)
Event: janpaul5 on 2025-08-06 (count: 6)
Event: janpaul3 on 2025-08-06 (count: 6)
Event: janpaul2 on 2025-08-06 (count: 6)
Event: Test User on 2025-08-06 (count: 6)
Events found: 6
Time: 2025-08-01 08:05:40 - Start: 2025-08-01, End: 2025-08-31, Server: /Pet_Track_revise-3/functions/get-appointments.php
Count for 2025-08-06: 6
Event: janpaul4 on 2025-08-06 (count: 6)
Event: janpaul on 2025-08-06 (count: 6)
Event: janpaul5 on 2025-08-06 (count: 6)
Event: janpaul3 on 2025-08-06 (count: 6)
Event: janpaul2 on 2025-08-06 (count: 6)
Event: Test User on 2025-08-06 (count: 6)
Events found: 6
Time: 2025-08-01 08:06:14 - Start: 2025-08-07, End: 2025-08-07, Server: /Pet_Track_revise-3/functions/get-appointments.php?start=2025-08-07&end=2025-08-07
Events found: 0
Time: 2025-08-01 08:06:15 - Start: 2025-08-01, End: 2025-08-31, Server: /Pet_Track_revise-3/functions/get-appointments.php
Count for 2025-08-06: 6
Event: janpaul4 on 2025-08-06 (count: 6)
Event: janpaul on 2025-08-06 (count: 6)
Event: janpaul5 on 2025-08-06 (count: 6)
Event: janpaul3 on 2025-08-06 (count: 6)
Event: janpaul2 on 2025-08-06 (count: 6)
Event: Test User on 2025-08-06 (count: 6)
Events found: 6
Time: 2025-08-01 08:06:22 - Start: 2025-08-01, End: 2025-08-31, Server: /Pet_Track_revise-3/functions/get-appointments.php
Count for 2025-08-06: 6
Event: janpaul4 on 2025-08-06 (count: 6)
Event: janpaul on 2025-08-06 (count: 6)
Event: janpaul5 on 2025-08-06 (count: 6)
Event: janpaul3 on 2025-08-06 (count: 6)
Event: janpaul2 on 2025-08-06 (count: 6)
Event: Test User on 2025-08-06 (count: 6)
Events found: 6
Time: 2025-08-01 08:06:22 - Start: 2025-08-01, End: 2025-08-31, Server: /Pet_Track_revise-3/functions/get-appointments.php
Count for 2025-08-06: 6
Event: janpaul4 on 2025-08-06 (count: 6)
Event: janpaul on 2025-08-06 (count: 6)
Event: janpaul5 on 2025-08-06 (count: 6)
Event: janpaul3 on 2025-08-06 (count: 6)
Event: janpaul2 on 2025-08-06 (count: 6)
Event: Test User on 2025-08-06 (count: 6)
Events found: 6
Time: 2025-08-01 08:06:23 - Start: 2025-08-01, End: 2025-08-31, Server: /Pet_Track_revise-3/functions/get-appointments.php
Count for 2025-08-06: 6
Event: janpaul4 on 2025-08-06 (count: 6)
Event: janpaul on 2025-08-06 (count: 6)
Event: janpaul5 on 2025-08-06 (count: 6)
Event: janpaul3 on 2025-08-06 (count: 6)
Event: janpaul2 on 2025-08-06 (count: 6)
Event: Test User on 2025-08-06 (count: 6)
Events found: 6
Script executed at 2025-08-01 01:06:54
Database connection successful.
Form data: Array
(
    [owner_name] => Test User231
    [contact_number] => 41234121123
    [appointment_date] => 2025-08-06
    [appointment_time] => 12:33:00
    [reason] => 12412
)

Time: 2025-08-01 08:07:08 - Start: 2025-08-01, End: 2025-08-31, Server: /Pet_Track_revise-3/functions/get-appointments.php
Count for 2025-08-06: 7
Event: Test User231 on 2025-08-06 (count: 7)
Event: janpaul4 on 2025-08-06 (count: 7)
Event: janpaul on 2025-08-06 (count: 7)
Event: janpaul5 on 2025-08-06 (count: 7)
Event: janpaul3 on 2025-08-06 (count: 7)
Event: janpaul2 on 2025-08-06 (count: 7)
Event: Test User on 2025-08-06 (count: 7)
Events found: 7
Time: 2025-08-01 08:07:17 - Start: 2025-08-01, End: 2025-08-31, Server: /Pet_Track_revise-3/functions/get-appointments.php
Count for 2025-08-06: 7
Event: Test User231 on 2025-08-06 (count: 7)
Event: janpaul4 on 2025-08-06 (count: 7)
Event: janpaul on 2025-08-06 (count: 7)
Event: janpaul5 on 2025-08-06 (count: 7)
Event: janpaul3 on 2025-08-06 (count: 7)
Event: janpaul2 on 2025-08-06 (count: 7)
Event: Test User on 2025-08-06 (count: 7)
Events found: 7
Time: 2025-08-02 13:28:18 - Start: 2025-08-01, End: 2025-08-31, Server: /Pet_Track_revise-3/functions/get-appointments.php
Count for 2025-08-06: 7
Event: Test User231 on 2025-08-06 (count: 7)
Event: janpaul4 on 2025-08-06 (count: 7)
Event: janpaul on 2025-08-06 (count: 7)
Event: janpaul5 on 2025-08-06 (count: 7)
Event: janpaul3 on 2025-08-06 (count: 7)
Event: janpaul2 on 2025-08-06 (count: 7)
Event: Test User on 2025-08-06 (count: 7)
Events found: 7
Time: 2025-08-02 13:28:23 - Start: 2025-08-01, End: 2025-08-31, Server: /Pet_Track_revise-3/functions/get-appointments.php
Count for 2025-08-06: 7
Event: Test User231 on 2025-08-06 (count: 7)
Event: janpaul4 on 2025-08-06 (count: 7)
Event: janpaul on 2025-08-06 (count: 7)
Event: janpaul5 on 2025-08-06 (count: 7)
Event: janpaul3 on 2025-08-06 (count: 7)
Event: janpaul2 on 2025-08-06 (count: 7)
Event: Test User on 2025-08-06 (count: 7)
Events found: 7
Time: 2025-08-02 13:28:35 - Start: 2025-08-01, End: 2025-08-31, Server: /Pet_Track_revise-3/functions/get-appointments.php
Count for 2025-08-06: 7
Event: Test User231 on 2025-08-06 (count: 7)
Event: janpaul4 on 2025-08-06 (count: 7)
Event: janpaul on 2025-08-06 (count: 7)
Event: janpaul5 on 2025-08-06 (count: 7)
Event: janpaul3 on 2025-08-06 (count: 7)
Event: janpaul2 on 2025-08-06 (count: 7)
Event: Test User on 2025-08-06 (count: 7)
Events found: 7
Time: 2025-08-02 13:28:35 - Start: 2025-08-01, End: 2025-08-31, Server: /Pet_Track_revise-3/functions/get-appointments.php
Count for 2025-08-06: 7
Event: Test User231 on 2025-08-06 (count: 7)
Event: janpaul4 on 2025-08-06 (count: 7)
Event: janpaul on 2025-08-06 (count: 7)
Event: janpaul5 on 2025-08-06 (count: 7)
Event: janpaul3 on 2025-08-06 (count: 7)
Event: janpaul2 on 2025-08-06 (count: 7)
Event: Test User on 2025-08-06 (count: 7)
Events found: 7
Time: 2025-08-02 13:37:37 - Start: 2025-08-01, End: 2025-08-31, Server: /Pet_Track_revise-3/functions/get-appointments.php
Count for 2025-08-06: 7
Event: Test User231 on 2025-08-06 (count: 7)
Event: janpaul4 on 2025-08-06 (count: 7)
Event: janpaul on 2025-08-06 (count: 7)
Event: janpaul5 on 2025-08-06 (count: 7)
Event: janpaul3 on 2025-08-06 (count: 7)
Event: janpaul2 on 2025-08-06 (count: 7)
Event: Test User on 2025-08-06 (count: 7)
Events found: 7
Time: 2025-08-02 13:37:41 - Start: 2025-08-01, End: 2025-08-31, Server: /Pet_Track_revise-3/functions/get-appointments.php
Count for 2025-08-06: 7
Event: Test User231 on 2025-08-06 (count: 7)
Event: janpaul4 on 2025-08-06 (count: 7)
Event: janpaul on 2025-08-06 (count: 7)
Event: janpaul5 on 2025-08-06 (count: 7)
Event: janpaul3 on 2025-08-06 (count: 7)
Event: janpaul2 on 2025-08-06 (count: 7)
Event: Test User on 2025-08-06 (count: 7)
Events found: 7
Time: 2025-08-02 13:37:43 - Start: 2025-08-01, End: 2025-08-31, Server: /Pet_Track_revise-3/functions/get-appointments.php
Count for 2025-08-06: 7
Event: Test User231 on 2025-08-06 (count: 7)
Event: janpaul4 on 2025-08-06 (count: 7)
Event: janpaul on 2025-08-06 (count: 7)
Event: janpaul5 on 2025-08-06 (count: 7)
Event: janpaul3 on 2025-08-06 (count: 7)
Event: janpaul2 on 2025-08-06 (count: 7)
Event: Test User on 2025-08-06 (count: 7)
Events found: 7
Time: 2025-08-02 13:37:45 - Start: 2025-08-01, End: 2025-08-31, Server: /Pet_Track_revise-3/functions/get-appointments.php
Count for 2025-08-06: 7
Event: Test User231 on 2025-08-06 (count: 7)
Event: janpaul4 on 2025-08-06 (count: 7)
Event: janpaul on 2025-08-06 (count: 7)
Event: janpaul5 on 2025-08-06 (count: 7)
Event: janpaul3 on 2025-08-06 (count: 7)
Event: janpaul2 on 2025-08-06 (count: 7)
Event: Test User on 2025-08-06 (count: 7)
Events found: 7
Time: 2025-08-02 13:39:35 - Start: 2025-08-01, End: 2025-08-31, Server: /Pet_Track_revise-3/functions/get-appointments.php
Count for 2025-08-06: 7
Event: Test User231 on 2025-08-06 (count: 7)
Event: janpaul4 on 2025-08-06 (count: 7)
Event: janpaul on 2025-08-06 (count: 7)
Event: janpaul5 on 2025-08-06 (count: 7)
Event: janpaul3 on 2025-08-06 (count: 7)
Event: janpaul2 on 2025-08-06 (count: 7)
Event: Test User on 2025-08-06 (count: 7)
Events found: 7
Time: 2025-08-02 13:39:36 - Start: 2025-08-01, End: 2025-08-31, Server: /Pet_Track_revise-3/functions/get-appointments.php
Count for 2025-08-06: 7
Event: Test User231 on 2025-08-06 (count: 7)
Event: janpaul4 on 2025-08-06 (count: 7)
Event: janpaul on 2025-08-06 (count: 7)
Event: janpaul5 on 2025-08-06 (count: 7)
Event: janpaul3 on 2025-08-06 (count: 7)
Event: janpaul2 on 2025-08-06 (count: 7)
Event: Test User on 2025-08-06 (count: 7)
Events found: 7
Time: 2025-08-02 13:42:06 - Start: 2025-08-01, End: 2025-08-31, Server: /Pet_Track_revise-3/functions/get-appointments.php
Count for 2025-08-06: 7
Event: Test User231 on 2025-08-06 (count: 7)
Event: janpaul4 on 2025-08-06 (count: 7)
Event: janpaul on 2025-08-06 (count: 7)
Event: janpaul5 on 2025-08-06 (count: 7)
Event: janpaul3 on 2025-08-06 (count: 7)
Event: janpaul2 on 2025-08-06 (count: 7)
Event: Test User on 2025-08-06 (count: 7)
Events found: 7
Time: 2025-08-02 13:42:23 - Start: 2025-08-06, End: 2025-08-06, Server: /Pet_Track_revise-3/functions/get-appointments.php?start=2025-08-06&end=2025-08-06
Count for 2025-08-06: 7
Event: Test User231 on 2025-08-06 (count: 7)
Event: janpaul4 on 2025-08-06 (count: 7)
Event: janpaul on 2025-08-06 (count: 7)
Event: janpaul5 on 2025-08-06 (count: 7)
Event: janpaul3 on 2025-08-06 (count: 7)
Event: janpaul2 on 2025-08-06 (count: 7)
Event: Test User on 2025-08-06 (count: 7)
Events found: 7
Time: 2025-08-02 13:46:35 - Start: 2025-08-01, End: 2025-08-31, Server: /Pet_Track_revise-3/functions/get-appointments.php
Count for 2025-08-06: 7
Event: Test User231 on 2025-08-06 (count: 7)
Event: janpaul4 on 2025-08-06 (count: 7)
Event: janpaul on 2025-08-06 (count: 7)
Event: janpaul5 on 2025-08-06 (count: 7)
Event: janpaul3 on 2025-08-06 (count: 7)
Event: janpaul2 on 2025-08-06 (count: 7)
Event: Test User on 2025-08-06 (count: 7)
Events found: 7
Time: 2025-08-02 13:46:36 - Start: 2025-08-01, End: 2025-08-31, Server: /Pet_Track_revise-3/functions/get-appointments.php?start=2025-08-01&end=2025-08-31
Count for 2025-08-06: 7
Event: Test User231 on 2025-08-06 (count: 7)
Event: janpaul4 on 2025-08-06 (count: 7)
Event: janpaul on 2025-08-06 (count: 7)
Event: janpaul5 on 2025-08-06 (count: 7)
Event: janpaul3 on 2025-08-06 (count: 7)
Event: janpaul2 on 2025-08-06 (count: 7)
Event: Test User on 2025-08-06 (count: 7)
Events found: 7
Time: 2025-08-02 13:46:36 - Start: 2025-08-01, End: 2025-08-31, Server: /Pet_Track_revise-3/functions/get-appointments.php?start=2025-08-01&end=2025-08-31
Count for 2025-08-06: 7
Event: Test User231 on 2025-08-06 (count: 7)
Event: janpaul4 on 2025-08-06 (count: 7)
Event: janpaul on 2025-08-06 (count: 7)
Event: janpaul5 on 2025-08-06 (count: 7)
Event: janpaul3 on 2025-08-06 (count: 7)
Event: janpaul2 on 2025-08-06 (count: 7)
Event: Test User on 2025-08-06 (count: 7)
Events found: 7
Time: 2025-08-02 13:46:44 - Start: 2025-08-01, End: 2025-08-31, Server: /Pet_Track_revise-3/functions/get-appointments.php?start=2025-08-01&end=2025-08-31
Count for 2025-08-06: 7
Event: Test User231 on 2025-08-06 (count: 7)
Event: janpaul4 on 2025-08-06 (count: 7)
Event: janpaul on 2025-08-06 (count: 7)
Event: janpaul5 on 2025-08-06 (count: 7)
Event: janpaul3 on 2025-08-06 (count: 7)
Event: janpaul2 on 2025-08-06 (count: 7)
Event: Test User on 2025-08-06 (count: 7)
Events found: 7
Time: 2025-08-02 13:46:45 - Start: 2025-08-01, End: 2025-08-31, Server: /Pet_Track_revise-3/functions/get-appointments.php?start=2025-08-01&end=2025-08-31
Count for 2025-08-06: 7
Event: Test User231 on 2025-08-06 (count: 7)
Event: janpaul4 on 2025-08-06 (count: 7)
Event: janpaul on 2025-08-06 (count: 7)
Event: janpaul5 on 2025-08-06 (count: 7)
Event: janpaul3 on 2025-08-06 (count: 7)
Event: janpaul2 on 2025-08-06 (count: 7)
Event: Test User on 2025-08-06 (count: 7)
Events found: 7
Time: 2025-08-02 13:46:45 - Start: 2025-08-01, End: 2025-08-31, Server: /Pet_Track_revise-3/functions/get-appointments.php?start=2025-08-01&end=2025-08-31
Count for 2025-08-06: 7
Event: Test User231 on 2025-08-06 (count: 7)
Event: janpaul4 on 2025-08-06 (count: 7)
Event: janpaul on 2025-08-06 (count: 7)
Event: janpaul5 on 2025-08-06 (count: 7)
Event: janpaul3 on 2025-08-06 (count: 7)
Event: janpaul2 on 2025-08-06 (count: 7)
Event: Test User on 2025-08-06 (count: 7)
Events found: 7
Time: 2025-08-02 13:47:14 - Start: 2025-08-01, End: 2025-08-31, Server: /Pet_Track_revise-3/functions/get-appointments.php?start=2025-08-01&end=2025-08-31
Count for 2025-08-06: 7
Event: Test User231 on 2025-08-06 (count: 7)
Event: janpaul4 on 2025-08-06 (count: 7)
Event: janpaul on 2025-08-06 (count: 7)
Event: janpaul5 on 2025-08-06 (count: 7)
Event: janpaul3 on 2025-08-06 (count: 7)
Event: janpaul2 on 2025-08-06 (count: 7)
Event: Test User on 2025-08-06 (count: 7)
Events found: 7
Time: 2025-08-02 13:47:15 - Start: 2025-08-01, End: 2025-08-31, Server: /Pet_Track_revise-3/functions/get-appointments.php?start=2025-08-01&end=2025-08-31
Count for 2025-08-06: 7
Event: Test User231 on 2025-08-06 (count: 7)
Event: janpaul4 on 2025-08-06 (count: 7)
Event: janpaul on 2025-08-06 (count: 7)
Event: janpaul5 on 2025-08-06 (count: 7)
Event: janpaul3 on 2025-08-06 (count: 7)
Event: janpaul2 on 2025-08-06 (count: 7)
Event: Test User on 2025-08-06 (count: 7)
Events found: 7
Time: 2025-08-02 13:47:26 - Start: 2025-08-01, End: 2025-08-31, Server: /Pet_Track_revise-3/functions/get-appointments.php?start=2025-08-01&end=2025-08-31
Count for 2025-08-06: 7
Event: Test User231 on 2025-08-06 (count: 7)
Event: janpaul4 on 2025-08-06 (count: 7)
Event: janpaul on 2025-08-06 (count: 7)
Event: janpaul5 on 2025-08-06 (count: 7)
Event: janpaul3 on 2025-08-06 (count: 7)
Event: janpaul2 on 2025-08-06 (count: 7)
Event: Test User on 2025-08-06 (count: 7)
Events found: 7
Time: 2025-08-02 13:47:26 - Start: 2025-08-01, End: 2025-08-31, Server: /Pet_Track_revise-3/functions/get-appointments.php?start=2025-08-01&end=2025-08-31
Count for 2025-08-06: 7
Event: Test User231 on 2025-08-06 (count: 7)
Event: janpaul4 on 2025-08-06 (count: 7)
Event: janpaul on 2025-08-06 (count: 7)
Event: janpaul5 on 2025-08-06 (count: 7)
Event: janpaul3 on 2025-08-06 (count: 7)
Event: janpaul2 on 2025-08-06 (count: 7)
Event: Test User on 2025-08-06 (count: 7)
Events found: 7
Time: 2025-08-02 13:47:27 - Start: 2025-08-01, End: 2025-08-31, Server: /Pet_Track_revise-3/functions/get-appointments.php?start=2025-08-01&end=2025-08-31
Count for 2025-08-06: 7
Event: Test User231 on 2025-08-06 (count: 7)
Event: janpaul4 on 2025-08-06 (count: 7)
Event: janpaul on 2025-08-06 (count: 7)
Event: janpaul5 on 2025-08-06 (count: 7)
Event: janpaul3 on 2025-08-06 (count: 7)
Event: janpaul2 on 2025-08-06 (count: 7)
Event: Test User on 2025-08-06 (count: 7)
Events found: 7
Time: 2025-08-02 13:47:54 - Start: 2025-08-01, End: 2025-08-31, Server: /Pet_Track_revise-3/functions/get-appointments.php?start=2025-08-01&end=2025-08-31
Count for 2025-08-06: 7
Event: Test User231 on 2025-08-06 (count: 7)
Event: janpaul4 on 2025-08-06 (count: 7)
Event: janpaul on 2025-08-06 (count: 7)
Event: janpaul5 on 2025-08-06 (count: 7)
Event: janpaul3 on 2025-08-06 (count: 7)
Event: janpaul2 on 2025-08-06 (count: 7)
Event: Test User on 2025-08-06 (count: 7)
Events found: 7
Time: 2025-08-02 13:47:55 - Start: 2025-08-01, End: 2025-08-31, Server: /Pet_Track_revise-3/functions/get-appointments.php?start=2025-08-01&end=2025-08-31
Count for 2025-08-06: 7
Event: Test User231 on 2025-08-06 (count: 7)
Event: janpaul4 on 2025-08-06 (count: 7)
Event: janpaul on 2025-08-06 (count: 7)
Event: janpaul5 on 2025-08-06 (count: 7)
Event: janpaul3 on 2025-08-06 (count: 7)
Event: janpaul2 on 2025-08-06 (count: 7)
Event: Test User on 2025-08-06 (count: 7)
Events found: 7
Time: 2025-08-02 13:48:43 - Start: 2025-08-01, End: 2025-08-31, Server: /Pet_Track_revise-3/functions/get-appointments.php?start=2025-08-01&end=2025-08-31
Count for 2025-08-06: 7
Event: Test User231 on 2025-08-06 (count: 7)
Event: janpaul4 on 2025-08-06 (count: 7)
Event: janpaul on 2025-08-06 (count: 7)
Event: janpaul5 on 2025-08-06 (count: 7)
Event: janpaul3 on 2025-08-06 (count: 7)
Event: janpaul2 on 2025-08-06 (count: 7)
Event: Test User on 2025-08-06 (count: 7)
Events found: 7
Time: 2025-08-02 13:48:44 - Start: 2025-08-01, End: 2025-08-31, Server: /Pet_Track_revise-3/functions/get-appointments.php?start=2025-08-01&end=2025-08-31
Count for 2025-08-06: 7
Event: Test User231 on 2025-08-06 (count: 7)
Event: janpaul4 on 2025-08-06 (count: 7)
Event: janpaul on 2025-08-06 (count: 7)
Event: janpaul5 on 2025-08-06 (count: 7)
Event: janpaul3 on 2025-08-06 (count: 7)
Event: janpaul2 on 2025-08-06 (count: 7)
Event: Test User on 2025-08-06 (count: 7)
Events found: 7
Time: 2025-08-02 13:49:19 - Start: 2025-08-01, End: 2025-08-31, Server: /Pet_Track_revise-3/functions/get-appointments.php?start=2025-08-01&end=2025-08-31
Count for 2025-08-06: 7
Event: Test User231 on 2025-08-06 (count: 7)
Event: janpaul4 on 2025-08-06 (count: 7)
Event: janpaul on 2025-08-06 (count: 7)
Event: janpaul5 on 2025-08-06 (count: 7)
Event: janpaul3 on 2025-08-06 (count: 7)
Event: janpaul2 on 2025-08-06 (count: 7)
Event: Test User on 2025-08-06 (count: 7)
Events found: 7
Time: 2025-08-02 13:49:20 - Start: 2025-08-01, End: 2025-08-31, Server: /Pet_Track_revise-3/functions/get-appointments.php?start=2025-08-01&end=2025-08-31
Count for 2025-08-06: 7
Event: Test User231 on 2025-08-06 (count: 7)
Event: janpaul4 on 2025-08-06 (count: 7)
Event: janpaul on 2025-08-06 (count: 7)
Event: janpaul5 on 2025-08-06 (count: 7)
Event: janpaul3 on 2025-08-06 (count: 7)
Event: janpaul2 on 2025-08-06 (count: 7)
Event: Test User on 2025-08-06 (count: 7)
Events found: 7
Time: 2025-08-02 13:50:45 - Start: 2025-08-01, End: 2025-08-31, Server: /Pet_Track_revise-3/functions/get-appointments.php?start=2025-08-01&end=2025-08-31
Count for 2025-08-06: 7
Event: Test User231 on 2025-08-06 (count: 7)
Event: janpaul4 on 2025-08-06 (count: 7)
Event: janpaul on 2025-08-06 (count: 7)
Event: janpaul5 on 2025-08-06 (count: 7)
Event: janpaul3 on 2025-08-06 (count: 7)
Event: janpaul2 on 2025-08-06 (count: 7)
Event: Test User on 2025-08-06 (count: 7)
Events found: 7
Time: 2025-08-02 13:51:06 - Start: 2025-08-01, End: 2025-08-31, Server: /Pet_Track_revise-3/functions/get-appointments.php?start=2025-08-01&end=2025-08-31
Count for 2025-08-06: 7
Event: Test User231 on 2025-08-06 (count: 7)
Event: janpaul4 on 2025-08-06 (count: 7)
Event: janpaul on 2025-08-06 (count: 7)
Event: janpaul5 on 2025-08-06 (count: 7)
Event: janpaul3 on 2025-08-06 (count: 7)
Event: janpaul2 on 2025-08-06 (count: 7)
Event: Test User on 2025-08-06 (count: 7)
Events found: 7
Time: 2025-08-02 13:52:14 - Start: 2025-08-01, End: 2025-08-31, Server: /Pet_Track_revise-3/functions/get-appointments.php
Count for 2025-08-06: 7
Event: Test User231 on 2025-08-06 (count: 7)
Event: janpaul4 on 2025-08-06 (count: 7)
Event: janpaul on 2025-08-06 (count: 7)
Event: janpaul5 on 2025-08-06 (count: 7)
Event: janpaul3 on 2025-08-06 (count: 7)
Event: janpaul2 on 2025-08-06 (count: 7)
Event: Test User on 2025-08-06 (count: 7)
Events found: 7
Time: 2025-08-02 13:53:11 - Start: 2025-08-01, End: 2025-08-31, Server: /Pet_Track_revise-3/functions/get-appointments.php?start=2025-08-01&end=2025-08-31
Count for 2025-08-06: 7
Event: Test User231 on 2025-08-06 (count: 7)
Event: janpaul4 on 2025-08-06 (count: 7)
Event: janpaul on 2025-08-06 (count: 7)
Event: janpaul5 on 2025-08-06 (count: 7)
Event: janpaul3 on 2025-08-06 (count: 7)
Event: janpaul2 on 2025-08-06 (count: 7)
Event: Test User on 2025-08-06 (count: 7)
Events found: 7
Time: 2025-08-02 13:53:11 - Start: 2025-08-01, End: 2025-08-31, Server: /Pet_Track_revise-3/functions/get-appointments.php?start=2025-08-01&end=2025-08-31
Count for 2025-08-06: 7
Event: Test User231 on 2025-08-06 (count: 7)
Event: janpaul4 on 2025-08-06 (count: 7)
Event: janpaul on 2025-08-06 (count: 7)
Event: janpaul5 on 2025-08-06 (count: 7)
Event: janpaul3 on 2025-08-06 (count: 7)
Event: janpaul2 on 2025-08-06 (count: 7)
Event: Test User on 2025-08-06 (count: 7)
Events found: 7
Time: 2025-08-02 13:53:32 - Start: 2025-08-01, End: 2025-08-31, Server: /Pet_Track_revise-3/functions/get-appointments.php?start=2025-08-01&end=2025-08-31
Count for 2025-08-06: 7
Event: Test User231 on 2025-08-06 (count: 7)
Event: janpaul4 on 2025-08-06 (count: 7)
Event: janpaul on 2025-08-06 (count: 7)
Event: janpaul5 on 2025-08-06 (count: 7)
Event: janpaul3 on 2025-08-06 (count: 7)
Event: janpaul2 on 2025-08-06 (count: 7)
Event: Test User on 2025-08-06 (count: 7)
Events found: 7
Time: 2025-08-02 14:10:38 - Start: 2025-08-01, End: 2025-08-31, Server: /Pet_Track_revise-3/functions/get-appointments.php?start=2025-08-01&end=2025-08-31
Count for 2025-08-06: 7
Event: Test User231 on 2025-08-06 (count: 7)
Event: janpaul4 on 2025-08-06 (count: 7)
Event: janpaul on 2025-08-06 (count: 7)
Event: janpaul5 on 2025-08-06 (count: 7)
Event: janpaul3 on 2025-08-06 (count: 7)
Event: janpaul2 on 2025-08-06 (count: 7)
Event: Test User on 2025-08-06 (count: 7)
Events found: 7
Time: 2025-08-02 14:16:34 - Start: 2025-08-01, End: 2025-08-31, Server: /Pet_Track_revise-3/functions/get-appointments.php?start=2025-08-01&end=2025-08-31
Count for 2025-08-06: 7
Event: Test User231 on 2025-08-06 (count: 7)
Event: janpaul4 on 2025-08-06 (count: 7)
Event: janpaul on 2025-08-06 (count: 7)
Event: janpaul5 on 2025-08-06 (count: 7)
Event: janpaul3 on 2025-08-06 (count: 7)
Event: janpaul2 on 2025-08-06 (count: 7)
Event: Test User on 2025-08-06 (count: 7)
Events found: 7
Time: 2025-08-02 14:17:27 - Start: 2025-08-01, End: 2025-08-31, Server: /Pet_Track_revise-3/functions/get-appointments.php?start=2025-08-01&end=2025-08-31
Count for 2025-08-06: 7
Event: Test User231 on 2025-08-06 (count: 7)
Event: janpaul4 on 2025-08-06 (count: 7)
Event: janpaul on 2025-08-06 (count: 7)
Event: janpaul5 on 2025-08-06 (count: 7)
Event: janpaul3 on 2025-08-06 (count: 7)
Event: janpaul2 on 2025-08-06 (count: 7)
Event: Test User on 2025-08-06 (count: 7)
Events found: 7
Time: 2025-08-02 14:18:03 - Start: 2025-08-01, End: 2025-08-31, Server: /Pet_Track_revise-3/functions/get-appointments.php?start=2025-08-01&end=2025-08-31
Count for 2025-08-06: 7
Event: Test User231 on 2025-08-06 (count: 7)
Event: janpaul4 on 2025-08-06 (count: 7)
Event: janpaul on 2025-08-06 (count: 7)
Event: janpaul5 on 2025-08-06 (count: 7)
Event: janpaul3 on 2025-08-06 (count: 7)
Event: janpaul2 on 2025-08-06 (count: 7)
Event: Test User on 2025-08-06 (count: 7)
Events found: 7
Time: 2025-08-02 14:18:10 - Start: 2025-08-01, End: 2025-08-31, Server: /Pet_Track_revise-3/functions/get-appointments.php?start=2025-08-01&end=2025-08-31
Count for 2025-08-06: 7
Event: Test User231 on 2025-08-06 (count: 7)
Event: janpaul4 on 2025-08-06 (count: 7)
Event: janpaul on 2025-08-06 (count: 7)
Event: janpaul5 on 2025-08-06 (count: 7)
Event: janpaul3 on 2025-08-06 (count: 7)
Event: janpaul2 on 2025-08-06 (count: 7)
Event: Test User on 2025-08-06 (count: 7)
Events found: 7
Time: 2025-08-02 14:18:13 - Start: 2025-08-01, End: 2025-08-31, Server: /Pet_Track_revise-3/functions/get-appointments.php?start=2025-08-01&end=2025-08-31
Count for 2025-08-06: 7
Event: Test User231 on 2025-08-06 (count: 7)
Event: janpaul4 on 2025-08-06 (count: 7)
Event: janpaul on 2025-08-06 (count: 7)
Event: janpaul5 on 2025-08-06 (count: 7)
Event: janpaul3 on 2025-08-06 (count: 7)
Event: janpaul2 on 2025-08-06 (count: 7)
Event: Test User on 2025-08-06 (count: 7)
Events found: 7
Time: 2025-08-02 14:31:53 - Start: 2025-08-01, End: 2025-08-31, Server: /Pet_Track_revise-3/functions/get-appointments.php?start=2025-08-01&end=2025-08-31
Count for 2025-08-06: 7
Event: Test User231 on 2025-08-06 (count: 7)
Event: janpaul4 on 2025-08-06 (count: 7)
Event: janpaul on 2025-08-06 (count: 7)
Event: janpaul5 on 2025-08-06 (count: 7)
Event: janpaul3 on 2025-08-06 (count: 7)
Event: janpaul2 on 2025-08-06 (count: 7)
Event: Test User on 2025-08-06 (count: 7)
Events found: 7
Time: 2025-08-02 14:34:33 - Start: 2025-08-01, End: 2025-08-31, Server: /Pet_Track_revise-3/functions/get-appointments.php
Count for 2025-08-06: 7
Event: Test User231 on 2025-08-06 (count: 7)
Event: janpaul4 on 2025-08-06 (count: 7)
Event: janpaul on 2025-08-06 (count: 7)
Event: janpaul5 on 2025-08-06 (count: 7)
Event: janpaul3 on 2025-08-06 (count: 7)
Event: janpaul2 on 2025-08-06 (count: 7)
Event: Test User on 2025-08-06 (count: 7)
Events found: 7
Time: 2025-08-02 14:34:35 - Start: 2025-08-01, End: 2025-08-31, Server: /Pet_Track_revise-3/functions/get-appointments.php?start=2025-08-01&end=2025-08-31
Count for 2025-08-06: 7
Event: Test User231 on 2025-08-06 (count: 7)
Event: janpaul4 on 2025-08-06 (count: 7)
Event: janpaul on 2025-08-06 (count: 7)
Event: janpaul5 on 2025-08-06 (count: 7)
Event: janpaul3 on 2025-08-06 (count: 7)
Event: janpaul2 on 2025-08-06 (count: 7)
Event: Test User on 2025-08-06 (count: 7)
Events found: 7
Time: 2025-08-02 14:38:00 - Start: 2025-08-01, End: 2025-08-31, Server: /Pet_Track_revise-3/functions/get-appointments.php?start=2025-08-01&end=2025-08-31
Count for 2025-08-06: 7
Event: Test User231 on 2025-08-06 (count: 7)
Event: janpaul4 on 2025-08-06 (count: 7)
Event: janpaul on 2025-08-06 (count: 7)
Event: janpaul5 on 2025-08-06 (count: 7)
Event: janpaul3 on 2025-08-06 (count: 7)
Event: janpaul2 on 2025-08-06 (count: 7)
Event: Test User on 2025-08-06 (count: 7)
Events found: 7
Time: 2025-08-02 14:38:03 - Start: 2025-08-01, End: 2025-08-31, Server: /Pet_Track_revise-3/functions/get-appointments.php?start=2025-08-01&end=2025-08-31
Count for 2025-08-06: 7
Event: Test User231 on 2025-08-06 (count: 7)
Event: janpaul4 on 2025-08-06 (count: 7)
Event: janpaul on 2025-08-06 (count: 7)
Event: janpaul5 on 2025-08-06 (count: 7)
Event: janpaul3 on 2025-08-06 (count: 7)
Event: janpaul2 on 2025-08-06 (count: 7)
Event: Test User on 2025-08-06 (count: 7)
Events found: 7
Time: 2025-08-02 14:38:37 - Start: 2025-08-01, End: 2025-08-31, Server: /Pet_Track_revise-3/functions/get-appointments.php?start=2025-08-01&end=2025-08-31
Count for 2025-08-06: 7
Event: Test User231 on 2025-08-06 (count: 7)
Event: janpaul4 on 2025-08-06 (count: 7)
Event: janpaul on 2025-08-06 (count: 7)
Event: janpaul5 on 2025-08-06 (count: 7)
Event: janpaul3 on 2025-08-06 (count: 7)
Event: janpaul2 on 2025-08-06 (count: 7)
Event: Test User on 2025-08-06 (count: 7)
Events found: 7
Time: 2025-08-02 14:39:14 - Start: 2025-08-01, End: 2025-08-31, Server: /Pet_Track_revise-3/functions/get-appointments.php?start=2025-08-01&end=2025-08-31
Count for 2025-08-06: 7
Event: Test User231 on 2025-08-06 (count: 7)
Event: janpaul4 on 2025-08-06 (count: 7)
Event: janpaul on 2025-08-06 (count: 7)
Event: janpaul5 on 2025-08-06 (count: 7)
Event: janpaul3 on 2025-08-06 (count: 7)
Event: janpaul2 on 2025-08-06 (count: 7)
Event: Test User on 2025-08-06 (count: 7)
Events found: 7
Time: 2025-08-02 14:39:42 - Start: 2025-08-01, End: 2025-08-31, Server: /Pet_Track_revise-3/functions/get-appointments.php?start=2025-08-01&end=2025-08-31
Count for 2025-08-06: 7
Event: Test User231 on 2025-08-06 (count: 7)
Event: janpaul4 on 2025-08-06 (count: 7)
Event: janpaul on 2025-08-06 (count: 7)
Event: janpaul5 on 2025-08-06 (count: 7)
Event: janpaul3 on 2025-08-06 (count: 7)
Event: janpaul2 on 2025-08-06 (count: 7)
Event: Test User on 2025-08-06 (count: 7)
Events found: 7
Time: 2025-08-02 14:39:43 - Start: 2025-08-01, End: 2025-08-31, Server: /Pet_Track_revise-3/functions/get-appointments.php?start=2025-08-01&end=2025-08-31
Count for 2025-08-06: 7
Event: Test User231 on 2025-08-06 (count: 7)
Event: janpaul4 on 2025-08-06 (count: 7)
Event: janpaul on 2025-08-06 (count: 7)
Event: janpaul5 on 2025-08-06 (count: 7)
Event: janpaul3 on 2025-08-06 (count: 7)
Event: janpaul2 on 2025-08-06 (count: 7)
Event: Test User on 2025-08-06 (count: 7)
Events found: 7
Time: 2025-08-02 14:39:47 - Start: 2025-08-01, End: 2025-08-31, Server: /Pet_Track_revise-3/functions/get-appointments.php?start=2025-08-01&end=2025-08-31
Count for 2025-08-06: 7
Event: Test User231 on 2025-08-06 (count: 7)
Event: janpaul4 on 2025-08-06 (count: 7)
Event: janpaul on 2025-08-06 (count: 7)
Event: janpaul5 on 2025-08-06 (count: 7)
Event: janpaul3 on 2025-08-06 (count: 7)
Event: janpaul2 on 2025-08-06 (count: 7)
Event: Test User on 2025-08-06 (count: 7)
Events found: 7
Time: 2025-08-02 14:39:57 - Start: 2025-08-01, End: 2025-08-31, Server: /Pet_Track_revise-3/functions/get-appointments.php?start=2025-08-01&end=2025-08-31
Count for 2025-08-06: 7
Event: Test User231 on 2025-08-06 (count: 7)
Event: janpaul4 on 2025-08-06 (count: 7)
Event: janpaul on 2025-08-06 (count: 7)
Event: janpaul5 on 2025-08-06 (count: 7)
Event: janpaul3 on 2025-08-06 (count: 7)
Event: janpaul2 on 2025-08-06 (count: 7)
Event: Test User on 2025-08-06 (count: 7)
Events found: 7
Time: 2025-08-02 14:40:06 - Start: 2025-08-01, End: 2025-08-31, Server: /Pet_Track_revise-3/functions/get-appointments.php?start=2025-08-01&end=2025-08-31
Count for 2025-08-06: 7
Event: Test User231 on 2025-08-06 (count: 7)
Event: janpaul4 on 2025-08-06 (count: 7)
Event: janpaul on 2025-08-06 (count: 7)
Event: janpaul5 on 2025-08-06 (count: 7)
Event: janpaul3 on 2025-08-06 (count: 7)
Event: janpaul2 on 2025-08-06 (count: 7)
Event: Test User on 2025-08-06 (count: 7)
Events found: 7
Time: 2025-08-02 14:40:10 - Start: 2025-08-01, End: 2025-08-31, Server: /Pet_Track_revise-3/functions/get-appointments.php?start=2025-08-01&end=2025-08-31
Count for 2025-08-06: 7
Event: Test User231 on 2025-08-06 (count: 7)
Event: janpaul4 on 2025-08-06 (count: 7)
Event: janpaul on 2025-08-06 (count: 7)
Event: janpaul5 on 2025-08-06 (count: 7)
Event: janpaul3 on 2025-08-06 (count: 7)
Event: janpaul2 on 2025-08-06 (count: 7)
Event: Test User on 2025-08-06 (count: 7)
Events found: 7
Time: 2025-08-02 14:40:15 - Start: 2025-08-01, End: 2025-08-31, Server: /Pet_Track_revise-3/functions/get-appointments.php?start=2025-08-01&end=2025-08-31
Count for 2025-08-06: 7
Event: Test User231 on 2025-08-06 (count: 7)
Event: janpaul4 on 2025-08-06 (count: 7)
Event: janpaul on 2025-08-06 (count: 7)
Event: janpaul5 on 2025-08-06 (count: 7)
Event: janpaul3 on 2025-08-06 (count: 7)
Event: janpaul2 on 2025-08-06 (count: 7)
Event: Test User on 2025-08-06 (count: 7)
Events found: 7
Time: 2025-08-02 14:40:18 - Start: 2025-08-01, End: 2025-08-31, Server: /Pet_Track_revise-3/functions/get-appointments.php?start=2025-08-01&end=2025-08-31
Count for 2025-08-06: 7
Event: Test User231 on 2025-08-06 (count: 7)
Event: janpaul4 on 2025-08-06 (count: 7)
Event: janpaul on 2025-08-06 (count: 7)
Event: janpaul5 on 2025-08-06 (count: 7)
Event: janpaul3 on 2025-08-06 (count: 7)
Event: janpaul2 on 2025-08-06 (count: 7)
Event: Test User on 2025-08-06 (count: 7)
Events found: 7
Time: 2025-08-02 14:40:21 - Start: 2025-08-01, End: 2025-08-31, Server: /Pet_Track_revise-3/functions/get-appointments.php?start=2025-08-01&end=2025-08-31
Count for 2025-08-06: 7
Event: Test User231 on 2025-08-06 (count: 7)
Event: janpaul4 on 2025-08-06 (count: 7)
Event: janpaul on 2025-08-06 (count: 7)
Event: janpaul5 on 2025-08-06 (count: 7)
Event: janpaul3 on 2025-08-06 (count: 7)
Event: janpaul2 on 2025-08-06 (count: 7)
Event: Test User on 2025-08-06 (count: 7)
Events found: 7
Time: 2025-08-02 14:40:48 - Start: 2025-08-01, End: 2025-08-31, Server: /Pet_Track_revise-3/functions/get-appointments.php?start=2025-08-01&end=2025-08-31
Count for 2025-08-06: 7
Event: Test User231 on 2025-08-06 (count: 7)
Event: janpaul4 on 2025-08-06 (count: 7)
Event: janpaul on 2025-08-06 (count: 7)
Event: janpaul5 on 2025-08-06 (count: 7)
Event: janpaul3 on 2025-08-06 (count: 7)
Event: janpaul2 on 2025-08-06 (count: 7)
Event: Test User on 2025-08-06 (count: 7)
Events found: 7
Time: 2025-08-02 14:41:38 - Start: 2025-08-01, End: 2025-08-31, Server: /Pet_Track_revise-3/functions/get-appointments.php?start=2025-08-01&end=2025-08-31
Count for 2025-08-06: 7
Event: Test User231 on 2025-08-06 (count: 7)
Event: janpaul4 on 2025-08-06 (count: 7)
Event: janpaul on 2025-08-06 (count: 7)
Event: janpaul5 on 2025-08-06 (count: 7)
Event: janpaul3 on 2025-08-06 (count: 7)
Event: janpaul2 on 2025-08-06 (count: 7)
Event: Test User on 2025-08-06 (count: 7)
Events found: 7
Time: 2025-08-02 14:41:39 - Start: 2025-08-01, End: 2025-08-31, Server: /Pet_Track_revise-3/functions/get-appointments.php?start=2025-08-01&end=2025-08-31
Count for 2025-08-06: 7
Event: Test User231 on 2025-08-06 (count: 7)
Event: janpaul4 on 2025-08-06 (count: 7)
Event: janpaul on 2025-08-06 (count: 7)
Event: janpaul5 on 2025-08-06 (count: 7)
Event: janpaul3 on 2025-08-06 (count: 7)
Event: janpaul2 on 2025-08-06 (count: 7)
Event: Test User on 2025-08-06 (count: 7)
Events found: 7
Time: 2025-08-02 14:41:56 - Start: 2025-08-01, End: 2025-08-31, Server: /Pet_Track_revise-3/functions/get-appointments.php?start=2025-08-01&end=2025-08-31
Count for 2025-08-06: 7
Event: Test User231 on 2025-08-06 (count: 7)
Event: janpaul4 on 2025-08-06 (count: 7)
Event: janpaul on 2025-08-06 (count: 7)
Event: janpaul5 on 2025-08-06 (count: 7)
Event: janpaul3 on 2025-08-06 (count: 7)
Event: janpaul2 on 2025-08-06 (count: 7)
Event: Test User on 2025-08-06 (count: 7)
Events found: 7
Time: 2025-08-02 14:42:01 - Start: 2025-08-01, End: 2025-08-31, Server: /Pet_Track_revise-3/functions/get-appointments.php?start=2025-08-01&end=2025-08-31
Count for 2025-08-06: 7
Event: Test User231 on 2025-08-06 (count: 7)
Event: janpaul4 on 2025-08-06 (count: 7)
Event: janpaul on 2025-08-06 (count: 7)
Event: janpaul5 on 2025-08-06 (count: 7)
Event: janpaul3 on 2025-08-06 (count: 7)
Event: janpaul2 on 2025-08-06 (count: 7)
Event: Test User on 2025-08-06 (count: 7)
Events found: 7
Time: 2025-08-02 14:42:04 - Start: 2025-08-01, End: 2025-08-31, Server: /Pet_Track_revise-3/functions/get-appointments.php?start=2025-08-01&end=2025-08-31
Count for 2025-08-06: 7
Event: Test User231 on 2025-08-06 (count: 7)
Event: janpaul4 on 2025-08-06 (count: 7)
Event: janpaul on 2025-08-06 (count: 7)
Event: janpaul5 on 2025-08-06 (count: 7)
Event: janpaul3 on 2025-08-06 (count: 7)
Event: janpaul2 on 2025-08-06 (count: 7)
Event: Test User on 2025-08-06 (count: 7)
Events found: 7
Time: 2025-08-02 14:42:05 - Start: 2025-08-01, End: 2025-08-31, Server: /Pet_Track_revise-3/functions/get-appointments.php?start=2025-08-01&end=2025-08-31
Count for 2025-08-06: 7
Event: Test User231 on 2025-08-06 (count: 7)
Event: janpaul4 on 2025-08-06 (count: 7)
Event: janpaul on 2025-08-06 (count: 7)
Event: janpaul5 on 2025-08-06 (count: 7)
Event: janpaul3 on 2025-08-06 (count: 7)
Event: janpaul2 on 2025-08-06 (count: 7)
Event: Test User on 2025-08-06 (count: 7)
Events found: 7
Time: 2025-08-02 14:45:57 - Start: 2025-08-01, End: 2025-08-31, Server: /Pet_Track_revise-3/functions/get-appointments.php?start=2025-08-01&end=2025-08-31
Count for 2025-08-06: 7
Event: Test User231 on 2025-08-06 (count: 7)
Event: janpaul4 on 2025-08-06 (count: 7)
Event: janpaul on 2025-08-06 (count: 7)
Event: janpaul5 on 2025-08-06 (count: 7)
Event: janpaul3 on 2025-08-06 (count: 7)
Event: janpaul2 on 2025-08-06 (count: 7)
Event: Test User on 2025-08-06 (count: 7)
Events found: 7
Time: 2025-08-02 14:47:15 - Start: 2025-08-01, End: 2025-08-31, Server: /Pet_Track_revise-3/functions/get-appointments.php?start=2025-08-01&end=2025-08-31
Count for 2025-08-06: 7
Event: Test User231 on 2025-08-06 (count: 7)
Event: janpaul4 on 2025-08-06 (count: 7)
Event: janpaul on 2025-08-06 (count: 7)
Event: janpaul5 on 2025-08-06 (count: 7)
Event: janpaul3 on 2025-08-06 (count: 7)
Event: janpaul2 on 2025-08-06 (count: 7)
Event: Test User on 2025-08-06 (count: 7)
Events found: 7
Time: 2025-08-02 14:47:18 - Start: 2025-08-01, End: 2025-08-31, Server: /Pet_Track_revise-3/functions/get-appointments.php?start=2025-08-01&end=2025-08-31
Count for 2025-08-06: 7
Event: Test User231 on 2025-08-06 (count: 7)
Event: janpaul4 on 2025-08-06 (count: 7)
Event: janpaul on 2025-08-06 (count: 7)
Event: janpaul5 on 2025-08-06 (count: 7)
Event: janpaul3 on 2025-08-06 (count: 7)
Event: janpaul2 on 2025-08-06 (count: 7)
Event: Test User on 2025-08-06 (count: 7)
Events found: 7
Time: 2025-08-02 14:47:22 - Start: 2025-08-01, End: 2025-08-31, Server: /Pet_Track_revise-3/functions/get-appointments.php
Count for 2025-08-06: 7
Event: Test User231 on 2025-08-06 (count: 7)
Event: janpaul4 on 2025-08-06 (count: 7)
Event: janpaul on 2025-08-06 (count: 7)
Event: janpaul5 on 2025-08-06 (count: 7)
Event: janpaul3 on 2025-08-06 (count: 7)
Event: janpaul2 on 2025-08-06 (count: 7)
Event: Test User on 2025-08-06 (count: 7)
Events found: 7
Time: 2025-08-02 14:48:06 - Start: 2025-08-01, End: 2025-08-31, Server: /Pet_Track_revise-3/functions/get-appointments.php
Count for 2025-08-06: 7
Event: Test User231 on 2025-08-06 (count: 7)
Event: janpaul4 on 2025-08-06 (count: 7)
Event: janpaul on 2025-08-06 (count: 7)
Event: janpaul5 on 2025-08-06 (count: 7)
Event: janpaul3 on 2025-08-06 (count: 7)
Event: janpaul2 on 2025-08-06 (count: 7)
Event: Test User on 2025-08-06 (count: 7)
Events found: 7
Time: 2025-08-02 14:55:14 - Start: 2025-08-01, End: 2025-08-31, Server: /Pet_Track_revise-3/functions/get-appointments.php
Count for 2025-08-06: 7
Event: Test User231 on 2025-08-06 (count: 7)
Event: janpaul4 on 2025-08-06 (count: 7)
Event: janpaul on 2025-08-06 (count: 7)
Event: janpaul5 on 2025-08-06 (count: 7)
Event: janpaul3 on 2025-08-06 (count: 7)
Event: janpaul2 on 2025-08-06 (count: 7)
Event: Test User on 2025-08-06 (count: 7)
Events found: 7
Time: 2025-08-02 14:55:22 - Start: 2025-08-01, End: 2025-08-31, Server: /Pet_Track_revise-3/functions/get-appointments.php
Count for 2025-08-06: 7
Event: Test User231 on 2025-08-06 (count: 7)
Event: janpaul4 on 2025-08-06 (count: 7)
Event: janpaul on 2025-08-06 (count: 7)
Event: janpaul5 on 2025-08-06 (count: 7)
Event: janpaul3 on 2025-08-06 (count: 7)
Event: janpaul2 on 2025-08-06 (count: 7)
Event: Test User on 2025-08-06 (count: 7)
Events found: 7
Time: 2025-08-02 14:55:26 - Start: 2025-08-01, End: 2025-08-31, Server: /Pet_Track_revise-3/functions/get-appointments.php
Count for 2025-08-06: 7
Event: Test User231 on 2025-08-06 (count: 7)
Event: janpaul4 on 2025-08-06 (count: 7)
Event: janpaul on 2025-08-06 (count: 7)
Event: janpaul5 on 2025-08-06 (count: 7)
Event: janpaul3 on 2025-08-06 (count: 7)
Event: janpaul2 on 2025-08-06 (count: 7)
Event: Test User on 2025-08-06 (count: 7)
Events found: 7
Time: 2025-08-02 14:55:28 - Start: 2025-08-01, End: 2025-08-31, Server: /Pet_Track_revise-3/functions/get-appointments.php
Count for 2025-08-06: 7
Event: Test User231 on 2025-08-06 (count: 7)
Event: janpaul4 on 2025-08-06 (count: 7)
Event: janpaul on 2025-08-06 (count: 7)
Event: janpaul5 on 2025-08-06 (count: 7)
Event: janpaul3 on 2025-08-06 (count: 7)
Event: janpaul2 on 2025-08-06 (count: 7)
Event: Test User on 2025-08-06 (count: 7)
Events found: 7
Time: 2025-08-02 14:55:44 - Start: 2025-08-01, End: 2025-08-31, Server: /Pet_Track_revise-3/functions/get-appointments.php
Count for 2025-08-06: 7
Event: Test User231 on 2025-08-06 (count: 7)
Event: janpaul4 on 2025-08-06 (count: 7)
Event: janpaul on 2025-08-06 (count: 7)
Event: janpaul5 on 2025-08-06 (count: 7)
Event: janpaul3 on 2025-08-06 (count: 7)
Event: janpaul2 on 2025-08-06 (count: 7)
Event: Test User on 2025-08-06 (count: 7)
Events found: 7
Time: 2025-08-02 14:55:46 - Start: 2025-08-01, End: 2025-08-31, Server: /Pet_Track_revise-3/functions/get-appointments.php
Count for 2025-08-06: 7
Event: Test User231 on 2025-08-06 (count: 7)
Event: janpaul4 on 2025-08-06 (count: 7)
Event: janpaul on 2025-08-06 (count: 7)
Event: janpaul5 on 2025-08-06 (count: 7)
Event: janpaul3 on 2025-08-06 (count: 7)
Event: janpaul2 on 2025-08-06 (count: 7)
Event: Test User on 2025-08-06 (count: 7)
Events found: 7
Time: 2025-08-02 15:04:09 - Start: 2025-08-01, End: 2025-08-31, Server: /Pet_Track_revise-3/functions/get-appointments.php
Count for 2025-08-06: 7
Event: Test User231 on 2025-08-06 (count: 7)
Event: janpaul4 on 2025-08-06 (count: 7)
Event: janpaul on 2025-08-06 (count: 7)
Event: janpaul5 on 2025-08-06 (count: 7)
Event: janpaul3 on 2025-08-06 (count: 7)
Event: janpaul2 on 2025-08-06 (count: 7)
Event: Test User on 2025-08-06 (count: 7)
Events found: 7
Time: 2025-08-02 15:04:44 - Start: 2025-08-01, End: 2025-08-31, Server: /Pet_Track_revise-3/functions/get-appointments.php
Count for 2025-08-06: 7
Event: Test User231 on 2025-08-06 (count: 7)
Event: janpaul4 on 2025-08-06 (count: 7)
Event: janpaul on 2025-08-06 (count: 7)
Event: janpaul5 on 2025-08-06 (count: 7)
Event: janpaul3 on 2025-08-06 (count: 7)
Event: janpaul2 on 2025-08-06 (count: 7)
Event: Test User on 2025-08-06 (count: 7)
Events found: 7
Time: 2025-08-02 15:06:31 - Start: 2025-08-01, End: 2025-08-31, Server: /Pet_Track_revise-3/functions/get-appointments.php
Count for 2025-08-06: 7
Event: Test User231 on 2025-08-06 (count: 7)
Event: janpaul4 on 2025-08-06 (count: 7)
Event: janpaul on 2025-08-06 (count: 7)
Event: janpaul5 on 2025-08-06 (count: 7)
Event: janpaul3 on 2025-08-06 (count: 7)
Event: janpaul2 on 2025-08-06 (count: 7)
Event: Test User on 2025-08-06 (count: 7)
Events found: 7
Time: 2025-08-02 15:06:40 - Start: 2025-08-01, End: 2025-08-31, Server: /Pet_Track_revise-3/functions/get-appointments.php
Count for 2025-08-06: 7
Event: Test User231 on 2025-08-06 (count: 7)
Event: janpaul4 on 2025-08-06 (count: 7)
Event: janpaul on 2025-08-06 (count: 7)
Event: janpaul5 on 2025-08-06 (count: 7)
Event: janpaul3 on 2025-08-06 (count: 7)
Event: janpaul2 on 2025-08-06 (count: 7)
Event: Test User on 2025-08-06 (count: 7)
Events found: 7
Time: 2025-08-02 15:06:43 - Start: 2025-08-01, End: 2025-08-31, Server: /Pet_Track_revise-3/functions/get-appointments.php
Count for 2025-08-06: 7
Event: Test User231 on 2025-08-06 (count: 7)
Event: janpaul4 on 2025-08-06 (count: 7)
Event: janpaul on 2025-08-06 (count: 7)
Event: janpaul5 on 2025-08-06 (count: 7)
Event: janpaul3 on 2025-08-06 (count: 7)
Event: janpaul2 on 2025-08-06 (count: 7)
Event: Test User on 2025-08-06 (count: 7)
Events found: 7
Time: 2025-08-02 15:08:15 - Start: 2025-08-01, End: 2025-08-31, Server: /Pet_Track_revise-3/functions/get-appointments.php
Count for 2025-08-06: 7
Event: Test User231 on 2025-08-06 (count: 7)
Event: janpaul4 on 2025-08-06 (count: 7)
Event: janpaul on 2025-08-06 (count: 7)
Event: janpaul5 on 2025-08-06 (count: 7)
Event: janpaul3 on 2025-08-06 (count: 7)
Event: janpaul2 on 2025-08-06 (count: 7)
Event: Test User on 2025-08-06 (count: 7)
Events found: 7
Time: 2025-08-02 15:08:24 - Start: 2025-08-01, End: 2025-08-31, Server: /Pet_Track_revise-3/functions/get-appointments.php
Count for 2025-08-06: 7
Event: Test User231 on 2025-08-06 (count: 7)
Event: janpaul4 on 2025-08-06 (count: 7)
Event: janpaul on 2025-08-06 (count: 7)
Event: janpaul5 on 2025-08-06 (count: 7)
Event: janpaul3 on 2025-08-06 (count: 7)
Event: janpaul2 on 2025-08-06 (count: 7)
Event: Test User on 2025-08-06 (count: 7)
Events found: 7
Time: 2025-08-02 15:08:37 - Start: 2025-08-01, End: 2025-08-31, Server: /Pet_Track_revise-3/functions/get-appointments.php
Count for 2025-08-06: 7
Event: Test User231 on 2025-08-06 (count: 7)
Event: janpaul4 on 2025-08-06 (count: 7)
Event: janpaul on 2025-08-06 (count: 7)
Event: janpaul5 on 2025-08-06 (count: 7)
Event: janpaul3 on 2025-08-06 (count: 7)
Event: janpaul2 on 2025-08-06 (count: 7)
Event: Test User on 2025-08-06 (count: 7)
Events found: 7
Time: 2025-08-02 15:09:56 - Start: 2025-08-01, End: 2025-08-31, Server: /Pet_Track_revise-3/functions/get-appointments.php
Count for 2025-08-06: 7
Event: Test User231 on 2025-08-06 (count: 7)
Event: janpaul4 on 2025-08-06 (count: 7)
Event: janpaul on 2025-08-06 (count: 7)
Event: janpaul5 on 2025-08-06 (count: 7)
Event: janpaul3 on 2025-08-06 (count: 7)
Event: janpaul2 on 2025-08-06 (count: 7)
Event: Test User on 2025-08-06 (count: 7)
Events found: 7
Time: 2025-08-02 15:14:43 - Start: 2025-08-01, End: 2025-08-31, Server: /Pet_Track_revise-3/functions/get-appointments.php
Count for 2025-08-06: 7
Event: Test User231 on 2025-08-06 (count: 7)
Event: janpaul4 on 2025-08-06 (count: 7)
Event: janpaul on 2025-08-06 (count: 7)
Event: janpaul5 on 2025-08-06 (count: 7)
Event: janpaul3 on 2025-08-06 (count: 7)
Event: janpaul2 on 2025-08-06 (count: 7)
Event: Test User on 2025-08-06 (count: 7)
Events found: 7
Time: 2025-08-02 15:15:23 - Start: 2025-08-01, End: 2025-08-31, Server: /Pet_Track_revise-3/functions/get-appointments.php
Count for 2025-08-06: 7
Event: Test User231 on 2025-08-06 (count: 7)
Event: janpaul4 on 2025-08-06 (count: 7)
Event: janpaul on 2025-08-06 (count: 7)
Event: janpaul5 on 2025-08-06 (count: 7)
Event: janpaul3 on 2025-08-06 (count: 7)
Event: janpaul2 on 2025-08-06 (count: 7)
Event: Test User on 2025-08-06 (count: 7)
Events found: 7
Time: 2025-08-02 15:27:12 - Start: 2025-08-01, End: 2025-08-31, Server: /Pet_Track_revise-3/functions/get-appointments.php
Count for 2025-08-06: 7
Event: Test User231 on 2025-08-06 (count: 7)
Event: janpaul4 on 2025-08-06 (count: 7)
Event: janpaul on 2025-08-06 (count: 7)
Event: janpaul5 on 2025-08-06 (count: 7)
Event: janpaul3 on 2025-08-06 (count: 7)
Event: janpaul2 on 2025-08-06 (count: 7)
Event: Test User on 2025-08-06 (count: 7)
Events found: 7
Time: 2025-08-02 15:27:23 - Start: 2025-08-01, End: 2025-08-31, Server: /Pet_Track_revise-3/functions/get-appointments.php
Count for 2025-08-06: 7
Event: Test User231 on 2025-08-06 (count: 7)
Event: janpaul4 on 2025-08-06 (count: 7)
Event: janpaul on 2025-08-06 (count: 7)
Event: janpaul5 on 2025-08-06 (count: 7)
Event: janpaul3 on 2025-08-06 (count: 7)
Event: janpaul2 on 2025-08-06 (count: 7)
Event: Test User on 2025-08-06 (count: 7)
Events found: 7
Time: 2025-08-02 15:27:35 - Start: 2025-08-01, End: 2025-08-31, Server: /Pet_Track_revise-3/functions/get-appointments.php
Count for 2025-08-06: 7
Event: Test User231 on 2025-08-06 (count: 7)
Event: janpaul4 on 2025-08-06 (count: 7)
Event: janpaul on 2025-08-06 (count: 7)
Event: janpaul5 on 2025-08-06 (count: 7)
Event: janpaul3 on 2025-08-06 (count: 7)
Event: janpaul2 on 2025-08-06 (count: 7)
Event: Test User on 2025-08-06 (count: 7)
Events found: 7
Time: 2025-08-02 15:27:39 - Start: 2025-08-01, End: 2025-08-31, Server: /Pet_Track_revise-3/functions/get-appointments.php
Count for 2025-08-06: 7
Event: Test User231 on 2025-08-06 (count: 7)
Event: janpaul4 on 2025-08-06 (count: 7)
Event: janpaul on 2025-08-06 (count: 7)
Event: janpaul5 on 2025-08-06 (count: 7)
Event: janpaul3 on 2025-08-06 (count: 7)
Event: janpaul2 on 2025-08-06 (count: 7)
Event: Test User on 2025-08-06 (count: 7)
Events found: 7
Time: 2025-08-02 15:27:42 - Start: 2025-08-01, End: 2025-08-31, Server: /Pet_Track_revise-3/functions/get-appointments.php
Count for 2025-08-06: 7
Event: Test User231 on 2025-08-06 (count: 7)
Event: janpaul4 on 2025-08-06 (count: 7)
Event: janpaul on 2025-08-06 (count: 7)
Event: janpaul5 on 2025-08-06 (count: 7)
Event: janpaul3 on 2025-08-06 (count: 7)
Event: janpaul2 on 2025-08-06 (count: 7)
Event: Test User on 2025-08-06 (count: 7)
Events found: 7
Time: 2025-08-02 15:27:44 - Start: 2025-08-01, End: 2025-08-31, Server: /Pet_Track_revise-3/functions/get-appointments.php
Count for 2025-08-06: 7
Event: Test User231 on 2025-08-06 (count: 7)
Event: janpaul4 on 2025-08-06 (count: 7)
Event: janpaul on 2025-08-06 (count: 7)
Event: janpaul5 on 2025-08-06 (count: 7)
Event: janpaul3 on 2025-08-06 (count: 7)
Event: janpaul2 on 2025-08-06 (count: 7)
Event: Test User on 2025-08-06 (count: 7)
Events found: 7
Time: 2025-08-02 15:27:47 - Start: 2025-08-01, End: 2025-08-31, Server: /Pet_Track_revise-3/functions/get-appointments.php
Count for 2025-08-06: 7
Event: Test User231 on 2025-08-06 (count: 7)
Event: janpaul4 on 2025-08-06 (count: 7)
Event: janpaul on 2025-08-06 (count: 7)
Event: janpaul5 on 2025-08-06 (count: 7)
Event: janpaul3 on 2025-08-06 (count: 7)
Event: janpaul2 on 2025-08-06 (count: 7)
Event: Test User on 2025-08-06 (count: 7)
Events found: 7
Time: 2025-08-02 15:27:52 - Start: 2025-08-01, End: 2025-08-31, Server: /Pet_Track_revise-3/functions/get-appointments.php
Count for 2025-08-06: 7
Event: Test User231 on 2025-08-06 (count: 7)
Event: janpaul4 on 2025-08-06 (count: 7)
Event: janpaul on 2025-08-06 (count: 7)
Event: janpaul5 on 2025-08-06 (count: 7)
Event: janpaul3 on 2025-08-06 (count: 7)
Event: janpaul2 on 2025-08-06 (count: 7)
Event: Test User on 2025-08-06 (count: 7)
Events found: 7
Time: 2025-08-02 15:28:06 - Start: 2025-08-01, End: 2025-08-31, Server: /Pet_Track_revise-3/functions/get-appointments.php
Count for 2025-08-06: 7
Event: Test User231 on 2025-08-06 (count: 7)
Event: janpaul4 on 2025-08-06 (count: 7)
Event: janpaul on 2025-08-06 (count: 7)
Event: janpaul5 on 2025-08-06 (count: 7)
Event: janpaul3 on 2025-08-06 (count: 7)
Event: janpaul2 on 2025-08-06 (count: 7)
Event: Test User on 2025-08-06 (count: 7)
Events found: 7
Time: 2025-08-02 15:28:16 - Start: 2025-08-01, End: 2025-08-31, Server: /Pet_Track_revise-3/functions/get-appointments.php
Count for 2025-08-06: 7
Event: Test User231 on 2025-08-06 (count: 7)
Event: janpaul4 on 2025-08-06 (count: 7)
Event: janpaul on 2025-08-06 (count: 7)
Event: janpaul5 on 2025-08-06 (count: 7)
Event: janpaul3 on 2025-08-06 (count: 7)
Event: janpaul2 on 2025-08-06 (count: 7)
Event: Test User on 2025-08-06 (count: 7)
Events found: 7
Time: 2025-08-02 15:28:24 - Start: 2025-08-01, End: 2025-08-31, Server: /Pet_Track_revise-3/functions/get-appointments.php
Count for 2025-08-06: 7
Event: Test User231 on 2025-08-06 (count: 7)
Event: janpaul4 on 2025-08-06 (count: 7)
Event: janpaul on 2025-08-06 (count: 7)
Event: janpaul5 on 2025-08-06 (count: 7)
Event: janpaul3 on 2025-08-06 (count: 7)
Event: janpaul2 on 2025-08-06 (count: 7)
Event: Test User on 2025-08-06 (count: 7)
Events found: 7
Time: 2025-08-02 15:28:29 - Start: 2025-08-01, End: 2025-08-31, Server: /Pet_Track_revise-3/functions/get-appointments.php
Count for 2025-08-06: 7
Event: Test User231 on 2025-08-06 (count: 7)
Event: janpaul4 on 2025-08-06 (count: 7)
Event: janpaul on 2025-08-06 (count: 7)
Event: janpaul5 on 2025-08-06 (count: 7)
Event: janpaul3 on 2025-08-06 (count: 7)
Event: janpaul2 on 2025-08-06 (count: 7)
Event: Test User on 2025-08-06 (count: 7)
Events found: 7
Time: 2025-08-03 02:05:29 - Start: 2025-08-01, End: 2025-08-31, Server: /Pet_Track_revise-3/functions/get-appointments.php
Count for 2025-08-06: 7
Event: Test User231 on 2025-08-06 (count: 7)
Event: janpaul4 on 2025-08-06 (count: 7)
Event: janpaul on 2025-08-06 (count: 7)
Event: janpaul5 on 2025-08-06 (count: 7)
Event: janpaul3 on 2025-08-06 (count: 7)
Event: janpaul2 on 2025-08-06 (count: 7)
Event: Test User on 2025-08-06 (count: 7)
Events found: 7
Time: 2025-08-03 02:05:31 - Start: 2025-08-01, End: 2025-08-31, Server: /Pet_Track_revise-3/functions/get-appointments.php
Count for 2025-08-06: 7
Event: Test User231 on 2025-08-06 (count: 7)
Event: janpaul4 on 2025-08-06 (count: 7)
Event: janpaul on 2025-08-06 (count: 7)
Event: janpaul5 on 2025-08-06 (count: 7)
Event: janpaul3 on 2025-08-06 (count: 7)
Event: janpaul2 on 2025-08-06 (count: 7)
Event: Test User on 2025-08-06 (count: 7)
Events found: 7
Time: 2025-08-03 02:05:32 - Start: 2025-08-03, End: 2025-08-03, Server: /Pet_Track_revise-3/functions/get-appointments.php?start=2025-08-03&end=2025-08-03
Events found: 0
Time: 2025-08-03 02:05:42 - Start: 2025-08-01, End: 2025-08-31, Server: /Pet_Track_revise-3/functions/get-appointments.php
Count for 2025-08-06: 7
Event: Test User231 on 2025-08-06 (count: 7)
Event: janpaul4 on 2025-08-06 (count: 7)
Event: janpaul on 2025-08-06 (count: 7)
Event: janpaul5 on 2025-08-06 (count: 7)
Event: janpaul3 on 2025-08-06 (count: 7)
Event: janpaul2 on 2025-08-06 (count: 7)
Event: Test User on 2025-08-06 (count: 7)
Events found: 7
Time: 2025-08-03 02:05:57 - Start: 2025-08-01, End: 2025-08-31, Server: /Pet_Track_revise-3/functions/get-appointments.php
Count for 2025-08-06: 7
Event: Test User231 on 2025-08-06 (count: 7)
Event: janpaul4 on 2025-08-06 (count: 7)
Event: janpaul on 2025-08-06 (count: 7)
Event: janpaul5 on 2025-08-06 (count: 7)
Event: janpaul3 on 2025-08-06 (count: 7)
Event: janpaul2 on 2025-08-06 (count: 7)
Event: Test User on 2025-08-06 (count: 7)
Events found: 7
Time: 2025-08-03 02:05:58 - Start: 2025-08-01, End: 2025-08-31, Server: /Pet_Track_revise-3/functions/get-appointments.php
Count for 2025-08-06: 7
Event: Test User231 on 2025-08-06 (count: 7)
Event: janpaul4 on 2025-08-06 (count: 7)
Event: janpaul on 2025-08-06 (count: 7)
Event: janpaul5 on 2025-08-06 (count: 7)
Event: janpaul3 on 2025-08-06 (count: 7)
Event: janpaul2 on 2025-08-06 (count: 7)
Event: Test User on 2025-08-06 (count: 7)
Events found: 7
Time: 2025-08-03 02:06:16 - Start: 2025-08-01, End: 2025-08-31, Server: /Pet_Track_revise-3/functions/get-appointments.php
Count for 2025-08-06: 7
Event: Test User231 on 2025-08-06 (count: 7)
Event: janpaul4 on 2025-08-06 (count: 7)
Event: janpaul on 2025-08-06 (count: 7)
Event: janpaul5 on 2025-08-06 (count: 7)
Event: janpaul3 on 2025-08-06 (count: 7)
Event: janpaul2 on 2025-08-06 (count: 7)
Event: Test User on 2025-08-06 (count: 7)
Events found: 7
Time: 2025-08-03 02:06:17 - Start: 2025-08-01, End: 2025-08-31, Server: /Pet_Track_revise-3/functions/get-appointments.php
Count for 2025-08-06: 7
Event: Test User231 on 2025-08-06 (count: 7)
Event: janpaul4 on 2025-08-06 (count: 7)
Event: janpaul on 2025-08-06 (count: 7)
Event: janpaul5 on 2025-08-06 (count: 7)
Event: janpaul3 on 2025-08-06 (count: 7)
Event: janpaul2 on 2025-08-06 (count: 7)
Event: Test User on 2025-08-06 (count: 7)
Events found: 7
Time: 2025-08-03 02:07:22 - Start: 2025-08-01, End: 2025-08-31, Server: /Pet_Track_revise-3/functions/get-appointments.php
Count for 2025-08-06: 7
Event: Test User231 on 2025-08-06 (count: 7)
Event: janpaul4 on 2025-08-06 (count: 7)
Event: janpaul on 2025-08-06 (count: 7)
Event: janpaul5 on 2025-08-06 (count: 7)
Event: janpaul3 on 2025-08-06 (count: 7)
Event: janpaul2 on 2025-08-06 (count: 7)
Event: Test User on 2025-08-06 (count: 7)
Events found: 7
Time: 2025-08-03 02:08:18 - Start: 2025-08-01, End: 2025-08-31, Server: /Pet_Track_revise-3/functions/get-appointments.php
Count for 2025-08-06: 7
Event: Test User231 on 2025-08-06 (count: 7)
Event: janpaul4 on 2025-08-06 (count: 7)
Event: janpaul on 2025-08-06 (count: 7)
Event: janpaul5 on 2025-08-06 (count: 7)
Event: janpaul3 on 2025-08-06 (count: 7)
Event: janpaul2 on 2025-08-06 (count: 7)
Event: Test User on 2025-08-06 (count: 7)
Events found: 7
Time: 2025-08-03 02:08:24 - Start: 2025-08-01, End: 2025-08-31, Server: /Pet_Track_revise-3/functions/get-appointments.php
Count for 2025-08-06: 7
Event: Test User231 on 2025-08-06 (count: 7)
Event: janpaul4 on 2025-08-06 (count: 7)
Event: janpaul on 2025-08-06 (count: 7)
Event: janpaul5 on 2025-08-06 (count: 7)
Event: janpaul3 on 2025-08-06 (count: 7)
Event: janpaul2 on 2025-08-06 (count: 7)
Event: Test User on 2025-08-06 (count: 7)
Events found: 7
Time: 2025-08-03 02:08:50 - Start: 2025-08-01, End: 2025-08-31, Server: /Pet_Track_revise-3/functions/get-appointments.php
Count for 2025-08-06: 7
Event: Test User231 on 2025-08-06 (count: 7)
Event: janpaul4 on 2025-08-06 (count: 7)
Event: janpaul on 2025-08-06 (count: 7)
Event: janpaul5 on 2025-08-06 (count: 7)
Event: janpaul3 on 2025-08-06 (count: 7)
Event: janpaul2 on 2025-08-06 (count: 7)
Event: Test User on 2025-08-06 (count: 7)
Events found: 7
Time: 2025-08-03 02:11:49 - Start: 2025-08-01, End: 2025-08-31, Server: /Pet_Track_revise-3/functions/get-appointments.php
Count for 2025-08-06: 7
Event: Test User231 on 2025-08-06 (count: 7)
Event: janpaul4 on 2025-08-06 (count: 7)
Event: janpaul on 2025-08-06 (count: 7)
Event: janpaul5 on 2025-08-06 (count: 7)
Event: janpaul3 on 2025-08-06 (count: 7)
Event: janpaul2 on 2025-08-06 (count: 7)
Event: Test User on 2025-08-06 (count: 7)
Events found: 7
Time: 2025-08-03 02:17:59 - Start: 2025-08-01, End: 2025-08-31, Server: /Pet_Track_revise-3/functions/get-appointments.php
Count for 2025-08-06: 7
Event: Test User231 on 2025-08-06 (count: 7)
Event: janpaul4 on 2025-08-06 (count: 7)
Event: janpaul on 2025-08-06 (count: 7)
Event: janpaul5 on 2025-08-06 (count: 7)
Event: janpaul3 on 2025-08-06 (count: 7)
Event: janpaul2 on 2025-08-06 (count: 7)
Event: Test User on 2025-08-06 (count: 7)
Events found: 7
Time: 2025-08-03 02:18:05 - Start: 2025-08-01, End: 2025-08-31, Server: /Pet_Track_revise-3/functions/get-appointments.php
Count for 2025-08-06: 7
Event: Test User231 on 2025-08-06 (count: 7)
Event: janpaul4 on 2025-08-06 (count: 7)
Event: janpaul on 2025-08-06 (count: 7)
Event: janpaul5 on 2025-08-06 (count: 7)
Event: janpaul3 on 2025-08-06 (count: 7)
Event: janpaul2 on 2025-08-06 (count: 7)
Event: Test User on 2025-08-06 (count: 7)
Events found: 7
Time: 2025-08-03 02:35:37 - Start: 2025-08-01, End: 2025-08-31, Server: /Pet_Track_revise-3/functions/get-appointments.php
Count for 2025-08-06: 7
Event: Test User231 on 2025-08-06 (count: 7)
Event: janpaul4 on 2025-08-06 (count: 7)
Event: janpaul on 2025-08-06 (count: 7)
Event: janpaul5 on 2025-08-06 (count: 7)
Event: janpaul3 on 2025-08-06 (count: 7)
Event: janpaul2 on 2025-08-06 (count: 7)
Event: Test User on 2025-08-06 (count: 7)
Events found: 7
Time: 2025-08-03 02:35:56 - Start: 2025-08-01, End: 2025-08-31, Server: /Pet_Track_revise-3/functions/get-appointments.php
Count for 2025-08-06: 7
Event: Test User231 on 2025-08-06 (count: 7)
Event: janpaul4 on 2025-08-06 (count: 7)
Event: janpaul on 2025-08-06 (count: 7)
Event: janpaul5 on 2025-08-06 (count: 7)
Event: janpaul3 on 2025-08-06 (count: 7)
Event: janpaul2 on 2025-08-06 (count: 7)
Event: Test User on 2025-08-06 (count: 7)
Events found: 7
Time: 2025-08-03 02:39:14 - Start: 2025-08-01, End: 2025-08-31, Server: /Pet_Track_revise-3/functions/get-appointments.php
Count for 2025-08-06: 7
Event: Test User231 on 2025-08-06 (count: 7)
Event: janpaul4 on 2025-08-06 (count: 7)
Event: janpaul on 2025-08-06 (count: 7)
Event: janpaul5 on 2025-08-06 (count: 7)
Event: janpaul3 on 2025-08-06 (count: 7)
Event: janpaul2 on 2025-08-06 (count: 7)
Event: Test User on 2025-08-06 (count: 7)
Events found: 7
Time: 2025-08-03 02:39:26 - Start: 2025-08-01, End: 2025-08-31, Server: /Pet_Track_revise-3/functions/get-appointments.php
Count for 2025-08-06: 7
Event: Test User231 on 2025-08-06 (count: 7)
Event: janpaul4 on 2025-08-06 (count: 7)
Event: janpaul on 2025-08-06 (count: 7)
Event: janpaul5 on 2025-08-06 (count: 7)
Event: janpaul3 on 2025-08-06 (count: 7)
Event: janpaul2 on 2025-08-06 (count: 7)
Event: Test User on 2025-08-06 (count: 7)
Events found: 7
Time: 2025-08-03 02:40:22 - Start: 2025-08-01, End: 2025-08-31, Server: /Pet_Track_revise-3/functions/get-appointments.php
Count for 2025-08-06: 7
Event: Test User231 on 2025-08-06 (count: 7)
Event: janpaul4 on 2025-08-06 (count: 7)
Event: janpaul on 2025-08-06 (count: 7)
Event: janpaul5 on 2025-08-06 (count: 7)
Event: janpaul3 on 2025-08-06 (count: 7)
Event: janpaul2 on 2025-08-06 (count: 7)
Event: Test User on 2025-08-06 (count: 7)
Events found: 7
Time: 2025-08-03 02:40:28 - Start: 2025-08-01, End: 2025-08-31, Server: /Pet_Track_revise-3/functions/get-appointments.php
Count for 2025-08-06: 7
Event: Test User231 on 2025-08-06 (count: 7)
Event: janpaul4 on 2025-08-06 (count: 7)
Event: janpaul on 2025-08-06 (count: 7)
Event: janpaul5 on 2025-08-06 (count: 7)
Event: janpaul3 on 2025-08-06 (count: 7)
Event: janpaul2 on 2025-08-06 (count: 7)
Event: Test User on 2025-08-06 (count: 7)
Events found: 7
Time: 2025-08-03 02:40:32 - Start: 2025-08-01, End: 2025-08-31, Server: /Pet_Track_revise-3/functions/get-appointments.php?start=2025-08-01&end=2025-08-31
Count for 2025-08-06: 7
Event: Test User231 on 2025-08-06 (count: 7)
Event: janpaul4 on 2025-08-06 (count: 7)
Event: janpaul on 2025-08-06 (count: 7)
Event: janpaul5 on 2025-08-06 (count: 7)
Event: janpaul3 on 2025-08-06 (count: 7)
Event: janpaul2 on 2025-08-06 (count: 7)
Event: Test User on 2025-08-06 (count: 7)
Events found: 7
Time: 2025-08-03 02:40:33 - Start: 2025-08-01, End: 2025-08-31, Server: /Pet_Track_revise-3/functions/get-appointments.php?start=2025-08-01&end=2025-08-31
Count for 2025-08-06: 7
Event: Test User231 on 2025-08-06 (count: 7)
Event: janpaul4 on 2025-08-06 (count: 7)
Event: janpaul on 2025-08-06 (count: 7)
Event: janpaul5 on 2025-08-06 (count: 7)
Event: janpaul3 on 2025-08-06 (count: 7)
Event: janpaul2 on 2025-08-06 (count: 7)
Event: Test User on 2025-08-06 (count: 7)
Events found: 7
Time: 2025-08-03 02:40:34 - Start: 2025-08-01, End: 2025-08-31, Server: /Pet_Track_revise-3/functions/get-appointments.php?start=2025-08-01&end=2025-08-31
Count for 2025-08-06: 7
Event: Test User231 on 2025-08-06 (count: 7)
Event: janpaul4 on 2025-08-06 (count: 7)
Event: janpaul on 2025-08-06 (count: 7)
Event: janpaul5 on 2025-08-06 (count: 7)
Event: janpaul3 on 2025-08-06 (count: 7)
Event: janpaul2 on 2025-08-06 (count: 7)
Event: Test User on 2025-08-06 (count: 7)
Events found: 7
Time: 2025-08-03 02:40:42 - Start: 2025-08-08, End: 2025-08-08, Server: /Pet_Track_revise-3/functions/get-appointments.php?start=2025-08-08&end=2025-08-08
Events found: 0
Script executed at 2025-08-02 19:40:42
Database connection successful.
Form data: Array
(
    [owner_name] => janpaul
    [contact_number] => 09392516664
    [appointment_date] => 2025-08-08
    [appointment_time] => 14:41:00
    [reason] => asdsasfas
)

Time: 2025-08-03 02:40:42 - Start: 2025-08-01, End: 2025-08-31, Server: /Pet_Track_revise-3/functions/get-appointments.php?start=2025-08-01&end=2025-08-31
Count for 2025-08-06: 7
Count for 2025-08-08: 1
Event: Test User231 on 2025-08-06 (count: 7)
Event: janpaul4 on 2025-08-06 (count: 7)
Event: janpaul on 2025-08-06 (count: 7)
Event: janpaul5 on 2025-08-06 (count: 7)
Event: janpaul3 on 2025-08-06 (count: 7)
Event: janpaul2 on 2025-08-06 (count: 7)
Event: Test User on 2025-08-06 (count: 7)
Event: janpaul on 2025-08-08 (count: 1)
Events found: 8
Time: 2025-08-03 02:40:43 - Start: 2025-08-01, End: 2025-08-31, Server: /Pet_Track_revise-3/functions/get-appointments.php?start=2025-08-01&end=2025-08-31
Count for 2025-08-06: 7
Count for 2025-08-08: 1
Event: Test User231 on 2025-08-06 (count: 7)
Event: janpaul4 on 2025-08-06 (count: 7)
Event: janpaul on 2025-08-06 (count: 7)
Event: janpaul5 on 2025-08-06 (count: 7)
Event: janpaul3 on 2025-08-06 (count: 7)
Event: janpaul2 on 2025-08-06 (count: 7)
Event: Test User on 2025-08-06 (count: 7)
Event: janpaul on 2025-08-08 (count: 1)
Events found: 8
Time: 2025-08-03 02:40:53 - Start: 2025-08-08, End: 2025-08-08, Server: /Pet_Track_revise-3/functions/get-appointments.php?start=2025-08-08&end=2025-08-08
Count for 2025-08-08: 1
Event: janpaul on 2025-08-08 (count: 1)
Events found: 1
Script executed at 2025-08-02 19:40:53
Database connection successful.
Form data: Array
(
    [owner_name] => asd121
    [contact_number] => 12312412daw
    [appointment_date] => 2025-08-08
    [appointment_time] => 12:41:00
    [reason] => asdasdqe
)

Time: 2025-08-03 02:40:54 - Start: 2025-08-01, End: 2025-08-31, Server: /Pet_Track_revise-3/functions/get-appointments.php?start=2025-08-01&end=2025-08-31
Count for 2025-08-06: 7
Count for 2025-08-08: 2
Event: Test User231 on 2025-08-06 (count: 7)
Event: janpaul4 on 2025-08-06 (count: 7)
Event: janpaul on 2025-08-06 (count: 7)
Event: janpaul5 on 2025-08-06 (count: 7)
Event: janpaul3 on 2025-08-06 (count: 7)
Event: janpaul2 on 2025-08-06 (count: 7)
Event: Test User on 2025-08-06 (count: 7)
Event: asd121 on 2025-08-08 (count: 2)
Event: janpaul on 2025-08-08 (count: 2)
Events found: 9
Time: 2025-08-03 02:40:55 - Start: 2025-08-01, End: 2025-08-31, Server: /Pet_Track_revise-3/functions/get-appointments.php?start=2025-08-01&end=2025-08-31
Count for 2025-08-06: 7
Count for 2025-08-08: 2
Event: Test User231 on 2025-08-06 (count: 7)
Event: janpaul4 on 2025-08-06 (count: 7)
Event: janpaul on 2025-08-06 (count: 7)
Event: janpaul5 on 2025-08-06 (count: 7)
Event: janpaul3 on 2025-08-06 (count: 7)
Event: janpaul2 on 2025-08-06 (count: 7)
Event: Test User on 2025-08-06 (count: 7)
Event: asd121 on 2025-08-08 (count: 2)
Event: janpaul on 2025-08-08 (count: 2)
Events found: 9
Time: 2025-08-03 02:41:08 - Start: 2025-08-08, End: 2025-08-08, Server: /Pet_Track_revise-3/functions/get-appointments.php?start=2025-08-08&end=2025-08-08
Count for 2025-08-08: 2
Event: asd121 on 2025-08-08 (count: 2)
Event: janpaul on 2025-08-08 (count: 2)
Events found: 2
Script executed at 2025-08-02 19:41:08
Database connection successful.
Form data: Array
(
    [owner_name] => 12asfasfawe
    [contact_number] => 2131212312
    [appointment_date] => 2025-08-08
    [appointment_time] => 14:32:00
    [reason] => sfdsdfsdfs
)

Time: 2025-08-03 02:41:08 - Start: 2025-08-01, End: 2025-08-31, Server: /Pet_Track_revise-3/functions/get-appointments.php?start=2025-08-01&end=2025-08-31
Count for 2025-08-06: 7
Count for 2025-08-08: 3
Event: Test User231 on 2025-08-06 (count: 7)
Event: janpaul4 on 2025-08-06 (count: 7)
Event: janpaul on 2025-08-06 (count: 7)
Event: janpaul5 on 2025-08-06 (count: 7)
Event: janpaul3 on 2025-08-06 (count: 7)
Event: janpaul2 on 2025-08-06 (count: 7)
Event: Test User on 2025-08-06 (count: 7)
Event: asd121 on 2025-08-08 (count: 3)
Event: 12asfasfawe on 2025-08-08 (count: 3)
Event: janpaul on 2025-08-08 (count: 3)
Events found: 10
Time: 2025-08-03 02:41:10 - Start: 2025-08-01, End: 2025-08-31, Server: /Pet_Track_revise-3/functions/get-appointments.php
Count for 2025-08-06: 7
Count for 2025-08-08: 3
Event: Test User231 on 2025-08-06 (count: 7)
Event: janpaul4 on 2025-08-06 (count: 7)
Event: janpaul on 2025-08-06 (count: 7)
Event: janpaul5 on 2025-08-06 (count: 7)
Event: janpaul3 on 2025-08-06 (count: 7)
Event: janpaul2 on 2025-08-06 (count: 7)
Event: Test User on 2025-08-06 (count: 7)
Event: asd121 on 2025-08-08 (count: 3)
Event: 12asfasfawe on 2025-08-08 (count: 3)
Event: janpaul on 2025-08-08 (count: 3)
Events found: 10
Time: 2025-08-03 02:41:12 - Start: 2025-08-01, End: 2025-08-31, Server: /Pet_Track_revise-3/functions/get-appointments.php
Count for 2025-08-06: 7
Count for 2025-08-08: 3
Event: Test User231 on 2025-08-06 (count: 7)
Event: janpaul4 on 2025-08-06 (count: 7)
Event: janpaul on 2025-08-06 (count: 7)
Event: janpaul5 on 2025-08-06 (count: 7)
Event: janpaul3 on 2025-08-06 (count: 7)
Event: janpaul2 on 2025-08-06 (count: 7)
Event: Test User on 2025-08-06 (count: 7)
Event: asd121 on 2025-08-08 (count: 3)
Event: 12asfasfawe on 2025-08-08 (count: 3)
Event: janpaul on 2025-08-08 (count: 3)
Events found: 10
Time: 2025-08-03 02:41:19 - Start: 2025-08-01, End: 2025-08-31, Server: /Pet_Track_revise-3/functions/get-appointments.php?start=2025-08-01&end=2025-08-31
Count for 2025-08-06: 7
Count for 2025-08-08: 3
Event: Test User231 on 2025-08-06 (count: 7)
Event: janpaul4 on 2025-08-06 (count: 7)
Event: janpaul on 2025-08-06 (count: 7)
Event: janpaul5 on 2025-08-06 (count: 7)
Event: janpaul3 on 2025-08-06 (count: 7)
Event: janpaul2 on 2025-08-06 (count: 7)
Event: Test User on 2025-08-06 (count: 7)
Event: asd121 on 2025-08-08 (count: 3)
Event: 12asfasfawe on 2025-08-08 (count: 3)
Event: janpaul on 2025-08-08 (count: 3)
Events found: 10
Time: 2025-08-03 02:41:36 - Start: 2025-08-08, End: 2025-08-08, Server: /Pet_Track_revise-3/functions/get-appointments.php?start=2025-08-08&end=2025-08-08
Count for 2025-08-08: 3
Event: asd121 on 2025-08-08 (count: 3)
Event: 12asfasfawe on 2025-08-08 (count: 3)
Event: janpaul on 2025-08-08 (count: 3)
Events found: 3
Script executed at 2025-08-02 19:41:36
Database connection successful.
Form data: Array
(
    [owner_name] => 12412adsa
    [contact_number] => 5124123123
    [appointment_date] => 2025-08-08
    [appointment_time] => 14:34:00
    [reason] => asdvfbgerre
)

Time: 2025-08-03 02:41:36 - Start: 2025-08-01, End: 2025-08-31, Server: /Pet_Track_revise-3/functions/get-appointments.php?start=2025-08-01&end=2025-08-31
Count for 2025-08-06: 7
Count for 2025-08-08: 4
Event: Test User231 on 2025-08-06 (count: 7)
Event: janpaul4 on 2025-08-06 (count: 7)
Event: janpaul on 2025-08-06 (count: 7)
Event: janpaul5 on 2025-08-06 (count: 7)
Event: janpaul3 on 2025-08-06 (count: 7)
Event: janpaul2 on 2025-08-06 (count: 7)
Event: Test User on 2025-08-06 (count: 7)
Event: asd121 on 2025-08-08 (count: 4)
Event: 12asfasfawe on 2025-08-08 (count: 4)
Event: 12412adsa on 2025-08-08 (count: 4)
Event: janpaul on 2025-08-08 (count: 4)
Events found: 11
Time: 2025-08-03 02:41:38 - Start: 2025-08-01, End: 2025-08-31, Server: /Pet_Track_revise-3/functions/get-appointments.php
Count for 2025-08-06: 7
Count for 2025-08-08: 4
Event: Test User231 on 2025-08-06 (count: 7)
Event: janpaul4 on 2025-08-06 (count: 7)
Event: janpaul on 2025-08-06 (count: 7)
Event: janpaul5 on 2025-08-06 (count: 7)
Event: janpaul3 on 2025-08-06 (count: 7)
Event: janpaul2 on 2025-08-06 (count: 7)
Event: Test User on 2025-08-06 (count: 7)
Event: asd121 on 2025-08-08 (count: 4)
Event: 12asfasfawe on 2025-08-08 (count: 4)
Event: 12412adsa on 2025-08-08 (count: 4)
Event: janpaul on 2025-08-08 (count: 4)
Events found: 11
Time: 2025-08-03 02:41:39 - Start: 2025-08-01, End: 2025-08-31, Server: /Pet_Track_revise-3/functions/get-appointments.php
Count for 2025-08-06: 7
Count for 2025-08-08: 4
Event: Test User231 on 2025-08-06 (count: 7)
Event: janpaul4 on 2025-08-06 (count: 7)
Event: janpaul on 2025-08-06 (count: 7)
Event: janpaul5 on 2025-08-06 (count: 7)
Event: janpaul3 on 2025-08-06 (count: 7)
Event: janpaul2 on 2025-08-06 (count: 7)
Event: Test User on 2025-08-06 (count: 7)
Event: asd121 on 2025-08-08 (count: 4)
Event: 12asfasfawe on 2025-08-08 (count: 4)
Event: 12412adsa on 2025-08-08 (count: 4)
Event: janpaul on 2025-08-08 (count: 4)
Events found: 11
Time: 2025-08-03 02:41:42 - Start: 2025-08-01, End: 2025-08-31, Server: /Pet_Track_revise-3/functions/get-appointments.php
Count for 2025-08-06: 7
Count for 2025-08-08: 4
Event: Test User231 on 2025-08-06 (count: 7)
Event: janpaul4 on 2025-08-06 (count: 7)
Event: janpaul on 2025-08-06 (count: 7)
Event: janpaul5 on 2025-08-06 (count: 7)
Event: janpaul3 on 2025-08-06 (count: 7)
Event: janpaul2 on 2025-08-06 (count: 7)
Event: Test User on 2025-08-06 (count: 7)
Event: asd121 on 2025-08-08 (count: 4)
Event: 12asfasfawe on 2025-08-08 (count: 4)
Event: 12412adsa on 2025-08-08 (count: 4)
Event: janpaul on 2025-08-08 (count: 4)
Events found: 11
Time: 2025-08-03 02:41:48 - Start: 2025-08-01, End: 2025-08-31, Server: /Pet_Track_revise-3/functions/get-appointments.php
Count for 2025-08-06: 7
Count for 2025-08-08: 4
Event: Test User231 on 2025-08-06 (count: 7)
Event: janpaul4 on 2025-08-06 (count: 7)
Event: janpaul on 2025-08-06 (count: 7)
Event: janpaul5 on 2025-08-06 (count: 7)
Event: janpaul3 on 2025-08-06 (count: 7)
Event: janpaul2 on 2025-08-06 (count: 7)
Event: Test User on 2025-08-06 (count: 7)
Event: asd121 on 2025-08-08 (count: 4)
Event: 12asfasfawe on 2025-08-08 (count: 4)
Event: 12412adsa on 2025-08-08 (count: 4)
Event: janpaul on 2025-08-08 (count: 4)
Events found: 11
Time: 2025-08-03 02:41:53 - Start: 2025-08-01, End: 2025-08-31, Server: /Pet_Track_revise-3/functions/get-appointments.php
Count for 2025-08-06: 7
Count for 2025-08-08: 4
Event: Test User231 on 2025-08-06 (count: 7)
Event: janpaul4 on 2025-08-06 (count: 7)
Event: janpaul on 2025-08-06 (count: 7)
Event: janpaul5 on 2025-08-06 (count: 7)
Event: janpaul3 on 2025-08-06 (count: 7)
Event: janpaul2 on 2025-08-06 (count: 7)
Event: Test User on 2025-08-06 (count: 7)
Event: asd121 on 2025-08-08 (count: 4)
Event: 12asfasfawe on 2025-08-08 (count: 4)
Event: 12412adsa on 2025-08-08 (count: 4)
Event: janpaul on 2025-08-08 (count: 4)
Events found: 11
Time: 2025-08-03 02:42:05 - Start: 2025-08-31, End: 2025-08-31, Server: /Pet_Track_revise-3/functions/get-appointments.php?start=2025-08-31&end=2025-08-31
Events found: 0
Time: 2025-08-03 02:42:07 - Start: 2025-08-31, End: 2025-08-31, Server: /Pet_Track_revise-3/functions/get-appointments.php?start=2025-08-31&end=2025-08-31
Events found: 0
Time: 2025-08-03 02:42:10 - Start: 2025-08-16, End: 2025-08-16, Server: /Pet_Track_revise-3/functions/get-appointments.php?start=2025-08-16&end=2025-08-16
Events found: 0
Time: 2025-08-03 02:45:34 - Start: 2025-08-01, End: 2025-08-31, Server: /Pet_Track_revise-3/functions/get-appointments.php?start=2025-08-01&end=2025-08-31
Count for 2025-08-06: 7
Count for 2025-08-08: 4
Event: Test User231 on 2025-08-06 (count: 7)
Event: janpaul4 on 2025-08-06 (count: 7)
Event: janpaul on 2025-08-06 (count: 7)
Event: janpaul5 on 2025-08-06 (count: 7)
Event: janpaul3 on 2025-08-06 (count: 7)
Event: janpaul2 on 2025-08-06 (count: 7)
Event: Test User on 2025-08-06 (count: 7)
Event: asd121 on 2025-08-08 (count: 4)
Event: 12asfasfawe on 2025-08-08 (count: 4)
Event: 12412adsa on 2025-08-08 (count: 4)
Event: janpaul on 2025-08-08 (count: 4)
Events found: 11
Time: 2025-08-03 02:45:45 - Start: 2025-08-01, End: 2025-08-31, Server: /Pet_Track_revise-3/functions/get-appointments.php
Count for 2025-08-06: 7
Count for 2025-08-08: 4
Event: Test User231 on 2025-08-06 (count: 7)
Event: janpaul4 on 2025-08-06 (count: 7)
Event: janpaul on 2025-08-06 (count: 7)
Event: janpaul5 on 2025-08-06 (count: 7)
Event: janpaul3 on 2025-08-06 (count: 7)
Event: janpaul2 on 2025-08-06 (count: 7)
Event: Test User on 2025-08-06 (count: 7)
Event: asd121 on 2025-08-08 (count: 4)
Event: 12asfasfawe on 2025-08-08 (count: 4)
Event: 12412adsa on 2025-08-08 (count: 4)
Event: janpaul on 2025-08-08 (count: 4)
Events found: 11
Time: 2025-08-03 02:45:49 - Start: 2025-08-01, End: 2025-08-31, Server: /Pet_Track_revise-3/functions/get-appointments.php
Count for 2025-08-06: 7
Count for 2025-08-08: 4
Event: Test User231 on 2025-08-06 (count: 7)
Event: janpaul4 on 2025-08-06 (count: 7)
Event: janpaul on 2025-08-06 (count: 7)
Event: janpaul5 on 2025-08-06 (count: 7)
Event: janpaul3 on 2025-08-06 (count: 7)
Event: janpaul2 on 2025-08-06 (count: 7)
Event: Test User on 2025-08-06 (count: 7)
Event: asd121 on 2025-08-08 (count: 4)
Event: 12asfasfawe on 2025-08-08 (count: 4)
Event: 12412adsa on 2025-08-08 (count: 4)
Event: janpaul on 2025-08-08 (count: 4)
Events found: 11
Time: 2025-08-03 02:57:14 - Start: 2025-08-01, End: 2025-08-31, Server: /Pet_Track_revise-3/functions/get-appointments.php?start=2025-08-01&end=2025-08-31
Count for 2025-08-06: 7
Count for 2025-08-08: 4
Event: Test User231 on 2025-08-06 (count: 7)
Event: janpaul4 on 2025-08-06 (count: 7)
Event: janpaul on 2025-08-06 (count: 7)
Event: janpaul5 on 2025-08-06 (count: 7)
Event: janpaul3 on 2025-08-06 (count: 7)
Event: janpaul2 on 2025-08-06 (count: 7)
Event: Test User on 2025-08-06 (count: 7)
Event: asd121 on 2025-08-08 (count: 4)
Event: 12asfasfawe on 2025-08-08 (count: 4)
Event: 12412adsa on 2025-08-08 (count: 4)
Event: janpaul on 2025-08-08 (count: 4)
Events found: 11
Time: 2025-08-03 02:57:15 - Start: 2025-08-01, End: 2025-08-31, Server: /Pet_Track_revise-3/functions/get-appointments.php
Count for 2025-08-06: 7
Count for 2025-08-08: 4
Event: Test User231 on 2025-08-06 (count: 7)
Event: janpaul4 on 2025-08-06 (count: 7)
Event: janpaul on 2025-08-06 (count: 7)
Event: janpaul5 on 2025-08-06 (count: 7)
Event: janpaul3 on 2025-08-06 (count: 7)
Event: janpaul2 on 2025-08-06 (count: 7)
Event: Test User on 2025-08-06 (count: 7)
Event: asd121 on 2025-08-08 (count: 4)
Event: 12asfasfawe on 2025-08-08 (count: 4)
Event: 12412adsa on 2025-08-08 (count: 4)
Event: janpaul on 2025-08-08 (count: 4)
Events found: 11
Time: 2025-08-03 02:58:07 - Start: 2025-08-01, End: 2025-08-31, Server: /Pet_Track_revise-3/functions/get-appointments.php
Count for 2025-08-06: 7
Count for 2025-08-08: 4
Event: Test User231 on 2025-08-06 (count: 7)
Event: janpaul4 on 2025-08-06 (count: 7)
Event: janpaul on 2025-08-06 (count: 7)
Event: janpaul5 on 2025-08-06 (count: 7)
Event: janpaul3 on 2025-08-06 (count: 7)
Event: janpaul2 on 2025-08-06 (count: 7)
Event: Test User on 2025-08-06 (count: 7)
Event: asd121 on 2025-08-08 (count: 4)
Event: 12asfasfawe on 2025-08-08 (count: 4)
Event: 12412adsa on 2025-08-08 (count: 4)
Event: janpaul on 2025-08-08 (count: 4)
Events found: 11
Time: 2025-08-03 02:58:08 - Start: 2025-08-01, End: 2025-08-31, Server: /Pet_Track_revise-3/functions/get-appointments.php
Count for 2025-08-06: 7
Count for 2025-08-08: 4
Event: Test User231 on 2025-08-06 (count: 7)
Event: janpaul4 on 2025-08-06 (count: 7)
Event: janpaul on 2025-08-06 (count: 7)
Event: janpaul5 on 2025-08-06 (count: 7)
Event: janpaul3 on 2025-08-06 (count: 7)
Event: janpaul2 on 2025-08-06 (count: 7)
Event: Test User on 2025-08-06 (count: 7)
Event: asd121 on 2025-08-08 (count: 4)
Event: 12asfasfawe on 2025-08-08 (count: 4)
Event: 12412adsa on 2025-08-08 (count: 4)
Event: janpaul on 2025-08-08 (count: 4)
Events found: 11
Time: 2025-08-03 02:58:09 - Start: 2025-08-01, End: 2025-08-31, Server: /Pet_Track_revise-3/functions/get-appointments.php
Count for 2025-08-06: 7
Count for 2025-08-08: 4
Event: Test User231 on 2025-08-06 (count: 7)
Event: janpaul4 on 2025-08-06 (count: 7)
Event: janpaul on 2025-08-06 (count: 7)
Event: janpaul5 on 2025-08-06 (count: 7)
Event: janpaul3 on 2025-08-06 (count: 7)
Event: janpaul2 on 2025-08-06 (count: 7)
Event: Test User on 2025-08-06 (count: 7)
Event: asd121 on 2025-08-08 (count: 4)
Event: 12asfasfawe on 2025-08-08 (count: 4)
Event: 12412adsa on 2025-08-08 (count: 4)
Event: janpaul on 2025-08-08 (count: 4)
Events found: 11
Time: 2025-08-03 02:58:10 - Start: 2025-08-01, End: 2025-08-31, Server: /Pet_Track_revise-3/functions/get-appointments.php
Count for 2025-08-06: 7
Count for 2025-08-08: 4
Event: Test User231 on 2025-08-06 (count: 7)
Event: janpaul4 on 2025-08-06 (count: 7)
Event: janpaul on 2025-08-06 (count: 7)
Event: janpaul5 on 2025-08-06 (count: 7)
Event: janpaul3 on 2025-08-06 (count: 7)
Event: janpaul2 on 2025-08-06 (count: 7)
Event: Test User on 2025-08-06 (count: 7)
Event: asd121 on 2025-08-08 (count: 4)
Event: 12asfasfawe on 2025-08-08 (count: 4)
Event: 12412adsa on 2025-08-08 (count: 4)
Event: janpaul on 2025-08-08 (count: 4)
Events found: 11
Time: 2025-08-03 02:58:41 - Start: 2025-08-01, End: 2025-08-31, Server: /Pet_Track_revise-3/functions/get-appointments.php
Count for 2025-08-06: 7
Count for 2025-08-08: 4
Event: Test User231 on 2025-08-06 (count: 7)
Event: janpaul4 on 2025-08-06 (count: 7)
Event: janpaul on 2025-08-06 (count: 7)
Event: janpaul5 on 2025-08-06 (count: 7)
Event: janpaul3 on 2025-08-06 (count: 7)
Event: janpaul2 on 2025-08-06 (count: 7)
Event: Test User on 2025-08-06 (count: 7)
Event: asd121 on 2025-08-08 (count: 4)
Event: 12asfasfawe on 2025-08-08 (count: 4)
Event: 12412adsa on 2025-08-08 (count: 4)
Event: janpaul on 2025-08-08 (count: 4)
Events found: 11
Time: 2025-08-03 02:58:42 - Start: 2025-08-01, End: 2025-08-31, Server: /Pet_Track_revise-3/functions/get-appointments.php
Count for 2025-08-06: 7
Count for 2025-08-08: 4
Event: Test User231 on 2025-08-06 (count: 7)
Event: janpaul4 on 2025-08-06 (count: 7)
Event: janpaul on 2025-08-06 (count: 7)
Event: janpaul5 on 2025-08-06 (count: 7)
Event: janpaul3 on 2025-08-06 (count: 7)
Event: janpaul2 on 2025-08-06 (count: 7)
Event: Test User on 2025-08-06 (count: 7)
Event: asd121 on 2025-08-08 (count: 4)
Event: 12asfasfawe on 2025-08-08 (count: 4)
Event: 12412adsa on 2025-08-08 (count: 4)
Event: janpaul on 2025-08-08 (count: 4)
Events found: 11
Time: 2025-08-03 02:58:42 - Start: 2025-08-01, End: 2025-08-31, Server: /Pet_Track_revise-3/functions/get-appointments.php
Count for 2025-08-06: 7
Count for 2025-08-08: 4
Event: Test User231 on 2025-08-06 (count: 7)
Event: janpaul4 on 2025-08-06 (count: 7)
Event: janpaul on 2025-08-06 (count: 7)
Event: janpaul5 on 2025-08-06 (count: 7)
Event: janpaul3 on 2025-08-06 (count: 7)
Event: janpaul2 on 2025-08-06 (count: 7)
Event: Test User on 2025-08-06 (count: 7)
Event: asd121 on 2025-08-08 (count: 4)
Event: 12asfasfawe on 2025-08-08 (count: 4)
Event: 12412adsa on 2025-08-08 (count: 4)
Event: janpaul on 2025-08-08 (count: 4)
Events found: 11
Time: 2025-08-03 02:58:42 - Start: 2025-08-01, End: 2025-08-31, Server: /Pet_Track_revise-3/functions/get-appointments.php
Count for 2025-08-06: 7
Count for 2025-08-08: 4
Event: Test User231 on 2025-08-06 (count: 7)
Event: janpaul4 on 2025-08-06 (count: 7)
Event: janpaul on 2025-08-06 (count: 7)
Event: janpaul5 on 2025-08-06 (count: 7)
Event: janpaul3 on 2025-08-06 (count: 7)
Event: janpaul2 on 2025-08-06 (count: 7)
Event: Test User on 2025-08-06 (count: 7)
Event: asd121 on 2025-08-08 (count: 4)
Event: 12asfasfawe on 2025-08-08 (count: 4)
Event: 12412adsa on 2025-08-08 (count: 4)
Event: janpaul on 2025-08-08 (count: 4)
Events found: 11
Time: 2025-08-03 02:58:43 - Start: 2025-08-01, End: 2025-08-31, Server: /Pet_Track_revise-3/functions/get-appointments.php
Count for 2025-08-06: 7
Count for 2025-08-08: 4
Event: Test User231 on 2025-08-06 (count: 7)
Event: janpaul4 on 2025-08-06 (count: 7)
Event: janpaul on 2025-08-06 (count: 7)
Event: janpaul5 on 2025-08-06 (count: 7)
Event: janpaul3 on 2025-08-06 (count: 7)
Event: janpaul2 on 2025-08-06 (count: 7)
Event: Test User on 2025-08-06 (count: 7)
Event: asd121 on 2025-08-08 (count: 4)
Event: 12asfasfawe on 2025-08-08 (count: 4)
Event: 12412adsa on 2025-08-08 (count: 4)
Event: janpaul on 2025-08-08 (count: 4)
Events found: 11
Time: 2025-08-03 03:00:02 - Start: 2025-08-01, End: 2025-08-31, Server: /Pet_Track_revise-3/functions/get-appointments.php
Count for 2025-08-06: 7
Count for 2025-08-08: 4
Event: Test User231 on 2025-08-06 (count: 7)
Event: janpaul4 on 2025-08-06 (count: 7)
Event: janpaul on 2025-08-06 (count: 7)
Event: janpaul5 on 2025-08-06 (count: 7)
Event: janpaul3 on 2025-08-06 (count: 7)
Event: janpaul2 on 2025-08-06 (count: 7)
Event: Test User on 2025-08-06 (count: 7)
Event: asd121 on 2025-08-08 (count: 4)
Event: 12asfasfawe on 2025-08-08 (count: 4)
Event: 12412adsa on 2025-08-08 (count: 4)
Event: janpaul on 2025-08-08 (count: 4)
Events found: 11
Time: 2025-08-03 03:00:05 - Start: 2025-08-01, End: 2025-08-31, Server: /Pet_Track_revise-3/functions/get-appointments.php
Count for 2025-08-06: 7
Count for 2025-08-08: 4
Event: Test User231 on 2025-08-06 (count: 7)
Event: janpaul4 on 2025-08-06 (count: 7)
Event: janpaul on 2025-08-06 (count: 7)
Event: janpaul5 on 2025-08-06 (count: 7)
Event: janpaul3 on 2025-08-06 (count: 7)
Event: janpaul2 on 2025-08-06 (count: 7)
Event: Test User on 2025-08-06 (count: 7)
Event: asd121 on 2025-08-08 (count: 4)
Event: 12asfasfawe on 2025-08-08 (count: 4)
Event: 12412adsa on 2025-08-08 (count: 4)
Event: janpaul on 2025-08-08 (count: 4)
Events found: 11
Time: 2025-08-03 03:00:10 - Start: 2025-08-01, End: 2025-08-31, Server: /Pet_Track_revise-3/functions/get-appointments.php
Count for 2025-08-06: 7
Count for 2025-08-08: 4
Event: Test User231 on 2025-08-06 (count: 7)
Event: janpaul4 on 2025-08-06 (count: 7)
Event: janpaul on 2025-08-06 (count: 7)
Event: janpaul5 on 2025-08-06 (count: 7)
Event: janpaul3 on 2025-08-06 (count: 7)
Event: janpaul2 on 2025-08-06 (count: 7)
Event: Test User on 2025-08-06 (count: 7)
Event: asd121 on 2025-08-08 (count: 4)
Event: 12asfasfawe on 2025-08-08 (count: 4)
Event: 12412adsa on 2025-08-08 (count: 4)
Event: janpaul on 2025-08-08 (count: 4)
Events found: 11
Time: 2025-08-03 03:00:12 - Start: 2025-08-01, End: 2025-08-31, Server: /Pet_Track_revise-3/functions/get-appointments.php
Count for 2025-08-06: 7
Count for 2025-08-08: 4
Event: Test User231 on 2025-08-06 (count: 7)
Event: janpaul4 on 2025-08-06 (count: 7)
Event: janpaul on 2025-08-06 (count: 7)
Event: janpaul5 on 2025-08-06 (count: 7)
Event: janpaul3 on 2025-08-06 (count: 7)
Event: janpaul2 on 2025-08-06 (count: 7)
Event: Test User on 2025-08-06 (count: 7)
Event: asd121 on 2025-08-08 (count: 4)
Event: 12asfasfawe on 2025-08-08 (count: 4)
Event: 12412adsa on 2025-08-08 (count: 4)
Event: janpaul on 2025-08-08 (count: 4)
Events found: 11
Time: 2025-08-03 03:17:56 - Start: 2025-08-01, End: 2025-08-31, Server: /Pet_Track_revise-3/functions/get-appointments.php
Count for 2025-08-06: 7
Count for 2025-08-08: 4
Event: Test User231 on 2025-08-06 (count: 7)
Event: janpaul4 on 2025-08-06 (count: 7)
Event: janpaul on 2025-08-06 (count: 7)
Event: janpaul5 on 2025-08-06 (count: 7)
Event: janpaul3 on 2025-08-06 (count: 7)
Event: janpaul2 on 2025-08-06 (count: 7)
Event: Test User on 2025-08-06 (count: 7)
Event: asd121 on 2025-08-08 (count: 4)
Event: 12asfasfawe on 2025-08-08 (count: 4)
Event: 12412adsa on 2025-08-08 (count: 4)
Event: janpaul on 2025-08-08 (count: 4)
Events found: 11
Time: 2025-08-03 03:18:10 - Start: 2025-08-01, End: 2025-08-31, Server: /Pet_Track_revise-3/functions/get-appointments.php
Count for 2025-08-06: 7
Count for 2025-08-08: 4
Event: Test User231 on 2025-08-06 (count: 7)
Event: janpaul4 on 2025-08-06 (count: 7)
Event: janpaul on 2025-08-06 (count: 7)
Event: janpaul5 on 2025-08-06 (count: 7)
Event: janpaul3 on 2025-08-06 (count: 7)
Event: janpaul2 on 2025-08-06 (count: 7)
Event: Test User on 2025-08-06 (count: 7)
Event: asd121 on 2025-08-08 (count: 4)
Event: 12asfasfawe on 2025-08-08 (count: 4)
Event: 12412adsa on 2025-08-08 (count: 4)
Event: janpaul on 2025-08-08 (count: 4)
Events found: 11
Time: 2025-08-03 03:18:13 - Start: 2025-08-01, End: 2025-08-31, Server: /Pet_Track_revise-3/functions/get-appointments.php
Count for 2025-08-06: 7
Count for 2025-08-08: 4
Event: Test User231 on 2025-08-06 (count: 7)
Event: janpaul4 on 2025-08-06 (count: 7)
Event: janpaul on 2025-08-06 (count: 7)
Event: janpaul5 on 2025-08-06 (count: 7)
Event: janpaul3 on 2025-08-06 (count: 7)
Event: janpaul2 on 2025-08-06 (count: 7)
Event: Test User on 2025-08-06 (count: 7)
Event: asd121 on 2025-08-08 (count: 4)
Event: 12asfasfawe on 2025-08-08 (count: 4)
Event: 12412adsa on 2025-08-08 (count: 4)
Event: janpaul on 2025-08-08 (count: 4)
Events found: 11
Time: 2025-08-03 03:18:15 - Start: 2025-08-01, End: 2025-08-31, Server: /Pet_Track_revise-3/functions/get-appointments.php
Count for 2025-08-06: 7
Count for 2025-08-08: 4
Event: Test User231 on 2025-08-06 (count: 7)
Event: janpaul4 on 2025-08-06 (count: 7)
Event: janpaul on 2025-08-06 (count: 7)
Event: janpaul5 on 2025-08-06 (count: 7)
Event: janpaul3 on 2025-08-06 (count: 7)
Event: janpaul2 on 2025-08-06 (count: 7)
Event: Test User on 2025-08-06 (count: 7)
Event: asd121 on 2025-08-08 (count: 4)
Event: 12asfasfawe on 2025-08-08 (count: 4)
Event: 12412adsa on 2025-08-08 (count: 4)
Event: janpaul on 2025-08-08 (count: 4)
Events found: 11
Time: 2025-08-03 03:18:18 - Start: 2025-08-01, End: 2025-08-31, Server: /Pet_Track_revise-3/functions/get-appointments.php
Count for 2025-08-06: 7
Count for 2025-08-08: 4
Event: Test User231 on 2025-08-06 (count: 7)
Event: janpaul4 on 2025-08-06 (count: 7)
Event: janpaul on 2025-08-06 (count: 7)
Event: janpaul5 on 2025-08-06 (count: 7)
Event: janpaul3 on 2025-08-06 (count: 7)
Event: janpaul2 on 2025-08-06 (count: 7)
Event: Test User on 2025-08-06 (count: 7)
Event: asd121 on 2025-08-08 (count: 4)
Event: 12asfasfawe on 2025-08-08 (count: 4)
Event: 12412adsa on 2025-08-08 (count: 4)
Event: janpaul on 2025-08-08 (count: 4)
Events found: 11
Time: 2025-08-03 06:36:25 - Start: 2025-08-01, End: 2025-08-31, Server: /Pet_Track_revise-3/functions/get-appointments.php
Count for 2025-08-06: 7
Count for 2025-08-08: 4
Event: Test User231 on 2025-08-06 (count: 7)
Event: janpaul4 on 2025-08-06 (count: 7)
Event: janpaul on 2025-08-06 (count: 7)
Event: janpaul5 on 2025-08-06 (count: 7)
Event: janpaul3 on 2025-08-06 (count: 7)
Event: janpaul2 on 2025-08-06 (count: 7)
Event: Test User on 2025-08-06 (count: 7)
Event: asd121 on 2025-08-08 (count: 4)
Event: 12asfasfawe on 2025-08-08 (count: 4)
Event: 12412adsa on 2025-08-08 (count: 4)
Event: janpaul on 2025-08-08 (count: 4)
Events found: 11
Time: 2025-08-03 06:51:00 - Start: 2025-08-01, End: 2025-08-31, Server: /Pet_Track_revise-3/functions/get-appointments.php
Count for 2025-08-06: 7
Count for 2025-08-08: 4
Event: Test User231 on 2025-08-06 (count: 7)
Event: janpaul4 on 2025-08-06 (count: 7)
Event: janpaul on 2025-08-06 (count: 7)
Event: janpaul5 on 2025-08-06 (count: 7)
Event: janpaul3 on 2025-08-06 (count: 7)
Event: janpaul2 on 2025-08-06 (count: 7)
Event: Test User on 2025-08-06 (count: 7)
Event: asd121 on 2025-08-08 (count: 4)
Event: 12asfasfawe on 2025-08-08 (count: 4)
Event: 12412adsa on 2025-08-08 (count: 4)
Event: janpaul on 2025-08-08 (count: 4)
Events found: 11
Time: 2025-08-03 06:52:13 - Start: 2025-08-01, End: 2025-08-31, Server: /Pet_Track_revise-3/functions/get-appointments.php
Count for 2025-08-06: 7
Count for 2025-08-08: 4
Event: Test User231 on 2025-08-06 (count: 7)
Event: janpaul4 on 2025-08-06 (count: 7)
Event: janpaul on 2025-08-06 (count: 7)
Event: janpaul5 on 2025-08-06 (count: 7)
Event: janpaul3 on 2025-08-06 (count: 7)
Event: janpaul2 on 2025-08-06 (count: 7)
Event: Test User on 2025-08-06 (count: 7)
Event: asd121 on 2025-08-08 (count: 4)
Event: 12asfasfawe on 2025-08-08 (count: 4)
Event: 12412adsa on 2025-08-08 (count: 4)
Event: janpaul on 2025-08-08 (count: 4)
Events found: 11
Time: 2025-08-03 06:52:22 - Start: 2025-08-01, End: 2025-08-31, Server: /Pet_Track_revise-3/functions/get-appointments.php?start=2025-08-01&end=2025-08-31
Count for 2025-08-06: 7
Count for 2025-08-08: 4
Event: Test User231 on 2025-08-06 (count: 7)
Event: janpaul4 on 2025-08-06 (count: 7)
Event: janpaul on 2025-08-06 (count: 7)
Event: janpaul5 on 2025-08-06 (count: 7)
Event: janpaul3 on 2025-08-06 (count: 7)
Event: janpaul2 on 2025-08-06 (count: 7)
Event: Test User on 2025-08-06 (count: 7)
Event: asd121 on 2025-08-08 (count: 4)
Event: 12asfasfawe on 2025-08-08 (count: 4)
Event: 12412adsa on 2025-08-08 (count: 4)
Event: janpaul on 2025-08-08 (count: 4)
Events found: 11
Time: 2025-08-03 06:52:23 - Start: 2025-08-01, End: 2025-08-31, Server: /Pet_Track_revise-3/functions/get-appointments.php?start=2025-08-01&end=2025-08-31
Count for 2025-08-06: 7
Count for 2025-08-08: 4
Event: Test User231 on 2025-08-06 (count: 7)
Event: janpaul4 on 2025-08-06 (count: 7)
Event: janpaul on 2025-08-06 (count: 7)
Event: janpaul5 on 2025-08-06 (count: 7)
Event: janpaul3 on 2025-08-06 (count: 7)
Event: janpaul2 on 2025-08-06 (count: 7)
Event: Test User on 2025-08-06 (count: 7)
Event: asd121 on 2025-08-08 (count: 4)
Event: 12asfasfawe on 2025-08-08 (count: 4)
Event: 12412adsa on 2025-08-08 (count: 4)
Event: janpaul on 2025-08-08 (count: 4)
Events found: 11
Time: 2025-08-03 06:52:35 - Start: 2025-08-08, End: 2025-08-08, Server: /Pet_Track_revise-3/functions/get-appointments.php?start=2025-08-08&end=2025-08-08
Count for 2025-08-08: 4
Event: asd121 on 2025-08-08 (count: 4)
Event: 12asfasfawe on 2025-08-08 (count: 4)
Event: 12412adsa on 2025-08-08 (count: 4)
Event: janpaul on 2025-08-08 (count: 4)
Events found: 4
Script executed at 2025-08-02 23:52:35
Database connection successful.
Form data: Array
(
    [owner_name] => esfsfdsfd
    [contact_number] => 232343232
    [appointment_date] => 2025-08-08
    [appointment_time] => 14:34:00
    [reason] => 32234324ser
)

Time: 2025-08-03 06:52:35 - Start: 2025-08-01, End: 2025-08-31, Server: /Pet_Track_revise-3/functions/get-appointments.php?start=2025-08-01&end=2025-08-31
Count for 2025-08-06: 7
Count for 2025-08-08: 5
Event: Test User231 on 2025-08-06 (count: 7)
Event: janpaul4 on 2025-08-06 (count: 7)
Event: janpaul on 2025-08-06 (count: 7)
Event: janpaul5 on 2025-08-06 (count: 7)
Event: janpaul3 on 2025-08-06 (count: 7)
Event: janpaul2 on 2025-08-06 (count: 7)
Event: Test User on 2025-08-06 (count: 7)
Event: asd121 on 2025-08-08 (count: 5)
Event: 12asfasfawe on 2025-08-08 (count: 5)
Event: 12412adsa on 2025-08-08 (count: 5)
Event: esfsfdsfd on 2025-08-08 (count: 5)
Event: janpaul on 2025-08-08 (count: 5)
Events found: 12
Time: 2025-08-03 06:52:37 - Start: 2025-08-01, End: 2025-08-31, Server: /Pet_Track_revise-3/functions/get-appointments.php
Count for 2025-08-06: 7
Count for 2025-08-08: 5
Event: Test User231 on 2025-08-06 (count: 7)
Event: janpaul4 on 2025-08-06 (count: 7)
Event: janpaul on 2025-08-06 (count: 7)
Event: janpaul5 on 2025-08-06 (count: 7)
Event: janpaul3 on 2025-08-06 (count: 7)
Event: janpaul2 on 2025-08-06 (count: 7)
Event: Test User on 2025-08-06 (count: 7)
Event: asd121 on 2025-08-08 (count: 5)
Event: 12asfasfawe on 2025-08-08 (count: 5)
Event: 12412adsa on 2025-08-08 (count: 5)
Event: esfsfdsfd on 2025-08-08 (count: 5)
Event: janpaul on 2025-08-08 (count: 5)
Events found: 12
Time: 2025-08-03 06:52:39 - Start: 2025-08-01, End: 2025-08-31, Server: /Pet_Track_revise-3/functions/get-appointments.php
Count for 2025-08-06: 7
Count for 2025-08-08: 5
Event: Test User231 on 2025-08-06 (count: 7)
Event: janpaul4 on 2025-08-06 (count: 7)
Event: janpaul on 2025-08-06 (count: 7)
Event: janpaul5 on 2025-08-06 (count: 7)
Event: janpaul3 on 2025-08-06 (count: 7)
Event: janpaul2 on 2025-08-06 (count: 7)
Event: Test User on 2025-08-06 (count: 7)
Event: asd121 on 2025-08-08 (count: 5)
Event: 12asfasfawe on 2025-08-08 (count: 5)
Event: 12412adsa on 2025-08-08 (count: 5)
Event: esfsfdsfd on 2025-08-08 (count: 5)
Event: janpaul on 2025-08-08 (count: 5)
Events found: 12
Time: 2025-08-03 06:52:43 - Start: 2025-08-01, End: 2025-08-31, Server: /Pet_Track_revise-3/functions/get-appointments.php
Count for 2025-08-06: 7
Count for 2025-08-08: 5
Event: Test User231 on 2025-08-06 (count: 7)
Event: janpaul4 on 2025-08-06 (count: 7)
Event: janpaul on 2025-08-06 (count: 7)
Event: janpaul5 on 2025-08-06 (count: 7)
Event: janpaul3 on 2025-08-06 (count: 7)
Event: janpaul2 on 2025-08-06 (count: 7)
Event: Test User on 2025-08-06 (count: 7)
Event: asd121 on 2025-08-08 (count: 5)
Event: 12asfasfawe on 2025-08-08 (count: 5)
Event: 12412adsa on 2025-08-08 (count: 5)
Event: esfsfdsfd on 2025-08-08 (count: 5)
Event: janpaul on 2025-08-08 (count: 5)
Events found: 12
Time: 2025-08-03 07:26:38 - Start: 2025-08-01, End: 2025-08-31, Server: /Pet_Track_revise-3/functions/get-appointments.php
Count for 2025-08-06: 7
Count for 2025-08-08: 5
Event: Test User231 on 2025-08-06 (count: 7)
Event: janpaul4 on 2025-08-06 (count: 7)
Event: janpaul on 2025-08-06 (count: 7)
Event: janpaul5 on 2025-08-06 (count: 7)
Event: janpaul3 on 2025-08-06 (count: 7)
Event: janpaul2 on 2025-08-06 (count: 7)
Event: Test User on 2025-08-06 (count: 7)
Event: asd121 on 2025-08-08 (count: 5)
Event: 12asfasfawe on 2025-08-08 (count: 5)
Event: 12412adsa on 2025-08-08 (count: 5)
Event: esfsfdsfd on 2025-08-08 (count: 5)
Event: janpaul on 2025-08-08 (count: 5)
Events found: 12
Time: 2025-08-03 07:26:52 - Start: 2025-08-01, End: 2025-08-31, Server: /Pet_Track_revise-3/functions/get-appointments.php
Count for 2025-08-06: 7
Count for 2025-08-08: 5
Event: Test User231 on 2025-08-06 (count: 7)
Event: janpaul4 on 2025-08-06 (count: 7)
Event: janpaul on 2025-08-06 (count: 7)
Event: janpaul5 on 2025-08-06 (count: 7)
Event: janpaul3 on 2025-08-06 (count: 7)
Event: janpaul2 on 2025-08-06 (count: 7)
Event: Test User on 2025-08-06 (count: 7)
Event: asd121 on 2025-08-08 (count: 5)
Event: 12asfasfawe on 2025-08-08 (count: 5)
Event: 12412adsa on 2025-08-08 (count: 5)
Event: esfsfdsfd on 2025-08-08 (count: 5)
Event: janpaul on 2025-08-08 (count: 5)
Events found: 12
Time: 2025-08-03 07:31:23 - Start: 2025-08-01, End: 2025-08-31, Server: /Pet_Track_revise-3/functions/get-appointments.php?start=2025-08-01&end=2025-08-31
Count for 2025-08-06: 7
Count for 2025-08-08: 5
Event: Test User231 on 2025-08-06 (count: 7)
Event: janpaul4 on 2025-08-06 (count: 7)
Event: janpaul on 2025-08-06 (count: 7)
Event: janpaul5 on 2025-08-06 (count: 7)
Event: janpaul3 on 2025-08-06 (count: 7)
Event: janpaul2 on 2025-08-06 (count: 7)
Event: Test User on 2025-08-06 (count: 7)
Event: asd121 on 2025-08-08 (count: 5)
Event: 12asfasfawe on 2025-08-08 (count: 5)
Event: 12412adsa on 2025-08-08 (count: 5)
Event: esfsfdsfd on 2025-08-08 (count: 5)
Event: janpaul on 2025-08-08 (count: 5)
Events found: 12
Time: 2025-08-03 07:31:34 - Start: 2025-08-01, End: 2025-08-31, Server: /Pet_Track_revise-3/functions/get-appointments.php
Count for 2025-08-06: 7
Count for 2025-08-08: 5
Event: Test User231 on 2025-08-06 (count: 7)
Event: janpaul4 on 2025-08-06 (count: 7)
Event: janpaul on 2025-08-06 (count: 7)
Event: janpaul5 on 2025-08-06 (count: 7)
Event: janpaul3 on 2025-08-06 (count: 7)
Event: janpaul2 on 2025-08-06 (count: 7)
Event: Test User on 2025-08-06 (count: 7)
Event: asd121 on 2025-08-08 (count: 5)
Event: 12asfasfawe on 2025-08-08 (count: 5)
Event: 12412adsa on 2025-08-08 (count: 5)
Event: esfsfdsfd on 2025-08-08 (count: 5)
Event: janpaul on 2025-08-08 (count: 5)
Events found: 12
Time: 2025-08-03 07:32:42 - Start: 2025-08-01, End: 2025-08-31, Server: /Pet_Track_revise-3/functions/get-appointments.php
Count for 2025-08-06: 7
Count for 2025-08-08: 5
Event: Test User231 on 2025-08-06 (count: 7)
Event: janpaul4 on 2025-08-06 (count: 7)
Event: janpaul on 2025-08-06 (count: 7)
Event: janpaul5 on 2025-08-06 (count: 7)
Event: janpaul3 on 2025-08-06 (count: 7)
Event: janpaul2 on 2025-08-06 (count: 7)
Event: Test User on 2025-08-06 (count: 7)
Event: asd121 on 2025-08-08 (count: 5)
Event: 12asfasfawe on 2025-08-08 (count: 5)
Event: 12412adsa on 2025-08-08 (count: 5)
Event: esfsfdsfd on 2025-08-08 (count: 5)
Event: janpaul on 2025-08-08 (count: 5)
Events found: 12
Time: 2025-08-03 07:32:44 - Start: 2025-08-01, End: 2025-08-31, Server: /Pet_Track_revise-3/functions/get-appointments.php
Count for 2025-08-06: 7
Count for 2025-08-08: 5
Event: Test User231 on 2025-08-06 (count: 7)
Event: janpaul4 on 2025-08-06 (count: 7)
Event: janpaul on 2025-08-06 (count: 7)
Event: janpaul5 on 2025-08-06 (count: 7)
Event: janpaul3 on 2025-08-06 (count: 7)
Event: janpaul2 on 2025-08-06 (count: 7)
Event: Test User on 2025-08-06 (count: 7)
Event: asd121 on 2025-08-08 (count: 5)
Event: 12asfasfawe on 2025-08-08 (count: 5)
Event: 12412adsa on 2025-08-08 (count: 5)
Event: esfsfdsfd on 2025-08-08 (count: 5)
Event: janpaul on 2025-08-08 (count: 5)
Events found: 12
Time: 2025-08-03 07:33:00 - Start: 2025-08-01, End: 2025-08-31, Server: /Pet_Track_revise-3/functions/get-appointments.php
Events found: 0
Time: 2025-08-03 07:33:03 - Start: 2025-08-01, End: 2025-08-31, Server: /Pet_Track_revise-3/functions/get-appointments.php
Events found: 0
Time: 2025-08-03 07:33:07 - Start: 2025-08-01, End: 2025-08-31, Server: /Pet_Track_revise-3/functions/get-appointments.php
Events found: 0
Time: 2025-08-03 08:11:53 - Start: 2025-08-01, End: 2025-08-31, Server: /Pet_Track_revise-3/appointments.php
Events found: 0
Time: 2025-08-03 14:51:48 - Start: 2025-08-01, End: 2025-08-31, Server: /Pet_Track_revise-3/functions/get-appointments.php?start=2025-08-01&end=2025-08-31
Events found: 0
Time: 2025-08-03 14:51:50 - Start: 2025-08-01, End: 2025-08-31, Server: /Pet_Track_revise-3/functions/get-appointments.php?start=2025-08-01&end=2025-08-31
Events found: 0
Time: 2025-08-03 14:52:08 - Start: 2025-08-07, End: 2025-08-07, Server: /Pet_Track_revise-3/functions/get-appointments.php?start=2025-08-07&end=2025-08-07
Events found: 0
Script executed at 2025-08-03 07:52:08
Database connection successful.
Form data: Array
(
    [owner_name] => mikay
    [contact_number] => 093925166644
    [appointment_date] => 2025-08-07
    [appointment_time] => 14:34:00
    [reason] => wwqew
)

Time: 2025-08-03 14:52:08 - Start: 2025-08-01, End: 2025-08-31, Server: /Pet_Track_revise-3/functions/get-appointments.php?start=2025-08-01&end=2025-08-31
Count for 2025-08-07: 1
Event: mikay on 2025-08-07 (count: 1)
Events found: 1
Time: 2025-08-03 14:52:26 - Start: 2025-08-01, End: 2025-08-31, Server: /Pet_Track_revise-3/functions/get-appointments.php
Count for 2025-08-07: 1
Event: mikay on 2025-08-07 (count: 1)
Events found: 1
Time: 2025-08-03 14:52:45 - Start: 2025-08-01, End: 2025-08-31, Server: /Pet_Track_revise-3/functions/get-appointments.php?start=2025-08-01&end=2025-08-31
Count for 2025-08-07: 1
Event: mikay on 2025-08-07 (count: 1)
Events found: 1
Time: 2025-08-03 14:53:14 - Start: 2025-08-07, End: 2025-08-07, Server: /Pet_Track_revise-3/functions/get-appointments.php?start=2025-08-07&end=2025-08-07
Count for 2025-08-07: 1
Event: mikay on 2025-08-07 (count: 1)
Events found: 1
Script executed at 2025-08-03 07:53:14
Database connection successful.
Form data: Array
(
    [owner_name] => odemil
    [contact_number] => 132798327981327
    [appointment_date] => 2025-08-07
    [appointment_time] => 12:34:00
    [reason] => rew23424
)

Time: 2025-08-03 14:53:14 - Start: 2025-08-01, End: 2025-08-31, Server: /Pet_Track_revise-3/functions/get-appointments.php?start=2025-08-01&end=2025-08-31
Count for 2025-08-07: 2
Event: odemil on 2025-08-07 (count: 2)
Event: mikay on 2025-08-07 (count: 2)
Events found: 2
Time: 2025-08-03 14:53:15 - Start: 2025-08-01, End: 2025-08-31, Server: /Pet_Track_revise-3/functions/get-appointments.php?start=2025-08-01&end=2025-08-31
Count for 2025-08-07: 2
Event: odemil on 2025-08-07 (count: 2)
Event: mikay on 2025-08-07 (count: 2)
Events found: 2
Time: 2025-08-03 14:53:25 - Start: 2025-08-07, End: 2025-08-07, Server: /Pet_Track_revise-3/functions/get-appointments.php?start=2025-08-07&end=2025-08-07
Count for 2025-08-07: 2
Event: odemil on 2025-08-07 (count: 2)
Event: mikay on 2025-08-07 (count: 2)
Events found: 2
Script executed at 2025-08-03 07:53:25
Database connection successful.
Form data: Array
(
    [owner_name] => uyan
    [contact_number] => 4123124
    [appointment_date] => 2025-08-07
    [appointment_time] => 12:31:00
    [reason] => ew22
)

Time: 2025-08-03 14:53:25 - Start: 2025-08-01, End: 2025-08-31, Server: /Pet_Track_revise-3/functions/get-appointments.php?start=2025-08-01&end=2025-08-31
Count for 2025-08-07: 3
Event: uyan on 2025-08-07 (count: 3)
Event: odemil on 2025-08-07 (count: 3)
Event: mikay on 2025-08-07 (count: 3)
Events found: 3
Time: 2025-08-03 14:53:26 - Start: 2025-08-01, End: 2025-08-31, Server: /Pet_Track_revise-3/functions/get-appointments.php?start=2025-08-01&end=2025-08-31
Count for 2025-08-07: 3
Event: uyan on 2025-08-07 (count: 3)
Event: odemil on 2025-08-07 (count: 3)
Event: mikay on 2025-08-07 (count: 3)
Events found: 3
Time: 2025-08-03 14:53:47 - Start: 2025-08-07, End: 2025-08-07, Server: /Pet_Track_revise-3/functions/get-appointments.php?start=2025-08-07&end=2025-08-07
Count for 2025-08-07: 3
Event: uyan on 2025-08-07 (count: 3)
Event: odemil on 2025-08-07 (count: 3)
Event: mikay on 2025-08-07 (count: 3)
Events found: 3
Script executed at 2025-08-03 07:53:47
Database connection successful.
Form data: Array
(
    [owner_name] => sheryl
    [contact_number] => 152414
    [appointment_date] => 2025-08-07
    [appointment_time] => 12:41:00
    [reason] => 41213124
)

Time: 2025-08-03 14:53:47 - Start: 2025-08-01, End: 2025-08-31, Server: /Pet_Track_revise-3/functions/get-appointments.php?start=2025-08-01&end=2025-08-31
Count for 2025-08-07: 4
Event: uyan on 2025-08-07 (count: 4)
Event: odemil on 2025-08-07 (count: 4)
Event: sheryl on 2025-08-07 (count: 4)
Event: mikay on 2025-08-07 (count: 4)
Events found: 4
Time: 2025-08-03 14:53:48 - Start: 2025-08-01, End: 2025-08-31, Server: /Pet_Track_revise-3/functions/get-appointments.php?start=2025-08-01&end=2025-08-31
Count for 2025-08-07: 4
Event: uyan on 2025-08-07 (count: 4)
Event: odemil on 2025-08-07 (count: 4)
Event: sheryl on 2025-08-07 (count: 4)
Event: mikay on 2025-08-07 (count: 4)
Events found: 4
Time: 2025-08-03 14:54:06 - Start: 2025-08-07, End: 2025-08-07, Server: /Pet_Track_revise-3/functions/get-appointments.php?start=2025-08-07&end=2025-08-07
Count for 2025-08-07: 4
Event: uyan on 2025-08-07 (count: 4)
Event: odemil on 2025-08-07 (count: 4)
Event: sheryl on 2025-08-07 (count: 4)
Event: mikay on 2025-08-07 (count: 4)
Events found: 4
Script executed at 2025-08-03 07:54:06
Database connection successful.
Form data: Array
(
    [owner_name] => closherl
    [contact_number] => 324324esr
    [appointment_date] => 2025-08-07
    [appointment_time] => 15:23:00
    [reason] => 12423124
)

Time: 2025-08-03 14:54:06 - Start: 2025-08-01, End: 2025-08-31, Server: /Pet_Track_revise-3/functions/get-appointments.php?start=2025-08-01&end=2025-08-31
Count for 2025-08-07: 5
Event: uyan on 2025-08-07 (count: 5)
Event: odemil on 2025-08-07 (count: 5)
Event: sheryl on 2025-08-07 (count: 5)
Event: mikay on 2025-08-07 (count: 5)
Event: closherl on 2025-08-07 (count: 5)
Events found: 5
Time: 2025-08-03 14:54:08 - Start: 2025-08-01, End: 2025-08-31, Server: /Pet_Track_revise-3/functions/get-appointments.php
Count for 2025-08-07: 5
Event: uyan on 2025-08-07 (count: 5)
Event: odemil on 2025-08-07 (count: 5)
Event: sheryl on 2025-08-07 (count: 5)
Event: mikay on 2025-08-07 (count: 5)
Event: closherl on 2025-08-07 (count: 5)
Events found: 5
Time: 2025-08-03 14:54:15 - Start: 2025-08-01, End: 2025-08-31, Server: /Pet_Track_revise-3/functions/get-appointments.php?start=2025-08-01&end=2025-08-31
Count for 2025-08-07: 5
Event: uyan on 2025-08-07 (count: 5)
Event: odemil on 2025-08-07 (count: 5)
Event: sheryl on 2025-08-07 (count: 5)
Event: mikay on 2025-08-07 (count: 5)
Event: closherl on 2025-08-07 (count: 5)
Events found: 5
Time: 2025-08-03 14:54:34 - Start: 2025-08-07, End: 2025-08-07, Server: /Pet_Track_revise-3/functions/get-appointments.php?start=2025-08-07&end=2025-08-07
Count for 2025-08-07: 5
Event: uyan on 2025-08-07 (count: 5)
Event: odemil on 2025-08-07 (count: 5)
Event: sheryl on 2025-08-07 (count: 5)
Event: mikay on 2025-08-07 (count: 5)
Event: closherl on 2025-08-07 (count: 5)
Events found: 5
Script executed at 2025-08-03 07:54:34
Database connection successful.
Form data: Array
(
    [owner_name] => mikay
    [contact_number] => 2131241
    [appointment_date] => 2025-08-07
    [appointment_time] => 12:22:00
    [reason] => ewrewr
)

Time: 2025-08-03 14:54:35 - Start: 2025-08-01, End: 2025-08-31, Server: /Pet_Track_revise-3/functions/get-appointments.php?start=2025-08-01&end=2025-08-31
Count for 2025-08-07: 6
Event: mikay on 2025-08-07 (count: 6)
Event: uyan on 2025-08-07 (count: 6)
Event: odemil on 2025-08-07 (count: 6)
Event: sheryl on 2025-08-07 (count: 6)
Event: mikay on 2025-08-07 (count: 6)
Event: closherl on 2025-08-07 (count: 6)
Events found: 6
Time: 2025-08-03 14:54:36 - Start: 2025-08-01, End: 2025-08-31, Server: /Pet_Track_revise-3/functions/get-appointments.php?start=2025-08-01&end=2025-08-31
Count for 2025-08-07: 6
Event: mikay on 2025-08-07 (count: 6)
Event: uyan on 2025-08-07 (count: 6)
Event: odemil on 2025-08-07 (count: 6)
Event: sheryl on 2025-08-07 (count: 6)
Event: mikay on 2025-08-07 (count: 6)
Event: closherl on 2025-08-07 (count: 6)
Events found: 6
Time: 2025-08-03 14:54:45 - Start: 2025-08-01, End: 2025-08-31, Server: /Pet_Track_revise-3/functions/get-appointments.php
Count for 2025-08-07: 6
Event: mikay on 2025-08-07 (count: 6)
Event: uyan on 2025-08-07 (count: 6)
Event: odemil on 2025-08-07 (count: 6)
Event: sheryl on 2025-08-07 (count: 6)
Event: mikay on 2025-08-07 (count: 6)
Event: closherl on 2025-08-07 (count: 6)
Events found: 6
Time: 2025-08-03 14:56:34 - Start: 2025-08-01, End: 2025-08-31, Server: /Pet_Track_revise-3/functions/get-appointments.php
Count for 2025-08-07: 6
Event: mikay on 2025-08-07 (count: 6)
Event: uyan on 2025-08-07 (count: 6)
Event: odemil on 2025-08-07 (count: 6)
Event: sheryl on 2025-08-07 (count: 6)
Event: mikay on 2025-08-07 (count: 6)
Event: closherl on 2025-08-07 (count: 6)
Events found: 6
Time: 2025-08-03 15:33:14 - Start: 2025-08-01, End: 2025-08-31, Server: /Pet_Track_revise-3/functions/get-appointments.php
Count for 2025-08-07: 6
Event: mikay on 2025-08-07 (count: 6)
Event: uyan on 2025-08-07 (count: 6)
Event: odemil on 2025-08-07 (count: 6)
Event: sheryl on 2025-08-07 (count: 6)
Event: mikay on 2025-08-07 (count: 6)
Event: closherl on 2025-08-07 (count: 6)
Events found: 6
Time: 2025-08-03 15:33:20 - Start: 2025-08-01, End: 2025-08-31, Server: /Pet_Track_revise-3/functions/get-appointments.php?start=2025-08-01&end=2025-08-31
Count for 2025-08-07: 6
Event: mikay on 2025-08-07 (count: 6)
Event: uyan on 2025-08-07 (count: 6)
Event: odemil on 2025-08-07 (count: 6)
Event: sheryl on 2025-08-07 (count: 6)
Event: mikay on 2025-08-07 (count: 6)
Event: closherl on 2025-08-07 (count: 6)
Events found: 6
Time: 2025-08-04 00:39:46 - Start: 2025-08-01, End: 2025-08-31, Server: /Pet_Track_revise-3/functions/get-appointments.php
Count for 2025-08-07: 6
Event: mikay on 2025-08-07 (count: 6)
Event: uyan on 2025-08-07 (count: 6)
Event: odemil on 2025-08-07 (count: 6)
Event: sheryl on 2025-08-07 (count: 6)
Event: mikay on 2025-08-07 (count: 6)
Event: closherl on 2025-08-07 (count: 6)
Events found: 6
Time: 2025-08-04 00:39:59 - Start: 2025-08-01, End: 2025-08-31, Server: /Pet_Track_revise-3/functions/get-appointments.php
Count for 2025-08-07: 6
Event: mikay on 2025-08-07 (count: 6)
Event: uyan on 2025-08-07 (count: 6)
Event: odemil on 2025-08-07 (count: 6)
Event: sheryl on 2025-08-07 (count: 6)
Event: mikay on 2025-08-07 (count: 6)
Event: closherl on 2025-08-07 (count: 6)
Events found: 6
Time: 2025-08-04 00:40:30 - Start: 2025-08-01, End: 2025-08-31, Server: /Pet_Track_revise-3/functions/get-appointments.php
Count for 2025-08-07: 6
Event: mikay on 2025-08-07 (count: 6)
Event: uyan on 2025-08-07 (count: 6)
Event: odemil on 2025-08-07 (count: 6)
Event: sheryl on 2025-08-07 (count: 6)
Event: mikay on 2025-08-07 (count: 6)
Event: closherl on 2025-08-07 (count: 6)
Events found: 6
Time: 2025-08-04 00:43:52 - Start: 2025-08-01, End: 2025-08-31, Server: /Pet_Track_revise-3/functions/get-appointments.php
Count for 2025-08-07: 6
Event: mikay on 2025-08-07 (count: 6)
Event: uyan on 2025-08-07 (count: 6)
Event: odemil on 2025-08-07 (count: 6)
Event: sheryl on 2025-08-07 (count: 6)
Event: mikay on 2025-08-07 (count: 6)
Event: closherl on 2025-08-07 (count: 6)
Events found: 6
Time: 2025-08-04 00:54:28 - Start: 2025-08-01, End: 2025-08-31, Server: /Pet_Track_revise-3/functions/get-appointments.php
Count for 2025-08-07: 6
Event: mikay on 2025-08-07 (count: 6)
Event: uyan on 2025-08-07 (count: 6)
Event: odemil on 2025-08-07 (count: 6)
Event: sheryl on 2025-08-07 (count: 6)
Event: mikay on 2025-08-07 (count: 6)
Event: closherl on 2025-08-07 (count: 6)
Events found: 6
Time: 2025-08-04 00:54:34 - Start: 2025-08-01, End: 2025-08-31, Server: /Pet_Track_revise-3/functions/get-appointments.php
Count for 2025-08-07: 6
Event: mikay on 2025-08-07 (count: 6)
Event: uyan on 2025-08-07 (count: 6)
Event: odemil on 2025-08-07 (count: 6)
Event: sheryl on 2025-08-07 (count: 6)
Event: mikay on 2025-08-07 (count: 6)
Event: closherl on 2025-08-07 (count: 6)
Events found: 6
Time: 2025-08-04 01:13:16 - Start: 2025-08-01, End: 2025-08-31, Server: /Pet_Track_revise-3/functions/get-appointments.php?start=2025-08-01&end=2025-08-31
Count for 2025-08-07: 6
Event: mikay on 2025-08-07 (count: 6)
Event: uyan on 2025-08-07 (count: 6)
Event: odemil on 2025-08-07 (count: 6)
Event: sheryl on 2025-08-07 (count: 6)
Event: mikay on 2025-08-07 (count: 6)
Event: closherl on 2025-08-07 (count: 6)
Events found: 6
Time: 2025-08-04 01:30:02 - Start: 2025-08-01, End: 2025-08-31, Server: /Pet_Track_revise-3/functions/get-appointments.php
Count for 2025-08-07: 6
Event: mikay on 2025-08-07 (count: 6)
Event: uyan on 2025-08-07 (count: 6)
Event: odemil on 2025-08-07 (count: 6)
Event: sheryl on 2025-08-07 (count: 6)
Event: mikay on 2025-08-07 (count: 6)
Event: closherl on 2025-08-07 (count: 6)
Events found: 6
Time: 2025-08-04 01:31:14 - Start: 2025-08-01, End: 2025-08-31, Server: /Pet_Track_revise-3/functions/get-appointments.php?start=2025-08-01&end=2025-08-31
Count for 2025-08-07: 6
Event: mikay on 2025-08-07 (count: 6)
Event: uyan on 2025-08-07 (count: 6)
Event: odemil on 2025-08-07 (count: 6)
Event: sheryl on 2025-08-07 (count: 6)
Event: mikay on 2025-08-07 (count: 6)
Event: closherl on 2025-08-07 (count: 6)
Events found: 6
Time: 2025-08-04 01:33:12 - Start: 2025-08-08, End: 2025-08-08, Server: /Pet_Track_revise-3/functions/get-appointments.php?start=2025-08-08&end=2025-08-08
Events found: 0
Script executed at 2025-08-03 18:33:12
Database connection successful.
Form data: Array
(
    [owner_name] => Maricar Bahala
    [contact_number] => 09158524719
    [appointment_date] => 2025-08-08
    [appointment_time] => 10:08:00
    [reason] => example
)

Time: 2025-08-04 01:33:12 - Start: 2025-08-01, End: 2025-08-31, Server: /Pet_Track_revise-3/functions/get-appointments.php?start=2025-08-01&end=2025-08-31
Count for 2025-08-07: 6
Count for 2025-08-08: 1
Event: mikay on 2025-08-07 (count: 6)
Event: uyan on 2025-08-07 (count: 6)
Event: odemil on 2025-08-07 (count: 6)
Event: sheryl on 2025-08-07 (count: 6)
Event: mikay on 2025-08-07 (count: 6)
Event: closherl on 2025-08-07 (count: 6)
Event: Maricar Bahala on 2025-08-08 (count: 1)
Events found: 7
Time: 2025-08-04 01:33:28 - Start: 2025-08-01, End: 2025-08-31, Server: /Pet_Track_revise-3/functions/get-appointments.php
Count for 2025-08-07: 6
Count for 2025-08-08: 1
Event: mikay on 2025-08-07 (count: 6)
Event: uyan on 2025-08-07 (count: 6)
Event: odemil on 2025-08-07 (count: 6)
Event: sheryl on 2025-08-07 (count: 6)
Event: mikay on 2025-08-07 (count: 6)
Event: closherl on 2025-08-07 (count: 6)
Event: Maricar Bahala on 2025-08-08 (count: 1)
Events found: 7
Time: 2025-08-04 15:27:00 - Start: 2025-08-01, End: 2025-08-31, Server: /Pet_Track_revise-3/functions/get-appointments.php
Count for 2025-08-07: 6
Count for 2025-08-08: 1
Event: mikay on 2025-08-07 (count: 6)
Event: uyan on 2025-08-07 (count: 6)
Event: odemil on 2025-08-07 (count: 6)
Event: sheryl on 2025-08-07 (count: 6)
Event: mikay on 2025-08-07 (count: 6)
Event: closherl on 2025-08-07 (count: 6)
Event: Maricar Bahala on 2025-08-08 (count: 1)
Events found: 7
Time: 2025-08-04 15:27:17 - Start: 2025-08-01, End: 2025-08-31, Server: /Pet_Track_revise-3/functions/get-appointments.php
Count for 2025-08-07: 6
Count for 2025-08-08: 1
Event: mikay on 2025-08-07 (count: 6)
Event: uyan on 2025-08-07 (count: 6)
Event: odemil on 2025-08-07 (count: 6)
Event: sheryl on 2025-08-07 (count: 6)
Event: mikay on 2025-08-07 (count: 6)
Event: closherl on 2025-08-07 (count: 6)
Event: Maricar Bahala on 2025-08-08 (count: 1)
Events found: 7
Time: 2025-08-04 15:28:42 - Start: 2025-08-01, End: 2025-08-31, Server: /Pet_Track_revise-3/functions/get-appointments.php
Count for 2025-08-07: 6
Count for 2025-08-08: 1
Event: mikay on 2025-08-07 (count: 6)
Event: uyan on 2025-08-07 (count: 6)
Event: odemil on 2025-08-07 (count: 6)
Event: sheryl on 2025-08-07 (count: 6)
Event: mikay on 2025-08-07 (count: 6)
Event: closherl on 2025-08-07 (count: 6)
Event: Maricar Bahala on 2025-08-08 (count: 1)
Events found: 7
Time: 2025-08-04 15:29:16 - Start: 2025-08-01, End: 2025-08-31, Server: /Pet_Track_revise-3/functions/get-appointments.php?start=2025-08-01&end=2025-08-31
Count for 2025-08-07: 6
Count for 2025-08-08: 1
Event: mikay on 2025-08-07 (count: 6)
Event: uyan on 2025-08-07 (count: 6)
Event: odemil on 2025-08-07 (count: 6)
Event: sheryl on 2025-08-07 (count: 6)
Event: mikay on 2025-08-07 (count: 6)
Event: closherl on 2025-08-07 (count: 6)
Event: Maricar Bahala on 2025-08-08 (count: 1)
Events found: 7
Time: 2025-08-04 15:29:17 - Start: 2025-08-01, End: 2025-08-31, Server: /Pet_Track_revise-3/functions/get-appointments.php?start=2025-08-01&end=2025-08-31
Count for 2025-08-07: 6
Count for 2025-08-08: 1
Event: mikay on 2025-08-07 (count: 6)
Event: uyan on 2025-08-07 (count: 6)
Event: odemil on 2025-08-07 (count: 6)
Event: sheryl on 2025-08-07 (count: 6)
Event: mikay on 2025-08-07 (count: 6)
Event: closherl on 2025-08-07 (count: 6)
Event: Maricar Bahala on 2025-08-08 (count: 1)
Events found: 7
Time: 2025-08-04 15:34:06 - Start: 2025-08-15, End: 2025-08-15, Server: /Pet_Track_revise-3/functions/get-appointments.php?start=2025-08-15&end=2025-08-15
Events found: 0
Script executed at 2025-08-04 08:34:07
Database connection successful.
Form data: Array
(
    [owner_name] => 2323
    [contact_number] => 2323
    [appointment_date] => 2025-08-15
    [appointment_time] => 16:21:00
    [reason] => ssfdfdssfd
)

Time: 2025-08-04 15:34:07 - Start: 2025-08-01, End: 2025-08-31, Server: /Pet_Track_revise-3/functions/get-appointments.php?start=2025-08-01&end=2025-08-31
Count for 2025-08-07: 6
Count for 2025-08-08: 1
Count for 2025-08-15: 1
Event: mikay on 2025-08-07 (count: 6)
Event: uyan on 2025-08-07 (count: 6)
Event: odemil on 2025-08-07 (count: 6)
Event: sheryl on 2025-08-07 (count: 6)
Event: mikay on 2025-08-07 (count: 6)
Event: closherl on 2025-08-07 (count: 6)
Event: Maricar Bahala on 2025-08-08 (count: 1)
Event: 2323 on 2025-08-15 (count: 1)
Events found: 8
Time: 2025-08-04 15:34:12 - Start: 2025-08-01, End: 2025-08-31, Server: /Pet_Track_revise-3/functions/get-appointments.php
Count for 2025-08-07: 6
Count for 2025-08-08: 1
Count for 2025-08-15: 1
Event: mikay on 2025-08-07 (count: 6)
Event: uyan on 2025-08-07 (count: 6)
Event: odemil on 2025-08-07 (count: 6)
Event: sheryl on 2025-08-07 (count: 6)
Event: mikay on 2025-08-07 (count: 6)
Event: closherl on 2025-08-07 (count: 6)
Event: Maricar Bahala on 2025-08-08 (count: 1)
Event: 2323 on 2025-08-15 (count: 1)
Events found: 8
Time: 2025-08-04 15:39:41 - Start: 2025-08-01, End: 2025-08-31, Server: /Pet_Track_revise-3/functions/get-appointments.php?start=2025-08-01&end=2025-08-31
Count for 2025-08-07: 6
Count for 2025-08-08: 1
Count for 2025-08-15: 1
Event: mikay on 2025-08-07 (count: 6)
Event: uyan on 2025-08-07 (count: 6)
Event: odemil on 2025-08-07 (count: 6)
Event: sheryl on 2025-08-07 (count: 6)
Event: mikay on 2025-08-07 (count: 6)
Event: closherl on 2025-08-07 (count: 6)
Event: Maricar Bahala on 2025-08-08 (count: 1)
Event: 2323 on 2025-08-15 (count: 1)
Events found: 8
Time: 2025-08-04 15:39:42 - Start: 2025-08-01, End: 2025-08-31, Server: /Pet_Track_revise-3/functions/get-appointments.php?start=2025-08-01&end=2025-08-31
Count for 2025-08-07: 6
Count for 2025-08-08: 1
Count for 2025-08-15: 1
Event: mikay on 2025-08-07 (count: 6)
Event: uyan on 2025-08-07 (count: 6)
Event: odemil on 2025-08-07 (count: 6)
Event: sheryl on 2025-08-07 (count: 6)
Event: mikay on 2025-08-07 (count: 6)
Event: closherl on 2025-08-07 (count: 6)
Event: Maricar Bahala on 2025-08-08 (count: 1)
Event: 2323 on 2025-08-15 (count: 1)
Events found: 8
Time: 2025-08-04 15:39:56 - Start: 2025-08-15, End: 2025-08-15, Server: /Pet_Track_revise-3/functions/get-appointments.php?start=2025-08-15&end=2025-08-15
Count for 2025-08-15: 1
Event: 2323 on 2025-08-15 (count: 1)
Events found: 1
Script executed at 2025-08-04 08:39:56
Database connection successful.
Form data: Array
(
    [owner_name] => Test User
    [contact_number] => 23232
    [appointment_date] => 2025-08-15
    [appointment_time] => 15:23:00
    [reason] => waea
)

Time: 2025-08-04 15:39:56 - Start: 2025-08-01, End: 2025-08-31, Server: /Pet_Track_revise-3/functions/get-appointments.php?start=2025-08-01&end=2025-08-31
Count for 2025-08-07: 6
Count for 2025-08-08: 1
Count for 2025-08-15: 2
Event: mikay on 2025-08-07 (count: 6)
Event: uyan on 2025-08-07 (count: 6)
Event: odemil on 2025-08-07 (count: 6)
Event: sheryl on 2025-08-07 (count: 6)
Event: mikay on 2025-08-07 (count: 6)
Event: closherl on 2025-08-07 (count: 6)
Event: Maricar Bahala on 2025-08-08 (count: 1)
Event: Test User on 2025-08-15 (count: 2)
Event: 2323 on 2025-08-15 (count: 2)
Events found: 9
Time: 2025-08-04 15:51:56 - Start: 2025-08-01, End: 2025-08-31, Server: /Pet_Track_revise-3/functions/get-appointments.php
Count for 2025-08-07: 6
Count for 2025-08-08: 1
Count for 2025-08-15: 2
Event: mikay on 2025-08-07 (count: 6)
Event: uyan on 2025-08-07 (count: 6)
Event: odemil on 2025-08-07 (count: 6)
Event: sheryl on 2025-08-07 (count: 6)
Event: mikay on 2025-08-07 (count: 6)
Event: closherl on 2025-08-07 (count: 6)
Event: Maricar Bahala on 2025-08-08 (count: 1)
Event: Test User on 2025-08-15 (count: 2)
Event: 2323 on 2025-08-15 (count: 2)
Events found: 9
Time: 2025-08-04 15:52:06 - Start: 2025-08-01, End: 2025-08-31, Server: /Pet_Track_revise-3/functions/get-appointments.php
Count for 2025-08-07: 6
Count for 2025-08-08: 1
Count for 2025-08-15: 2
Event: mikay on 2025-08-07 (count: 6)
Event: uyan on 2025-08-07 (count: 6)
Event: odemil on 2025-08-07 (count: 6)
Event: sheryl on 2025-08-07 (count: 6)
Event: mikay on 2025-08-07 (count: 6)
Event: closherl on 2025-08-07 (count: 6)
Event: Maricar Bahala on 2025-08-08 (count: 1)
Event: Test User on 2025-08-15 (count: 2)
Event: 2323 on 2025-08-15 (count: 2)
Events found: 9
Time: 2025-08-04 15:52:07 - Start: 2025-08-01, End: 2025-08-31, Server: /Pet_Track_revise-3/functions/get-appointments.php
Count for 2025-08-07: 6
Count for 2025-08-08: 1
Count for 2025-08-15: 2
Event: mikay on 2025-08-07 (count: 6)
Event: uyan on 2025-08-07 (count: 6)
Event: odemil on 2025-08-07 (count: 6)
Event: sheryl on 2025-08-07 (count: 6)
Event: mikay on 2025-08-07 (count: 6)
Event: closherl on 2025-08-07 (count: 6)
Event: Maricar Bahala on 2025-08-08 (count: 1)
Event: Test User on 2025-08-15 (count: 2)
Event: 2323 on 2025-08-15 (count: 2)
Events found: 9
Time: 2025-08-04 15:53:29 - Start: 2025-08-01, End: 2025-08-31, Server: /Pet_Track_revise-3/functions/get-appointments.php
Count for 2025-08-07: 6
Count for 2025-08-08: 1
Count for 2025-08-15: 2
Event: mikay on 2025-08-07 (count: 6)
Event: uyan on 2025-08-07 (count: 6)
Event: odemil on 2025-08-07 (count: 6)
Event: sheryl on 2025-08-07 (count: 6)
Event: mikay on 2025-08-07 (count: 6)
Event: closherl on 2025-08-07 (count: 6)
Event: Maricar Bahala on 2025-08-08 (count: 1)
Event: Test User on 2025-08-15 (count: 2)
Event: 2323 on 2025-08-15 (count: 2)
Events found: 9
Time: 2025-08-04 15:53:33 - Start: 2025-08-01, End: 2025-08-31, Server: /Pet_Track_revise-3/functions/get-appointments.php
Count for 2025-08-07: 6
Count for 2025-08-08: 1
Count for 2025-08-15: 2
Event: mikay on 2025-08-07 (count: 6)
Event: uyan on 2025-08-07 (count: 6)
Event: odemil on 2025-08-07 (count: 6)
Event: sheryl on 2025-08-07 (count: 6)
Event: mikay on 2025-08-07 (count: 6)
Event: closherl on 2025-08-07 (count: 6)
Event: Maricar Bahala on 2025-08-08 (count: 1)
Event: Test User on 2025-08-15 (count: 2)
Event: 2323 on 2025-08-15 (count: 2)
Events found: 9
Time: 2025-08-05 15:02:10 - Start: 2025-08-01, End: 2025-08-31, Server: /Pet_Track_revise-3/functions/get-appointments.php?start=2025-08-01&end=2025-08-31
Count for 2025-08-07: 6
Count for 2025-08-08: 1
Count for 2025-08-15: 2
Event: mikay on 2025-08-07 (count: 6)
Event: uyan on 2025-08-07 (count: 6)
Event: odemil on 2025-08-07 (count: 6)
Event: sheryl on 2025-08-07 (count: 6)
Event: mikay on 2025-08-07 (count: 6)
Event: closherl on 2025-08-07 (count: 6)
Event: Maricar Bahala on 2025-08-08 (count: 1)
Event: Test User on 2025-08-15 (count: 2)
Event: 2323 on 2025-08-15 (count: 2)
Events found: 9
Time: 2025-08-05 15:02:11 - Start: 2025-08-01, End: 2025-08-31, Server: /Pet_Track_revise-3/functions/get-appointments.php?start=2025-08-01&end=2025-08-31
Count for 2025-08-07: 6
Count for 2025-08-08: 1
Count for 2025-08-15: 2
Event: mikay on 2025-08-07 (count: 6)
Event: uyan on 2025-08-07 (count: 6)
Event: odemil on 2025-08-07 (count: 6)
Event: sheryl on 2025-08-07 (count: 6)
Event: mikay on 2025-08-07 (count: 6)
Event: closherl on 2025-08-07 (count: 6)
Event: Maricar Bahala on 2025-08-08 (count: 1)
Event: Test User on 2025-08-15 (count: 2)
Event: 2323 on 2025-08-15 (count: 2)
Events found: 9
Time: 2025-08-05 15:22:17 - Start: 2025-08-01, End: 2025-08-31, Server: /Pet_Track_revise-3/functions/get-appointments.php?start=2025-08-01&end=2025-08-31
Count for 2025-08-07: 6
Count for 2025-08-08: 1
Count for 2025-08-15: 2
Event: mikay on 2025-08-07 (count: 6)
Event: uyan on 2025-08-07 (count: 6)
Event: odemil on 2025-08-07 (count: 6)
Event: sheryl on 2025-08-07 (count: 6)
Event: mikay on 2025-08-07 (count: 6)
Event: closherl on 2025-08-07 (count: 6)
Event: Maricar Bahala on 2025-08-08 (count: 1)
Event: Test User on 2025-08-15 (count: 2)
Event: 2323 on 2025-08-15 (count: 2)
Events found: 9
Time: 2025-08-05 15:28:36 - Start: 2025-08-01, End: 2025-08-31, Server: /Pet_Track_revise-3/functions/get-appointments.php?start=2025-08-01&end=2025-08-31
Count for 2025-08-07: 6
Count for 2025-08-08: 1
Count for 2025-08-15: 2
Event: mikay on 2025-08-07 (count: 6)
Event: uyan on 2025-08-07 (count: 6)
Event: odemil on 2025-08-07 (count: 6)
Event: sheryl on 2025-08-07 (count: 6)
Event: mikay on 2025-08-07 (count: 6)
Event: closherl on 2025-08-07 (count: 6)
Event: Maricar Bahala on 2025-08-08 (count: 1)
Event: Test User on 2025-08-15 (count: 2)
Event: 2323 on 2025-08-15 (count: 2)
Events found: 9
Time: 2025-08-06 07:26:53 - Start: 2025-08-01, End: 2025-08-31, Server: /Pet_Track_revise-3/functions/get-appointments.php
Count for 2025-08-07: 6
Count for 2025-08-08: 1
Count for 2025-08-15: 2
Event: mikay on 2025-08-07 (count: 6)
Event: uyan on 2025-08-07 (count: 6)
Event: odemil on 2025-08-07 (count: 6)
Event: sheryl on 2025-08-07 (count: 6)
Event: mikay on 2025-08-07 (count: 6)
Event: closherl on 2025-08-07 (count: 6)
Event: Maricar Bahala on 2025-08-08 (count: 1)
Event: Test User on 2025-08-15 (count: 2)
Event: 2323 on 2025-08-15 (count: 2)
Events found: 9
Time: 2025-08-06 16:13:55 - Start: 2025-08-01, End: 2025-08-31, Server: /Pet_Track_revise-3/functions/get-appointments.php
Count for 2025-08-07: 6
Count for 2025-08-08: 1
Count for 2025-08-15: 2
Event: mikay on 2025-08-07 (count: 6)
Event: uyan on 2025-08-07 (count: 6)
Event: odemil on 2025-08-07 (count: 6)
Event: sheryl on 2025-08-07 (count: 6)
Event: mikay on 2025-08-07 (count: 6)
Event: closherl on 2025-08-07 (count: 6)
Event: Maricar Bahala on 2025-08-08 (count: 1)
Event: Test User on 2025-08-15 (count: 2)
Event: 2323 on 2025-08-15 (count: 2)
Events found: 9
Time: 2025-08-06 16:14:01 - Start: 2025-08-01, End: 2025-08-31, Server: /Pet_Track_revise-3/functions/get-appointments.php
Count for 2025-08-07: 6
Count for 2025-08-08: 1
Count for 2025-08-15: 2
Event: mikay on 2025-08-07 (count: 6)
Event: uyan on 2025-08-07 (count: 6)
Event: odemil on 2025-08-07 (count: 6)
Event: sheryl on 2025-08-07 (count: 6)
Event: mikay on 2025-08-07 (count: 6)
Event: closherl on 2025-08-07 (count: 6)
Event: Maricar Bahala on 2025-08-08 (count: 1)
Event: Test User on 2025-08-15 (count: 2)
Event: 2323 on 2025-08-15 (count: 2)
Events found: 9
Time: 2025-08-06 16:22:22 - Start: 2025-08-01, End: 2025-08-31, Server: /Pet_Track_revise-3/functions/get-appointments.php
Count for 2025-08-07: 6
Count for 2025-08-08: 1
Count for 2025-08-15: 2
Event: mikay on 2025-08-07 (count: 6)
Event: uyan on 2025-08-07 (count: 6)
Event: odemil on 2025-08-07 (count: 6)
Event: sheryl on 2025-08-07 (count: 6)
Event: mikay on 2025-08-07 (count: 6)
Event: closherl on 2025-08-07 (count: 6)
Event: Maricar Bahala on 2025-08-08 (count: 1)
Event: Test User on 2025-08-15 (count: 2)
Event: 2323 on 2025-08-15 (count: 2)
Events found: 9
Time: 2025-08-06 16:32:44 - Start: 2025-08-01, End: 2025-08-31, Server: /Pet_Track_revise-3/functions/get-appointments.php
Count for 2025-08-07: 6
Count for 2025-08-08: 1
Count for 2025-08-15: 2
Event: mikay on 2025-08-07 (count: 6)
Event: uyan on 2025-08-07 (count: 6)
Event: odemil on 2025-08-07 (count: 6)
Event: sheryl on 2025-08-07 (count: 6)
Event: mikay on 2025-08-07 (count: 6)
Event: closherl on 2025-08-07 (count: 6)
Event: Maricar Bahala on 2025-08-08 (count: 1)
Event: Test User on 2025-08-15 (count: 2)
Event: 2323 on 2025-08-15 (count: 2)
Events found: 9
Time: 2025-08-06 16:32:45 - Start: 2025-08-01, End: 2025-08-31, Server: /Pet_Track_revise-3/functions/get-appointments.php
Count for 2025-08-07: 6
Count for 2025-08-08: 1
Count for 2025-08-15: 2
Event: mikay on 2025-08-07 (count: 6)
Event: uyan on 2025-08-07 (count: 6)
Event: odemil on 2025-08-07 (count: 6)
Event: sheryl on 2025-08-07 (count: 6)
Event: mikay on 2025-08-07 (count: 6)
Event: closherl on 2025-08-07 (count: 6)
Event: Maricar Bahala on 2025-08-08 (count: 1)
Event: Test User on 2025-08-15 (count: 2)
Event: 2323 on 2025-08-15 (count: 2)
Events found: 9
Time: 2025-08-06 16:32:45 - Start: 2025-08-01, End: 2025-08-31, Server: /Pet_Track_revise-3/functions/get-appointments.php
Count for 2025-08-07: 6
Count for 2025-08-08: 1
Count for 2025-08-15: 2
Event: mikay on 2025-08-07 (count: 6)
Event: uyan on 2025-08-07 (count: 6)
Event: odemil on 2025-08-07 (count: 6)
Event: sheryl on 2025-08-07 (count: 6)
Event: mikay on 2025-08-07 (count: 6)
Event: closherl on 2025-08-07 (count: 6)
Event: Maricar Bahala on 2025-08-08 (count: 1)
Event: Test User on 2025-08-15 (count: 2)
Event: 2323 on 2025-08-15 (count: 2)
Events found: 9
Time: 2025-08-06 16:32:45 - Start: 2025-08-01, End: 2025-08-31, Server: /Pet_Track_revise-3/functions/get-appointments.php
Count for 2025-08-07: 6
Count for 2025-08-08: 1
Count for 2025-08-15: 2
Event: mikay on 2025-08-07 (count: 6)
Event: uyan on 2025-08-07 (count: 6)
Event: odemil on 2025-08-07 (count: 6)
Event: sheryl on 2025-08-07 (count: 6)
Event: mikay on 2025-08-07 (count: 6)
Event: closherl on 2025-08-07 (count: 6)
Event: Maricar Bahala on 2025-08-08 (count: 1)
Event: Test User on 2025-08-15 (count: 2)
Event: 2323 on 2025-08-15 (count: 2)
Events found: 9
Time: 2025-08-06 16:32:45 - Start: 2025-08-01, End: 2025-08-31, Server: /Pet_Track_revise-3/functions/get-appointments.php
Count for 2025-08-07: 6
Count for 2025-08-08: 1
Count for 2025-08-15: 2
Event: mikay on 2025-08-07 (count: 6)
Event: uyan on 2025-08-07 (count: 6)
Event: odemil on 2025-08-07 (count: 6)
Event: sheryl on 2025-08-07 (count: 6)
Event: mikay on 2025-08-07 (count: 6)
Event: closherl on 2025-08-07 (count: 6)
Event: Maricar Bahala on 2025-08-08 (count: 1)
Event: Test User on 2025-08-15 (count: 2)
Event: 2323 on 2025-08-15 (count: 2)
Events found: 9
Time: 2025-08-06 16:32:46 - Start: 2025-08-01, End: 2025-08-31, Server: /Pet_Track_revise-3/functions/get-appointments.php
Count for 2025-08-07: 6
Count for 2025-08-08: 1
Count for 2025-08-15: 2
Event: mikay on 2025-08-07 (count: 6)
Event: uyan on 2025-08-07 (count: 6)
Event: odemil on 2025-08-07 (count: 6)
Event: sheryl on 2025-08-07 (count: 6)
Event: mikay on 2025-08-07 (count: 6)
Event: closherl on 2025-08-07 (count: 6)
Event: Maricar Bahala on 2025-08-08 (count: 1)
Event: Test User on 2025-08-15 (count: 2)
Event: 2323 on 2025-08-15 (count: 2)
Events found: 9
Time: 2025-08-06 16:32:46 - Start: 2025-08-01, End: 2025-08-31, Server: /Pet_Track_revise-3/functions/get-appointments.php
Count for 2025-08-07: 6
Count for 2025-08-08: 1
Count for 2025-08-15: 2
Event: mikay on 2025-08-07 (count: 6)
Event: uyan on 2025-08-07 (count: 6)
Event: odemil on 2025-08-07 (count: 6)
Event: sheryl on 2025-08-07 (count: 6)
Event: mikay on 2025-08-07 (count: 6)
Event: closherl on 2025-08-07 (count: 6)
Event: Maricar Bahala on 2025-08-08 (count: 1)
Event: Test User on 2025-08-15 (count: 2)
Event: 2323 on 2025-08-15 (count: 2)
Events found: 9
Time: 2025-08-06 16:32:46 - Start: 2025-08-01, End: 2025-08-31, Server: /Pet_Track_revise-3/functions/get-appointments.php
Count for 2025-08-07: 6
Count for 2025-08-08: 1
Count for 2025-08-15: 2
Event: mikay on 2025-08-07 (count: 6)
Event: uyan on 2025-08-07 (count: 6)
Event: odemil on 2025-08-07 (count: 6)
Event: sheryl on 2025-08-07 (count: 6)
Event: mikay on 2025-08-07 (count: 6)
Event: closherl on 2025-08-07 (count: 6)
Event: Maricar Bahala on 2025-08-08 (count: 1)
Event: Test User on 2025-08-15 (count: 2)
Event: 2323 on 2025-08-15 (count: 2)
Events found: 9
Time: 2025-08-06 16:32:46 - Start: 2025-08-01, End: 2025-08-31, Server: /Pet_Track_revise-3/functions/get-appointments.php
Count for 2025-08-07: 6
Count for 2025-08-08: 1
Count for 2025-08-15: 2
Event: mikay on 2025-08-07 (count: 6)
Event: uyan on 2025-08-07 (count: 6)
Event: odemil on 2025-08-07 (count: 6)
Event: sheryl on 2025-08-07 (count: 6)
Event: mikay on 2025-08-07 (count: 6)
Event: closherl on 2025-08-07 (count: 6)
Event: Maricar Bahala on 2025-08-08 (count: 1)
Event: Test User on 2025-08-15 (count: 2)
Event: 2323 on 2025-08-15 (count: 2)
Events found: 9
Time: 2025-08-06 16:32:46 - Start: 2025-08-01, End: 2025-08-31, Server: /Pet_Track_revise-3/functions/get-appointments.php
Count for 2025-08-07: 6
Count for 2025-08-08: 1
Count for 2025-08-15: 2
Event: mikay on 2025-08-07 (count: 6)
Event: uyan on 2025-08-07 (count: 6)
Event: odemil on 2025-08-07 (count: 6)
Event: sheryl on 2025-08-07 (count: 6)
Event: mikay on 2025-08-07 (count: 6)
Event: closherl on 2025-08-07 (count: 6)
Event: Maricar Bahala on 2025-08-08 (count: 1)
Event: Test User on 2025-08-15 (count: 2)
Event: 2323 on 2025-08-15 (count: 2)
Events found: 9
Time: 2025-08-06 16:32:46 - Start: 2025-08-01, End: 2025-08-31, Server: /Pet_Track_revise-3/functions/get-appointments.php
Count for 2025-08-07: 6
Count for 2025-08-08: 1
Count for 2025-08-15: 2
Event: mikay on 2025-08-07 (count: 6)
Event: uyan on 2025-08-07 (count: 6)
Event: odemil on 2025-08-07 (count: 6)
Event: sheryl on 2025-08-07 (count: 6)
Event: mikay on 2025-08-07 (count: 6)
Event: closherl on 2025-08-07 (count: 6)
Event: Maricar Bahala on 2025-08-08 (count: 1)
Event: Test User on 2025-08-15 (count: 2)
Event: 2323 on 2025-08-15 (count: 2)
Events found: 9
Time: 2025-08-06 16:32:47 - Start: 2025-08-01, End: 2025-08-31, Server: /Pet_Track_revise-3/functions/get-appointments.php
Count for 2025-08-07: 6
Count for 2025-08-08: 1
Count for 2025-08-15: 2
Event: mikay on 2025-08-07 (count: 6)
Event: uyan on 2025-08-07 (count: 6)
Event: odemil on 2025-08-07 (count: 6)
Event: sheryl on 2025-08-07 (count: 6)
Event: mikay on 2025-08-07 (count: 6)
Event: closherl on 2025-08-07 (count: 6)
Event: Maricar Bahala on 2025-08-08 (count: 1)
Event: Test User on 2025-08-15 (count: 2)
Event: 2323 on 2025-08-15 (count: 2)
Events found: 9
Time: 2025-08-06 16:32:47 - Start: 2025-08-01, End: 2025-08-31, Server: /Pet_Track_revise-3/functions/get-appointments.php
Count for 2025-08-07: 6
Count for 2025-08-08: 1
Count for 2025-08-15: 2
Event: mikay on 2025-08-07 (count: 6)
Event: uyan on 2025-08-07 (count: 6)
Event: odemil on 2025-08-07 (count: 6)
Event: sheryl on 2025-08-07 (count: 6)
Event: mikay on 2025-08-07 (count: 6)
Event: closherl on 2025-08-07 (count: 6)
Event: Maricar Bahala on 2025-08-08 (count: 1)
Event: Test User on 2025-08-15 (count: 2)
Event: 2323 on 2025-08-15 (count: 2)
Events found: 9
Time: 2025-08-06 16:32:47 - Start: 2025-08-01, End: 2025-08-31, Server: /Pet_Track_revise-3/functions/get-appointments.php
Count for 2025-08-07: 6
Count for 2025-08-08: 1
Count for 2025-08-15: 2
Event: mikay on 2025-08-07 (count: 6)
Event: uyan on 2025-08-07 (count: 6)
Event: odemil on 2025-08-07 (count: 6)
Event: sheryl on 2025-08-07 (count: 6)
Event: mikay on 2025-08-07 (count: 6)
Event: closherl on 2025-08-07 (count: 6)
Event: Maricar Bahala on 2025-08-08 (count: 1)
Event: Test User on 2025-08-15 (count: 2)
Event: 2323 on 2025-08-15 (count: 2)
Events found: 9
Time: 2025-08-06 16:32:47 - Start: 2025-08-01, End: 2025-08-31, Server: /Pet_Track_revise-3/functions/get-appointments.php
Count for 2025-08-07: 6
Count for 2025-08-08: 1
Count for 2025-08-15: 2
Event: mikay on 2025-08-07 (count: 6)
Event: uyan on 2025-08-07 (count: 6)
Event: odemil on 2025-08-07 (count: 6)
Event: sheryl on 2025-08-07 (count: 6)
Event: mikay on 2025-08-07 (count: 6)
Event: closherl on 2025-08-07 (count: 6)
Event: Maricar Bahala on 2025-08-08 (count: 1)
Event: Test User on 2025-08-15 (count: 2)
Event: 2323 on 2025-08-15 (count: 2)
Events found: 9
Time: 2025-08-06 16:32:47 - Start: 2025-08-01, End: 2025-08-31, Server: /Pet_Track_revise-3/functions/get-appointments.php
Count for 2025-08-07: 6
Count for 2025-08-08: 1
Count for 2025-08-15: 2
Event: mikay on 2025-08-07 (count: 6)
Event: uyan on 2025-08-07 (count: 6)
Event: odemil on 2025-08-07 (count: 6)
Event: sheryl on 2025-08-07 (count: 6)
Event: mikay on 2025-08-07 (count: 6)
Event: closherl on 2025-08-07 (count: 6)
Event: Maricar Bahala on 2025-08-08 (count: 1)
Event: Test User on 2025-08-15 (count: 2)
Event: 2323 on 2025-08-15 (count: 2)
Events found: 9
Time: 2025-08-06 16:32:48 - Start: 2025-08-01, End: 2025-08-31, Server: /Pet_Track_revise-3/functions/get-appointments.php
Count for 2025-08-07: 6
Count for 2025-08-08: 1
Count for 2025-08-15: 2
Event: mikay on 2025-08-07 (count: 6)
Event: uyan on 2025-08-07 (count: 6)
Event: odemil on 2025-08-07 (count: 6)
Event: sheryl on 2025-08-07 (count: 6)
Event: mikay on 2025-08-07 (count: 6)
Event: closherl on 2025-08-07 (count: 6)
Event: Maricar Bahala on 2025-08-08 (count: 1)
Event: Test User on 2025-08-15 (count: 2)
Event: 2323 on 2025-08-15 (count: 2)
Events found: 9
Time: 2025-08-06 16:32:48 - Start: 2025-08-01, End: 2025-08-31, Server: /Pet_Track_revise-3/functions/get-appointments.php
Count for 2025-08-07: 6
Count for 2025-08-08: 1
Count for 2025-08-15: 2
Event: mikay on 2025-08-07 (count: 6)
Event: uyan on 2025-08-07 (count: 6)
Event: odemil on 2025-08-07 (count: 6)
Event: sheryl on 2025-08-07 (count: 6)
Event: mikay on 2025-08-07 (count: 6)
Event: closherl on 2025-08-07 (count: 6)
Event: Maricar Bahala on 2025-08-08 (count: 1)
Event: Test User on 2025-08-15 (count: 2)
Event: 2323 on 2025-08-15 (count: 2)
Events found: 9
Time: 2025-08-06 16:32:48 - Start: 2025-08-01, End: 2025-08-31, Server: /Pet_Track_revise-3/functions/get-appointments.php
Count for 2025-08-07: 6
Count for 2025-08-08: 1
Count for 2025-08-15: 2
Event: mikay on 2025-08-07 (count: 6)
Event: uyan on 2025-08-07 (count: 6)
Event: odemil on 2025-08-07 (count: 6)
Event: sheryl on 2025-08-07 (count: 6)
Event: mikay on 2025-08-07 (count: 6)
Event: closherl on 2025-08-07 (count: 6)
Event: Maricar Bahala on 2025-08-08 (count: 1)
Event: Test User on 2025-08-15 (count: 2)
Event: 2323 on 2025-08-15 (count: 2)
Events found: 9
Time: 2025-08-06 16:32:48 - Start: 2025-08-01, End: 2025-08-31, Server: /Pet_Track_revise-3/functions/get-appointments.php
Count for 2025-08-07: 6
Count for 2025-08-08: 1
Count for 2025-08-15: 2
Event: mikay on 2025-08-07 (count: 6)
Event: uyan on 2025-08-07 (count: 6)
Event: odemil on 2025-08-07 (count: 6)
Event: sheryl on 2025-08-07 (count: 6)
Event: mikay on 2025-08-07 (count: 6)
Event: closherl on 2025-08-07 (count: 6)
Event: Maricar Bahala on 2025-08-08 (count: 1)
Event: Test User on 2025-08-15 (count: 2)
Event: 2323 on 2025-08-15 (count: 2)
Events found: 9
Time: 2025-08-06 16:32:48 - Start: 2025-08-01, End: 2025-08-31, Server: /Pet_Track_revise-3/functions/get-appointments.php
Count for 2025-08-07: 6
Count for 2025-08-08: 1
Count for 2025-08-15: 2
Event: mikay on 2025-08-07 (count: 6)
Event: uyan on 2025-08-07 (count: 6)
Event: odemil on 2025-08-07 (count: 6)
Event: sheryl on 2025-08-07 (count: 6)
Event: mikay on 2025-08-07 (count: 6)
Event: closherl on 2025-08-07 (count: 6)
Event: Maricar Bahala on 2025-08-08 (count: 1)
Event: Test User on 2025-08-15 (count: 2)
Event: 2323 on 2025-08-15 (count: 2)
Events found: 9
Time: 2025-08-06 16:32:48 - Start: 2025-08-01, End: 2025-08-31, Server: /Pet_Track_revise-3/functions/get-appointments.php
Count for 2025-08-07: 6
Count for 2025-08-08: 1
Count for 2025-08-15: 2
Event: mikay on 2025-08-07 (count: 6)
Event: uyan on 2025-08-07 (count: 6)
Event: odemil on 2025-08-07 (count: 6)
Event: sheryl on 2025-08-07 (count: 6)
Event: mikay on 2025-08-07 (count: 6)
Event: closherl on 2025-08-07 (count: 6)
Event: Maricar Bahala on 2025-08-08 (count: 1)
Event: Test User on 2025-08-15 (count: 2)
Event: 2323 on 2025-08-15 (count: 2)
Events found: 9
Time: 2025-08-06 16:32:49 - Start: 2025-08-01, End: 2025-08-31, Server: /Pet_Track_revise-3/functions/get-appointments.php
Count for 2025-08-07: 6
Count for 2025-08-08: 1
Count for 2025-08-15: 2
Event: mikay on 2025-08-07 (count: 6)
Event: uyan on 2025-08-07 (count: 6)
Event: odemil on 2025-08-07 (count: 6)
Event: sheryl on 2025-08-07 (count: 6)
Event: mikay on 2025-08-07 (count: 6)
Event: closherl on 2025-08-07 (count: 6)
Event: Maricar Bahala on 2025-08-08 (count: 1)
Event: Test User on 2025-08-15 (count: 2)
Event: 2323 on 2025-08-15 (count: 2)
Events found: 9
Time: 2025-08-06 16:32:49 - Start: 2025-08-01, End: 2025-08-31, Server: /Pet_Track_revise-3/functions/get-appointments.php
Count for 2025-08-07: 6
Count for 2025-08-08: 1
Count for 2025-08-15: 2
Event: mikay on 2025-08-07 (count: 6)
Event: uyan on 2025-08-07 (count: 6)
Event: odemil on 2025-08-07 (count: 6)
Event: sheryl on 2025-08-07 (count: 6)
Event: mikay on 2025-08-07 (count: 6)
Event: closherl on 2025-08-07 (count: 6)
Event: Maricar Bahala on 2025-08-08 (count: 1)
Event: Test User on 2025-08-15 (count: 2)
Event: 2323 on 2025-08-15 (count: 2)
Events found: 9
Time: 2025-08-06 16:32:49 - Start: 2025-08-01, End: 2025-08-31, Server: /Pet_Track_revise-3/functions/get-appointments.php
Count for 2025-08-07: 6
Count for 2025-08-08: 1
Count for 2025-08-15: 2
Event: mikay on 2025-08-07 (count: 6)
Event: uyan on 2025-08-07 (count: 6)
Event: odemil on 2025-08-07 (count: 6)
Event: sheryl on 2025-08-07 (count: 6)
Event: mikay on 2025-08-07 (count: 6)
Event: closherl on 2025-08-07 (count: 6)
Event: Maricar Bahala on 2025-08-08 (count: 1)
Event: Test User on 2025-08-15 (count: 2)
Event: 2323 on 2025-08-15 (count: 2)
Events found: 9
Time: 2025-08-06 16:32:49 - Start: 2025-08-01, End: 2025-08-31, Server: /Pet_Track_revise-3/functions/get-appointments.php
Count for 2025-08-07: 6
Count for 2025-08-08: 1
Count for 2025-08-15: 2
Event: mikay on 2025-08-07 (count: 6)
Event: uyan on 2025-08-07 (count: 6)
Event: odemil on 2025-08-07 (count: 6)
Event: sheryl on 2025-08-07 (count: 6)
Event: mikay on 2025-08-07 (count: 6)
Event: closherl on 2025-08-07 (count: 6)
Event: Maricar Bahala on 2025-08-08 (count: 1)
Event: Test User on 2025-08-15 (count: 2)
Event: 2323 on 2025-08-15 (count: 2)
Events found: 9
Time: 2025-08-06 16:32:49 - Start: 2025-08-01, End: 2025-08-31, Server: /Pet_Track_revise-3/functions/get-appointments.php
Count for 2025-08-07: 6
Count for 2025-08-08: 1
Count for 2025-08-15: 2
Event: mikay on 2025-08-07 (count: 6)
Event: uyan on 2025-08-07 (count: 6)
Event: odemil on 2025-08-07 (count: 6)
Event: sheryl on 2025-08-07 (count: 6)
Event: mikay on 2025-08-07 (count: 6)
Event: closherl on 2025-08-07 (count: 6)
Event: Maricar Bahala on 2025-08-08 (count: 1)
Event: Test User on 2025-08-15 (count: 2)
Event: 2323 on 2025-08-15 (count: 2)
Events found: 9
Time: 2025-08-06 16:32:50 - Start: 2025-08-01, End: 2025-08-31, Server: /Pet_Track_revise-3/functions/get-appointments.php
Count for 2025-08-07: 6
Count for 2025-08-08: 1
Count for 2025-08-15: 2
Event: mikay on 2025-08-07 (count: 6)
Event: uyan on 2025-08-07 (count: 6)
Event: odemil on 2025-08-07 (count: 6)
Event: sheryl on 2025-08-07 (count: 6)
Event: mikay on 2025-08-07 (count: 6)
Event: closherl on 2025-08-07 (count: 6)
Event: Maricar Bahala on 2025-08-08 (count: 1)
Event: Test User on 2025-08-15 (count: 2)
Event: 2323 on 2025-08-15 (count: 2)
Events found: 9
Time: 2025-08-06 16:32:50 - Start: 2025-08-01, End: 2025-08-31, Server: /Pet_Track_revise-3/functions/get-appointments.php
Count for 2025-08-07: 6
Count for 2025-08-08: 1
Count for 2025-08-15: 2
Event: mikay on 2025-08-07 (count: 6)
Event: uyan on 2025-08-07 (count: 6)
Event: odemil on 2025-08-07 (count: 6)
Event: sheryl on 2025-08-07 (count: 6)
Event: mikay on 2025-08-07 (count: 6)
Event: closherl on 2025-08-07 (count: 6)
Event: Maricar Bahala on 2025-08-08 (count: 1)
Event: Test User on 2025-08-15 (count: 2)
Event: 2323 on 2025-08-15 (count: 2)
Events found: 9
Time: 2025-08-06 16:32:50 - Start: 2025-08-01, End: 2025-08-31, Server: /Pet_Track_revise-3/functions/get-appointments.php
Count for 2025-08-07: 6
Count for 2025-08-08: 1
Count for 2025-08-15: 2
Event: mikay on 2025-08-07 (count: 6)
Event: uyan on 2025-08-07 (count: 6)
Event: odemil on 2025-08-07 (count: 6)
Event: sheryl on 2025-08-07 (count: 6)
Event: mikay on 2025-08-07 (count: 6)
Event: closherl on 2025-08-07 (count: 6)
Event: Maricar Bahala on 2025-08-08 (count: 1)
Event: Test User on 2025-08-15 (count: 2)
Event: 2323 on 2025-08-15 (count: 2)
Events found: 9
Time: 2025-08-06 16:32:50 - Start: 2025-08-01, End: 2025-08-31, Server: /Pet_Track_revise-3/functions/get-appointments.php
Count for 2025-08-07: 6
Count for 2025-08-08: 1
Count for 2025-08-15: 2
Event: mikay on 2025-08-07 (count: 6)
Event: uyan on 2025-08-07 (count: 6)
Event: odemil on 2025-08-07 (count: 6)
Event: sheryl on 2025-08-07 (count: 6)
Event: mikay on 2025-08-07 (count: 6)
Event: closherl on 2025-08-07 (count: 6)
Event: Maricar Bahala on 2025-08-08 (count: 1)
Event: Test User on 2025-08-15 (count: 2)
Event: 2323 on 2025-08-15 (count: 2)
Events found: 9
Time: 2025-08-06 16:32:50 - Start: 2025-08-01, End: 2025-08-31, Server: /Pet_Track_revise-3/functions/get-appointments.php
Count for 2025-08-07: 6
Count for 2025-08-08: 1
Count for 2025-08-15: 2
Event: mikay on 2025-08-07 (count: 6)
Event: uyan on 2025-08-07 (count: 6)
Event: odemil on 2025-08-07 (count: 6)
Event: sheryl on 2025-08-07 (count: 6)
Event: mikay on 2025-08-07 (count: 6)
Event: closherl on 2025-08-07 (count: 6)
Event: Maricar Bahala on 2025-08-08 (count: 1)
Event: Test User on 2025-08-15 (count: 2)
Event: 2323 on 2025-08-15 (count: 2)
Events found: 9
Time: 2025-08-06 16:32:50 - Start: 2025-08-01, End: 2025-08-31, Server: /Pet_Track_revise-3/functions/get-appointments.php
Count for 2025-08-07: 6
Count for 2025-08-08: 1
Count for 2025-08-15: 2
Event: mikay on 2025-08-07 (count: 6)
Event: uyan on 2025-08-07 (count: 6)
Event: odemil on 2025-08-07 (count: 6)
Event: sheryl on 2025-08-07 (count: 6)
Event: mikay on 2025-08-07 (count: 6)
Event: closherl on 2025-08-07 (count: 6)
Event: Maricar Bahala on 2025-08-08 (count: 1)
Event: Test User on 2025-08-15 (count: 2)
Event: 2323 on 2025-08-15 (count: 2)
Events found: 9
Time: 2025-08-06 16:32:51 - Start: 2025-08-01, End: 2025-08-31, Server: /Pet_Track_revise-3/functions/get-appointments.php
Count for 2025-08-07: 6
Count for 2025-08-08: 1
Count for 2025-08-15: 2
Event: mikay on 2025-08-07 (count: 6)
Event: uyan on 2025-08-07 (count: 6)
Event: odemil on 2025-08-07 (count: 6)
Event: sheryl on 2025-08-07 (count: 6)
Event: mikay on 2025-08-07 (count: 6)
Event: closherl on 2025-08-07 (count: 6)
Event: Maricar Bahala on 2025-08-08 (count: 1)
Event: Test User on 2025-08-15 (count: 2)
Event: 2323 on 2025-08-15 (count: 2)
Events found: 9
Time: 2025-08-06 16:32:51 - Start: 2025-08-01, End: 2025-08-31, Server: /Pet_Track_revise-3/functions/get-appointments.php
Count for 2025-08-07: 6
Count for 2025-08-08: 1
Count for 2025-08-15: 2
Event: mikay on 2025-08-07 (count: 6)
Event: uyan on 2025-08-07 (count: 6)
Event: odemil on 2025-08-07 (count: 6)
Event: sheryl on 2025-08-07 (count: 6)
Event: mikay on 2025-08-07 (count: 6)
Event: closherl on 2025-08-07 (count: 6)
Event: Maricar Bahala on 2025-08-08 (count: 1)
Event: Test User on 2025-08-15 (count: 2)
Event: 2323 on 2025-08-15 (count: 2)
Events found: 9
Time: 2025-08-06 16:32:51 - Start: 2025-08-01, End: 2025-08-31, Server: /Pet_Track_revise-3/functions/get-appointments.php
Count for 2025-08-07: 6
Count for 2025-08-08: 1
Count for 2025-08-15: 2
Event: mikay on 2025-08-07 (count: 6)
Event: uyan on 2025-08-07 (count: 6)
Event: odemil on 2025-08-07 (count: 6)
Event: sheryl on 2025-08-07 (count: 6)
Event: mikay on 2025-08-07 (count: 6)
Event: closherl on 2025-08-07 (count: 6)
Event: Maricar Bahala on 2025-08-08 (count: 1)
Event: Test User on 2025-08-15 (count: 2)
Event: 2323 on 2025-08-15 (count: 2)
Events found: 9
Time: 2025-08-06 16:32:51 - Start: 2025-08-01, End: 2025-08-31, Server: /Pet_Track_revise-3/functions/get-appointments.php
Count for 2025-08-07: 6
Count for 2025-08-08: 1
Count for 2025-08-15: 2
Event: mikay on 2025-08-07 (count: 6)
Event: uyan on 2025-08-07 (count: 6)
Event: odemil on 2025-08-07 (count: 6)
Event: sheryl on 2025-08-07 (count: 6)
Event: mikay on 2025-08-07 (count: 6)
Event: closherl on 2025-08-07 (count: 6)
Event: Maricar Bahala on 2025-08-08 (count: 1)
Event: Test User on 2025-08-15 (count: 2)
Event: 2323 on 2025-08-15 (count: 2)
Events found: 9
Time: 2025-08-06 16:32:51 - Start: 2025-08-01, End: 2025-08-31, Server: /Pet_Track_revise-3/functions/get-appointments.php
Count for 2025-08-07: 6
Count for 2025-08-08: 1
Count for 2025-08-15: 2
Event: mikay on 2025-08-07 (count: 6)
Event: uyan on 2025-08-07 (count: 6)
Event: odemil on 2025-08-07 (count: 6)
Event: sheryl on 2025-08-07 (count: 6)
Event: mikay on 2025-08-07 (count: 6)
Event: closherl on 2025-08-07 (count: 6)
Event: Maricar Bahala on 2025-08-08 (count: 1)
Event: Test User on 2025-08-15 (count: 2)
Event: 2323 on 2025-08-15 (count: 2)
Events found: 9
Time: 2025-08-06 16:32:51 - Start: 2025-08-01, End: 2025-08-31, Server: /Pet_Track_revise-3/functions/get-appointments.php
Count for 2025-08-07: 6
Count for 2025-08-08: 1
Count for 2025-08-15: 2
Event: mikay on 2025-08-07 (count: 6)
Event: uyan on 2025-08-07 (count: 6)
Event: odemil on 2025-08-07 (count: 6)
Event: sheryl on 2025-08-07 (count: 6)
Event: mikay on 2025-08-07 (count: 6)
Event: closherl on 2025-08-07 (count: 6)
Event: Maricar Bahala on 2025-08-08 (count: 1)
Event: Test User on 2025-08-15 (count: 2)
Event: 2323 on 2025-08-15 (count: 2)
Events found: 9
Time: 2025-08-06 16:32:52 - Start: 2025-08-01, End: 2025-08-31, Server: /Pet_Track_revise-3/functions/get-appointments.php
Count for 2025-08-07: 6
Count for 2025-08-08: 1
Count for 2025-08-15: 2
Event: mikay on 2025-08-07 (count: 6)
Event: uyan on 2025-08-07 (count: 6)
Event: odemil on 2025-08-07 (count: 6)
Event: sheryl on 2025-08-07 (count: 6)
Event: mikay on 2025-08-07 (count: 6)
Event: closherl on 2025-08-07 (count: 6)
Event: Maricar Bahala on 2025-08-08 (count: 1)
Event: Test User on 2025-08-15 (count: 2)
Event: 2323 on 2025-08-15 (count: 2)
Events found: 9
Time: 2025-08-06 16:32:52 - Start: 2025-08-01, End: 2025-08-31, Server: /Pet_Track_revise-3/functions/get-appointments.php
Count for 2025-08-07: 6
Count for 2025-08-08: 1
Count for 2025-08-15: 2
Event: mikay on 2025-08-07 (count: 6)
Event: uyan on 2025-08-07 (count: 6)
Event: odemil on 2025-08-07 (count: 6)
Event: sheryl on 2025-08-07 (count: 6)
Event: mikay on 2025-08-07 (count: 6)
Event: closherl on 2025-08-07 (count: 6)
Event: Maricar Bahala on 2025-08-08 (count: 1)
Event: Test User on 2025-08-15 (count: 2)
Event: 2323 on 2025-08-15 (count: 2)
Events found: 9
Time: 2025-08-06 16:32:52 - Start: 2025-08-01, End: 2025-08-31, Server: /Pet_Track_revise-3/functions/get-appointments.php
Count for 2025-08-07: 6
Count for 2025-08-08: 1
Count for 2025-08-15: 2
Event: mikay on 2025-08-07 (count: 6)
Event: uyan on 2025-08-07 (count: 6)
Event: odemil on 2025-08-07 (count: 6)
Event: sheryl on 2025-08-07 (count: 6)
Event: mikay on 2025-08-07 (count: 6)
Event: closherl on 2025-08-07 (count: 6)
Event: Maricar Bahala on 2025-08-08 (count: 1)
Event: Test User on 2025-08-15 (count: 2)
Event: 2323 on 2025-08-15 (count: 2)
Events found: 9
Time: 2025-08-06 16:32:52 - Start: 2025-08-01, End: 2025-08-31, Server: /Pet_Track_revise-3/functions/get-appointments.php
Count for 2025-08-07: 6
Count for 2025-08-08: 1
Count for 2025-08-15: 2
Event: mikay on 2025-08-07 (count: 6)
Event: uyan on 2025-08-07 (count: 6)
Event: odemil on 2025-08-07 (count: 6)
Event: sheryl on 2025-08-07 (count: 6)
Event: mikay on 2025-08-07 (count: 6)
Event: closherl on 2025-08-07 (count: 6)
Event: Maricar Bahala on 2025-08-08 (count: 1)
Event: Test User on 2025-08-15 (count: 2)
Event: 2323 on 2025-08-15 (count: 2)
Events found: 9
Time: 2025-08-06 16:32:52 - Start: 2025-08-01, End: 2025-08-31, Server: /Pet_Track_revise-3/functions/get-appointments.php
Count for 2025-08-07: 6
Count for 2025-08-08: 1
Count for 2025-08-15: 2
Event: mikay on 2025-08-07 (count: 6)
Event: uyan on 2025-08-07 (count: 6)
Event: odemil on 2025-08-07 (count: 6)
Event: sheryl on 2025-08-07 (count: 6)
Event: mikay on 2025-08-07 (count: 6)
Event: closherl on 2025-08-07 (count: 6)
Event: Maricar Bahala on 2025-08-08 (count: 1)
Event: Test User on 2025-08-15 (count: 2)
Event: 2323 on 2025-08-15 (count: 2)
Events found: 9
Time: 2025-08-06 16:32:52 - Start: 2025-08-01, End: 2025-08-31, Server: /Pet_Track_revise-3/functions/get-appointments.php
Count for 2025-08-07: 6
Count for 2025-08-08: 1
Count for 2025-08-15: 2
Event: mikay on 2025-08-07 (count: 6)
Event: uyan on 2025-08-07 (count: 6)
Event: odemil on 2025-08-07 (count: 6)
Event: sheryl on 2025-08-07 (count: 6)
Event: mikay on 2025-08-07 (count: 6)
Event: closherl on 2025-08-07 (count: 6)
Event: Maricar Bahala on 2025-08-08 (count: 1)
Event: Test User on 2025-08-15 (count: 2)
Event: 2323 on 2025-08-15 (count: 2)
Events found: 9
Time: 2025-08-06 16:32:53 - Start: 2025-08-01, End: 2025-08-31, Server: /Pet_Track_revise-3/functions/get-appointments.php
Count for 2025-08-07: 6
Count for 2025-08-08: 1
Count for 2025-08-15: 2
Event: mikay on 2025-08-07 (count: 6)
Event: uyan on 2025-08-07 (count: 6)
Event: odemil on 2025-08-07 (count: 6)
Event: sheryl on 2025-08-07 (count: 6)
Event: mikay on 2025-08-07 (count: 6)
Event: closherl on 2025-08-07 (count: 6)
Event: Maricar Bahala on 2025-08-08 (count: 1)
Event: Test User on 2025-08-15 (count: 2)
Event: 2323 on 2025-08-15 (count: 2)
Events found: 9
Time: 2025-08-06 16:32:53 - Start: 2025-08-01, End: 2025-08-31, Server: /Pet_Track_revise-3/functions/get-appointments.php
Count for 2025-08-07: 6
Count for 2025-08-08: 1
Count for 2025-08-15: 2
Event: mikay on 2025-08-07 (count: 6)
Event: uyan on 2025-08-07 (count: 6)
Event: odemil on 2025-08-07 (count: 6)
Event: sheryl on 2025-08-07 (count: 6)
Event: mikay on 2025-08-07 (count: 6)
Event: closherl on 2025-08-07 (count: 6)
Event: Maricar Bahala on 2025-08-08 (count: 1)
Event: Test User on 2025-08-15 (count: 2)
Event: 2323 on 2025-08-15 (count: 2)
Events found: 9
Time: 2025-08-06 16:32:53 - Start: 2025-08-01, End: 2025-08-31, Server: /Pet_Track_revise-3/functions/get-appointments.php
Count for 2025-08-07: 6
Count for 2025-08-08: 1
Count for 2025-08-15: 2
Event: mikay on 2025-08-07 (count: 6)
Event: uyan on 2025-08-07 (count: 6)
Event: odemil on 2025-08-07 (count: 6)
Event: sheryl on 2025-08-07 (count: 6)
Event: mikay on 2025-08-07 (count: 6)
Event: closherl on 2025-08-07 (count: 6)
Event: Maricar Bahala on 2025-08-08 (count: 1)
Event: Test User on 2025-08-15 (count: 2)
Event: 2323 on 2025-08-15 (count: 2)
Events found: 9
Time: 2025-08-06 16:32:53 - Start: 2025-08-01, End: 2025-08-31, Server: /Pet_Track_revise-3/functions/get-appointments.php
Count for 2025-08-07: 6
Count for 2025-08-08: 1
Count for 2025-08-15: 2
Event: mikay on 2025-08-07 (count: 6)
Event: uyan on 2025-08-07 (count: 6)
Event: odemil on 2025-08-07 (count: 6)
Event: sheryl on 2025-08-07 (count: 6)
Event: mikay on 2025-08-07 (count: 6)
Event: closherl on 2025-08-07 (count: 6)
Event: Maricar Bahala on 2025-08-08 (count: 1)
Event: Test User on 2025-08-15 (count: 2)
Event: 2323 on 2025-08-15 (count: 2)
Events found: 9
Time: 2025-08-06 16:32:54 - Start: 2025-08-01, End: 2025-08-31, Server: /Pet_Track_revise-3/functions/get-appointments.php
Count for 2025-08-07: 6
Count for 2025-08-08: 1
Count for 2025-08-15: 2
Event: mikay on 2025-08-07 (count: 6)
Event: uyan on 2025-08-07 (count: 6)
Event: odemil on 2025-08-07 (count: 6)
Event: sheryl on 2025-08-07 (count: 6)
Event: mikay on 2025-08-07 (count: 6)
Event: closherl on 2025-08-07 (count: 6)
Event: Maricar Bahala on 2025-08-08 (count: 1)
Event: Test User on 2025-08-15 (count: 2)
Event: 2323 on 2025-08-15 (count: 2)
Events found: 9
Time: 2025-08-06 16:32:54 - Start: 2025-08-01, End: 2025-08-31, Server: /Pet_Track_revise-3/functions/get-appointments.php
Count for 2025-08-07: 6
Count for 2025-08-08: 1
Count for 2025-08-15: 2
Event: mikay on 2025-08-07 (count: 6)
Event: uyan on 2025-08-07 (count: 6)
Event: odemil on 2025-08-07 (count: 6)
Event: sheryl on 2025-08-07 (count: 6)
Event: mikay on 2025-08-07 (count: 6)
Event: closherl on 2025-08-07 (count: 6)
Event: Maricar Bahala on 2025-08-08 (count: 1)
Event: Test User on 2025-08-15 (count: 2)
Event: 2323 on 2025-08-15 (count: 2)
Events found: 9
Time: 2025-08-06 16:32:54 - Start: 2025-08-01, End: 2025-08-31, Server: /Pet_Track_revise-3/functions/get-appointments.php
Count for 2025-08-07: 6
Count for 2025-08-08: 1
Count for 2025-08-15: 2
Event: mikay on 2025-08-07 (count: 6)
Event: uyan on 2025-08-07 (count: 6)
Event: odemil on 2025-08-07 (count: 6)
Event: sheryl on 2025-08-07 (count: 6)
Event: mikay on 2025-08-07 (count: 6)
Event: closherl on 2025-08-07 (count: 6)
Event: Maricar Bahala on 2025-08-08 (count: 1)
Event: Test User on 2025-08-15 (count: 2)
Event: 2323 on 2025-08-15 (count: 2)
Events found: 9
Time: 2025-08-06 16:32:55 - Start: 2025-08-01, End: 2025-08-31, Server: /Pet_Track_revise-3/functions/get-appointments.php
Count for 2025-08-07: 6
Count for 2025-08-08: 1
Count for 2025-08-15: 2
Event: mikay on 2025-08-07 (count: 6)
Event: uyan on 2025-08-07 (count: 6)
Event: odemil on 2025-08-07 (count: 6)
Event: sheryl on 2025-08-07 (count: 6)
Event: mikay on 2025-08-07 (count: 6)
Event: closherl on 2025-08-07 (count: 6)
Event: Maricar Bahala on 2025-08-08 (count: 1)
Event: Test User on 2025-08-15 (count: 2)
Event: 2323 on 2025-08-15 (count: 2)
Events found: 9
Time: 2025-08-06 16:32:55 - Start: 2025-08-01, End: 2025-08-31, Server: /Pet_Track_revise-3/functions/get-appointments.php
Count for 2025-08-07: 6
Count for 2025-08-08: 1
Count for 2025-08-15: 2
Event: mikay on 2025-08-07 (count: 6)
Event: uyan on 2025-08-07 (count: 6)
Event: odemil on 2025-08-07 (count: 6)
Event: sheryl on 2025-08-07 (count: 6)
Event: mikay on 2025-08-07 (count: 6)
Event: closherl on 2025-08-07 (count: 6)
Event: Maricar Bahala on 2025-08-08 (count: 1)
Event: Test User on 2025-08-15 (count: 2)
Event: 2323 on 2025-08-15 (count: 2)
Events found: 9
Time: 2025-08-06 16:32:55 - Start: 2025-08-01, End: 2025-08-31, Server: /Pet_Track_revise-3/functions/get-appointments.php
Count for 2025-08-07: 6
Count for 2025-08-08: 1
Count for 2025-08-15: 2
Event: mikay on 2025-08-07 (count: 6)
Event: uyan on 2025-08-07 (count: 6)
Event: odemil on 2025-08-07 (count: 6)
Event: sheryl on 2025-08-07 (count: 6)
Event: mikay on 2025-08-07 (count: 6)
Event: closherl on 2025-08-07 (count: 6)
Event: Maricar Bahala on 2025-08-08 (count: 1)
Event: Test User on 2025-08-15 (count: 2)
Event: 2323 on 2025-08-15 (count: 2)
Events found: 9
Time: 2025-08-06 16:32:56 - Start: 2025-08-01, End: 2025-08-31, Server: /Pet_Track_revise-3/functions/get-appointments.php
Count for 2025-08-07: 6
Count for 2025-08-08: 1
Count for 2025-08-15: 2
Event: mikay on 2025-08-07 (count: 6)
Event: uyan on 2025-08-07 (count: 6)
Event: odemil on 2025-08-07 (count: 6)
Event: sheryl on 2025-08-07 (count: 6)
Event: mikay on 2025-08-07 (count: 6)
Event: closherl on 2025-08-07 (count: 6)
Event: Maricar Bahala on 2025-08-08 (count: 1)
Event: Test User on 2025-08-15 (count: 2)
Event: 2323 on 2025-08-15 (count: 2)
Events found: 9
Time: 2025-08-06 16:32:56 - Start: 2025-08-01, End: 2025-08-31, Server: /Pet_Track_revise-3/functions/get-appointments.php
Count for 2025-08-07: 6
Count for 2025-08-08: 1
Count for 2025-08-15: 2
Event: mikay on 2025-08-07 (count: 6)
Event: uyan on 2025-08-07 (count: 6)
Event: odemil on 2025-08-07 (count: 6)
Event: sheryl on 2025-08-07 (count: 6)
Event: mikay on 2025-08-07 (count: 6)
Event: closherl on 2025-08-07 (count: 6)
Event: Maricar Bahala on 2025-08-08 (count: 1)
Event: Test User on 2025-08-15 (count: 2)
Event: 2323 on 2025-08-15 (count: 2)
Events found: 9
Time: 2025-08-06 16:32:56 - Start: 2025-08-01, End: 2025-08-31, Server: /Pet_Track_revise-3/functions/get-appointments.php
Count for 2025-08-07: 6
Count for 2025-08-08: 1
Count for 2025-08-15: 2
Event: mikay on 2025-08-07 (count: 6)
Event: uyan on 2025-08-07 (count: 6)
Event: odemil on 2025-08-07 (count: 6)
Event: sheryl on 2025-08-07 (count: 6)
Event: mikay on 2025-08-07 (count: 6)
Event: closherl on 2025-08-07 (count: 6)
Event: Maricar Bahala on 2025-08-08 (count: 1)
Event: Test User on 2025-08-15 (count: 2)
Event: 2323 on 2025-08-15 (count: 2)
Events found: 9
Time: 2025-08-06 16:32:56 - Start: 2025-08-01, End: 2025-08-31, Server: /Pet_Track_revise-3/functions/get-appointments.php
Count for 2025-08-07: 6
Count for 2025-08-08: 1
Count for 2025-08-15: 2
Event: mikay on 2025-08-07 (count: 6)
Event: uyan on 2025-08-07 (count: 6)
Event: odemil on 2025-08-07 (count: 6)
Event: sheryl on 2025-08-07 (count: 6)
Event: mikay on 2025-08-07 (count: 6)
Event: closherl on 2025-08-07 (count: 6)
Event: Maricar Bahala on 2025-08-08 (count: 1)
Event: Test User on 2025-08-15 (count: 2)
Event: 2323 on 2025-08-15 (count: 2)
Events found: 9
Time: 2025-08-06 16:32:57 - Start: 2025-08-01, End: 2025-08-31, Server: /Pet_Track_revise-3/functions/get-appointments.php
Count for 2025-08-07: 6
Count for 2025-08-08: 1
Count for 2025-08-15: 2
Event: mikay on 2025-08-07 (count: 6)
Event: uyan on 2025-08-07 (count: 6)
Event: odemil on 2025-08-07 (count: 6)
Event: sheryl on 2025-08-07 (count: 6)
Event: mikay on 2025-08-07 (count: 6)
Event: closherl on 2025-08-07 (count: 6)
Event: Maricar Bahala on 2025-08-08 (count: 1)
Event: Test User on 2025-08-15 (count: 2)
Event: 2323 on 2025-08-15 (count: 2)
Events found: 9
Time: 2025-08-06 16:32:57 - Start: 2025-08-01, End: 2025-08-31, Server: /Pet_Track_revise-3/functions/get-appointments.php
Count for 2025-08-07: 6
Count for 2025-08-08: 1
Count for 2025-08-15: 2
Event: mikay on 2025-08-07 (count: 6)
Event: uyan on 2025-08-07 (count: 6)
Event: odemil on 2025-08-07 (count: 6)
Event: sheryl on 2025-08-07 (count: 6)
Event: mikay on 2025-08-07 (count: 6)
Event: closherl on 2025-08-07 (count: 6)
Event: Maricar Bahala on 2025-08-08 (count: 1)
Event: Test User on 2025-08-15 (count: 2)
Event: 2323 on 2025-08-15 (count: 2)
Events found: 9
Time: 2025-08-06 16:32:57 - Start: 2025-08-01, End: 2025-08-31, Server: /Pet_Track_revise-3/functions/get-appointments.php
Count for 2025-08-07: 6
Count for 2025-08-08: 1
Count for 2025-08-15: 2
Event: mikay on 2025-08-07 (count: 6)
Event: uyan on 2025-08-07 (count: 6)
Event: odemil on 2025-08-07 (count: 6)
Event: sheryl on 2025-08-07 (count: 6)
Event: mikay on 2025-08-07 (count: 6)
Event: closherl on 2025-08-07 (count: 6)
Event: Maricar Bahala on 2025-08-08 (count: 1)
Event: Test User on 2025-08-15 (count: 2)
Event: 2323 on 2025-08-15 (count: 2)
Events found: 9
Time: 2025-08-06 16:32:57 - Start: 2025-08-01, End: 2025-08-31, Server: /Pet_Track_revise-3/functions/get-appointments.php
Count for 2025-08-07: 6
Count for 2025-08-08: 1
Count for 2025-08-15: 2
Event: mikay on 2025-08-07 (count: 6)
Event: uyan on 2025-08-07 (count: 6)
Event: odemil on 2025-08-07 (count: 6)
Event: sheryl on 2025-08-07 (count: 6)
Event: mikay on 2025-08-07 (count: 6)
Event: closherl on 2025-08-07 (count: 6)
Event: Maricar Bahala on 2025-08-08 (count: 1)
Event: Test User on 2025-08-15 (count: 2)
Event: 2323 on 2025-08-15 (count: 2)
Events found: 9
Time: 2025-08-06 16:32:57 - Start: 2025-08-01, End: 2025-08-31, Server: /Pet_Track_revise-3/functions/get-appointments.php
Count for 2025-08-07: 6
Count for 2025-08-08: 1
Count for 2025-08-15: 2
Event: mikay on 2025-08-07 (count: 6)
Event: uyan on 2025-08-07 (count: 6)
Event: odemil on 2025-08-07 (count: 6)
Event: sheryl on 2025-08-07 (count: 6)
Event: mikay on 2025-08-07 (count: 6)
Event: closherl on 2025-08-07 (count: 6)
Event: Maricar Bahala on 2025-08-08 (count: 1)
Event: Test User on 2025-08-15 (count: 2)
Event: 2323 on 2025-08-15 (count: 2)
Events found: 9
Time: 2025-08-06 16:32:58 - Start: 2025-08-01, End: 2025-08-31, Server: /Pet_Track_revise-3/functions/get-appointments.php
Count for 2025-08-07: 6
Count for 2025-08-08: 1
Count for 2025-08-15: 2
Event: mikay on 2025-08-07 (count: 6)
Event: uyan on 2025-08-07 (count: 6)
Event: odemil on 2025-08-07 (count: 6)
Event: sheryl on 2025-08-07 (count: 6)
Event: mikay on 2025-08-07 (count: 6)
Event: closherl on 2025-08-07 (count: 6)
Event: Maricar Bahala on 2025-08-08 (count: 1)
Event: Test User on 2025-08-15 (count: 2)
Event: 2323 on 2025-08-15 (count: 2)
Events found: 9
Time: 2025-08-06 16:32:58 - Start: 2025-08-01, End: 2025-08-31, Server: /Pet_Track_revise-3/functions/get-appointments.php
Count for 2025-08-07: 6
Count for 2025-08-08: 1
Count for 2025-08-15: 2
Event: mikay on 2025-08-07 (count: 6)
Event: uyan on 2025-08-07 (count: 6)
Event: odemil on 2025-08-07 (count: 6)
Event: sheryl on 2025-08-07 (count: 6)
Event: mikay on 2025-08-07 (count: 6)
Event: closherl on 2025-08-07 (count: 6)
Event: Maricar Bahala on 2025-08-08 (count: 1)
Event: Test User on 2025-08-15 (count: 2)
Event: 2323 on 2025-08-15 (count: 2)
Events found: 9
Time: 2025-08-06 16:32:58 - Start: 2025-08-01, End: 2025-08-31, Server: /Pet_Track_revise-3/functions/get-appointments.php
Count for 2025-08-07: 6
Count for 2025-08-08: 1
Count for 2025-08-15: 2
Event: mikay on 2025-08-07 (count: 6)
Event: uyan on 2025-08-07 (count: 6)
Event: odemil on 2025-08-07 (count: 6)
Event: sheryl on 2025-08-07 (count: 6)
Event: mikay on 2025-08-07 (count: 6)
Event: closherl on 2025-08-07 (count: 6)
Event: Maricar Bahala on 2025-08-08 (count: 1)
Event: Test User on 2025-08-15 (count: 2)
Event: 2323 on 2025-08-15 (count: 2)
Events found: 9
Time: 2025-08-06 16:32:58 - Start: 2025-08-01, End: 2025-08-31, Server: /Pet_Track_revise-3/functions/get-appointments.php
Count for 2025-08-07: 6
Count for 2025-08-08: 1
Count for 2025-08-15: 2
Event: mikay on 2025-08-07 (count: 6)
Event: uyan on 2025-08-07 (count: 6)
Event: odemil on 2025-08-07 (count: 6)
Event: sheryl on 2025-08-07 (count: 6)
Event: mikay on 2025-08-07 (count: 6)
Event: closherl on 2025-08-07 (count: 6)
Event: Maricar Bahala on 2025-08-08 (count: 1)
Event: Test User on 2025-08-15 (count: 2)
Event: 2323 on 2025-08-15 (count: 2)
Events found: 9
Time: 2025-08-06 16:32:58 - Start: 2025-08-01, End: 2025-08-31, Server: /Pet_Track_revise-3/functions/get-appointments.php
Count for 2025-08-07: 6
Count for 2025-08-08: 1
Count for 2025-08-15: 2
Event: mikay on 2025-08-07 (count: 6)
Event: uyan on 2025-08-07 (count: 6)
Event: odemil on 2025-08-07 (count: 6)
Event: sheryl on 2025-08-07 (count: 6)
Event: mikay on 2025-08-07 (count: 6)
Event: closherl on 2025-08-07 (count: 6)
Event: Maricar Bahala on 2025-08-08 (count: 1)
Event: Test User on 2025-08-15 (count: 2)
Event: 2323 on 2025-08-15 (count: 2)
Events found: 9
Time: 2025-08-06 16:32:59 - Start: 2025-08-01, End: 2025-08-31, Server: /Pet_Track_revise-3/functions/get-appointments.php
Count for 2025-08-07: 6
Count for 2025-08-08: 1
Count for 2025-08-15: 2
Event: mikay on 2025-08-07 (count: 6)
Event: uyan on 2025-08-07 (count: 6)
Event: odemil on 2025-08-07 (count: 6)
Event: sheryl on 2025-08-07 (count: 6)
Event: mikay on 2025-08-07 (count: 6)
Event: closherl on 2025-08-07 (count: 6)
Event: Maricar Bahala on 2025-08-08 (count: 1)
Event: Test User on 2025-08-15 (count: 2)
Event: 2323 on 2025-08-15 (count: 2)
Events found: 9
Time: 2025-08-06 16:33:00 - Start: 2025-08-01, End: 2025-08-31, Server: /Pet_Track_revise-3/functions/get-appointments.php
Count for 2025-08-07: 6
Count for 2025-08-08: 1
Count for 2025-08-15: 2
Event: mikay on 2025-08-07 (count: 6)
Event: uyan on 2025-08-07 (count: 6)
Event: odemil on 2025-08-07 (count: 6)
Event: sheryl on 2025-08-07 (count: 6)
Event: mikay on 2025-08-07 (count: 6)
Event: closherl on 2025-08-07 (count: 6)
Event: Maricar Bahala on 2025-08-08 (count: 1)
Event: Test User on 2025-08-15 (count: 2)
Event: 2323 on 2025-08-15 (count: 2)
Events found: 9
Time: 2025-08-06 16:33:01 - Start: 2025-08-01, End: 2025-08-31, Server: /Pet_Track_revise-3/functions/get-appointments.php
Count for 2025-08-07: 6
Count for 2025-08-08: 1
Count for 2025-08-15: 2
Event: mikay on 2025-08-07 (count: 6)
Event: uyan on 2025-08-07 (count: 6)
Event: odemil on 2025-08-07 (count: 6)
Event: sheryl on 2025-08-07 (count: 6)
Event: mikay on 2025-08-07 (count: 6)
Event: closherl on 2025-08-07 (count: 6)
Event: Maricar Bahala on 2025-08-08 (count: 1)
Event: Test User on 2025-08-15 (count: 2)
Event: 2323 on 2025-08-15 (count: 2)
Events found: 9
Time: 2025-08-06 16:33:01 - Start: 2025-08-01, End: 2025-08-31, Server: /Pet_Track_revise-3/functions/get-appointments.php
Count for 2025-08-07: 6
Count for 2025-08-08: 1
Count for 2025-08-15: 2
Event: mikay on 2025-08-07 (count: 6)
Event: uyan on 2025-08-07 (count: 6)
Event: odemil on 2025-08-07 (count: 6)
Event: sheryl on 2025-08-07 (count: 6)
Event: mikay on 2025-08-07 (count: 6)
Event: closherl on 2025-08-07 (count: 6)
Event: Maricar Bahala on 2025-08-08 (count: 1)
Event: Test User on 2025-08-15 (count: 2)
Event: 2323 on 2025-08-15 (count: 2)
Events found: 9
Time: 2025-08-06 16:33:01 - Start: 2025-08-01, End: 2025-08-31, Server: /Pet_Track_revise-3/functions/get-appointments.php
Count for 2025-08-07: 6
Count for 2025-08-08: 1
Count for 2025-08-15: 2
Event: mikay on 2025-08-07 (count: 6)
Event: uyan on 2025-08-07 (count: 6)
Event: odemil on 2025-08-07 (count: 6)
Event: sheryl on 2025-08-07 (count: 6)
Event: mikay on 2025-08-07 (count: 6)
Event: closherl on 2025-08-07 (count: 6)
Event: Maricar Bahala on 2025-08-08 (count: 1)
Event: Test User on 2025-08-15 (count: 2)
Event: 2323 on 2025-08-15 (count: 2)
Events found: 9
Time: 2025-08-06 16:33:01 - Start: 2025-08-01, End: 2025-08-31, Server: /Pet_Track_revise-3/functions/get-appointments.php
Count for 2025-08-07: 6
Count for 2025-08-08: 1
Count for 2025-08-15: 2
Event: mikay on 2025-08-07 (count: 6)
Event: uyan on 2025-08-07 (count: 6)
Event: odemil on 2025-08-07 (count: 6)
Event: sheryl on 2025-08-07 (count: 6)
Event: mikay on 2025-08-07 (count: 6)
Event: closherl on 2025-08-07 (count: 6)
Event: Maricar Bahala on 2025-08-08 (count: 1)
Event: Test User on 2025-08-15 (count: 2)
Event: 2323 on 2025-08-15 (count: 2)
Events found: 9
Time: 2025-08-07 14:27:54 - Start: 2025-08-01, End: 2025-08-31, Server: /Pet_Track_revise-3/functions/get-appointments.php
Count for 2025-08-07: 6
Count for 2025-08-08: 1
Count for 2025-08-15: 2
Event: mikay on 2025-08-07 (count: 6)
Event: uyan on 2025-08-07 (count: 6)
Event: odemil on 2025-08-07 (count: 6)
Event: sheryl on 2025-08-07 (count: 6)
Event: mikay on 2025-08-07 (count: 6)
Event: closherl on 2025-08-07 (count: 6)
Event: Maricar Bahala on 2025-08-08 (count: 1)
Event: Test User on 2025-08-15 (count: 2)
Event: 2323 on 2025-08-15 (count: 2)
Events found: 9
Time: 2025-08-07 14:33:39 - Start: 2025-08-01, End: 2025-08-31, Server: /Pet_Track_revise-3/functions/get-appointments.php
Count for 2025-08-07: 6
Count for 2025-08-08: 1
Count for 2025-08-15: 2
Event: mikay on 2025-08-07 (count: 6)
Event: uyan on 2025-08-07 (count: 6)
Event: odemil on 2025-08-07 (count: 6)
Event: sheryl on 2025-08-07 (count: 6)
Event: mikay on 2025-08-07 (count: 6)
Event: closherl on 2025-08-07 (count: 6)
Event: Maricar Bahala on 2025-08-08 (count: 1)
Event: Test User on 2025-08-15 (count: 2)
Event: 2323 on 2025-08-15 (count: 2)
Events found: 9
Time: 2025-08-07 14:33:39 - Start: 2025-08-01, End: 2025-08-31, Server: /Pet_Track_revise-3/functions/get-appointments.php
Count for 2025-08-07: 6
Count for 2025-08-08: 1
Count for 2025-08-15: 2
Event: mikay on 2025-08-07 (count: 6)
Event: uyan on 2025-08-07 (count: 6)
Event: odemil on 2025-08-07 (count: 6)
Event: sheryl on 2025-08-07 (count: 6)
Event: mikay on 2025-08-07 (count: 6)
Event: closherl on 2025-08-07 (count: 6)
Event: Maricar Bahala on 2025-08-08 (count: 1)
Event: Test User on 2025-08-15 (count: 2)
Event: 2323 on 2025-08-15 (count: 2)
Events found: 9
Time: 2025-08-07 14:33:40 - Start: 2025-08-01, End: 2025-08-31, Server: /Pet_Track_revise-3/functions/get-appointments.php
Count for 2025-08-07: 6
Count for 2025-08-08: 1
Count for 2025-08-15: 2
Event: mikay on 2025-08-07 (count: 6)
Event: uyan on 2025-08-07 (count: 6)
Event: odemil on 2025-08-07 (count: 6)
Event: sheryl on 2025-08-07 (count: 6)
Event: mikay on 2025-08-07 (count: 6)
Event: closherl on 2025-08-07 (count: 6)
Event: Maricar Bahala on 2025-08-08 (count: 1)
Event: Test User on 2025-08-15 (count: 2)
Event: 2323 on 2025-08-15 (count: 2)
Events found: 9
Time: 2025-08-07 14:33:40 - Start: 2025-08-01, End: 2025-08-31, Server: /Pet_Track_revise-3/functions/get-appointments.php
Count for 2025-08-07: 6
Count for 2025-08-08: 1
Count for 2025-08-15: 2
Event: mikay on 2025-08-07 (count: 6)
Event: uyan on 2025-08-07 (count: 6)
Event: odemil on 2025-08-07 (count: 6)
Event: sheryl on 2025-08-07 (count: 6)
Event: mikay on 2025-08-07 (count: 6)
Event: closherl on 2025-08-07 (count: 6)
Event: Maricar Bahala on 2025-08-08 (count: 1)
Event: Test User on 2025-08-15 (count: 2)
Event: 2323 on 2025-08-15 (count: 2)
Events found: 9
Time: 2025-08-07 14:33:40 - Start: 2025-08-01, End: 2025-08-31, Server: /Pet_Track_revise-3/functions/get-appointments.php
Count for 2025-08-07: 6
Count for 2025-08-08: 1
Count for 2025-08-15: 2
Event: mikay on 2025-08-07 (count: 6)
Event: uyan on 2025-08-07 (count: 6)
Event: odemil on 2025-08-07 (count: 6)
Event: sheryl on 2025-08-07 (count: 6)
Event: mikay on 2025-08-07 (count: 6)
Event: closherl on 2025-08-07 (count: 6)
Event: Maricar Bahala on 2025-08-08 (count: 1)
Event: Test User on 2025-08-15 (count: 2)
Event: 2323 on 2025-08-15 (count: 2)
Events found: 9
Time: 2025-08-07 14:33:41 - Start: 2025-08-01, End: 2025-08-31, Server: /Pet_Track_revise-3/functions/get-appointments.php
Count for 2025-08-07: 6
Count for 2025-08-08: 1
Count for 2025-08-15: 2
Event: mikay on 2025-08-07 (count: 6)
Event: uyan on 2025-08-07 (count: 6)
Event: odemil on 2025-08-07 (count: 6)
Event: sheryl on 2025-08-07 (count: 6)
Event: mikay on 2025-08-07 (count: 6)
Event: closherl on 2025-08-07 (count: 6)
Event: Maricar Bahala on 2025-08-08 (count: 1)
Event: Test User on 2025-08-15 (count: 2)
Event: 2323 on 2025-08-15 (count: 2)
Events found: 9
Time: 2025-08-07 14:33:43 - Start: 2025-08-01, End: 2025-08-31, Server: /Pet_Track_revise-3/functions/get-appointments.php
Count for 2025-08-07: 6
Count for 2025-08-08: 1
Count for 2025-08-15: 2
Event: mikay on 2025-08-07 (count: 6)
Event: uyan on 2025-08-07 (count: 6)
Event: odemil on 2025-08-07 (count: 6)
Event: sheryl on 2025-08-07 (count: 6)
Event: mikay on 2025-08-07 (count: 6)
Event: closherl on 2025-08-07 (count: 6)
Event: Maricar Bahala on 2025-08-08 (count: 1)
Event: Test User on 2025-08-15 (count: 2)
Event: 2323 on 2025-08-15 (count: 2)
Events found: 9
Time: 2025-08-07 14:33:43 - Start: 2025-08-01, End: 2025-08-31, Server: /Pet_Track_revise-3/functions/get-appointments.php
Count for 2025-08-07: 6
Count for 2025-08-08: 1
Count for 2025-08-15: 2
Event: mikay on 2025-08-07 (count: 6)
Event: uyan on 2025-08-07 (count: 6)
Event: odemil on 2025-08-07 (count: 6)
Event: sheryl on 2025-08-07 (count: 6)
Event: mikay on 2025-08-07 (count: 6)
Event: closherl on 2025-08-07 (count: 6)
Event: Maricar Bahala on 2025-08-08 (count: 1)
Event: Test User on 2025-08-15 (count: 2)
Event: 2323 on 2025-08-15 (count: 2)
Events found: 9
Time: 2025-08-07 14:54:48 - Start: 2025-08-01, End: 2025-08-31, Server: /Pet_Track_revise-3/functions/get-appointments.php
Count for 2025-08-07: 6
Count for 2025-08-08: 1
Count for 2025-08-15: 2
Event: mikay on 2025-08-07 (count: 6)
Event: uyan on 2025-08-07 (count: 6)
Event: odemil on 2025-08-07 (count: 6)
Event: sheryl on 2025-08-07 (count: 6)
Event: mikay on 2025-08-07 (count: 6)
Event: closherl on 2025-08-07 (count: 6)
Event: Maricar Bahala on 2025-08-08 (count: 1)
Event: Test User on 2025-08-15 (count: 2)
Event: 2323 on 2025-08-15 (count: 2)
Events found: 9
Time: 2025-08-07 14:56:38 - Start: 2025-08-01, End: 2025-08-31, Server: /Pet_Track_revise-3/functions/get-appointments.php
Count for 2025-08-07: 6
Count for 2025-08-08: 1
Count for 2025-08-15: 2
Event: mikay on 2025-08-07 (count: 6)
Event: uyan on 2025-08-07 (count: 6)
Event: odemil on 2025-08-07 (count: 6)
Event: sheryl on 2025-08-07 (count: 6)
Event: mikay on 2025-08-07 (count: 6)
Event: closherl on 2025-08-07 (count: 6)
Event: Maricar Bahala on 2025-08-08 (count: 1)
Event: Test User on 2025-08-15 (count: 2)
Event: 2323 on 2025-08-15 (count: 2)
Events found: 9
Time: 2025-08-07 14:57:41 - Start: 2025-08-01, End: 2025-08-31, Server: /Pet_Track_revise-3/functions/get-appointments.php
Count for 2025-08-07: 6
Count for 2025-08-08: 1
Count for 2025-08-15: 2
Event: mikay on 2025-08-07 (count: 6)
Event: uyan on 2025-08-07 (count: 6)
Event: odemil on 2025-08-07 (count: 6)
Event: sheryl on 2025-08-07 (count: 6)
Event: mikay on 2025-08-07 (count: 6)
Event: closherl on 2025-08-07 (count: 6)
Event: Maricar Bahala on 2025-08-08 (count: 1)
Event: Test User on 2025-08-15 (count: 2)
Event: 2323 on 2025-08-15 (count: 2)
Events found: 9
Time: 2025-08-07 15:14:28 - Start: 2025-08-01, End: 2025-08-31, Server: /Pet_Track_revise-3/functions/get-appointments.php
Count for 2025-08-07: 6
Count for 2025-08-08: 1
Count for 2025-08-15: 2
Event: mikay on 2025-08-07 (count: 6)
Event: uyan on 2025-08-07 (count: 6)
Event: odemil on 2025-08-07 (count: 6)
Event: sheryl on 2025-08-07 (count: 6)
Event: mikay on 2025-08-07 (count: 6)
Event: closherl on 2025-08-07 (count: 6)
Event: Maricar Bahala on 2025-08-08 (count: 1)
Event: Test User on 2025-08-15 (count: 2)
Event: 2323 on 2025-08-15 (count: 2)
Events found: 9
Time: 2025-08-08 13:54:34 - Start: 2025-08-01, End: 2025-08-31, Server: /Pet_Track_revise-3/functions/get-appointments.php
Count for 2025-08-07: 6
Count for 2025-08-08: 1
Count for 2025-08-15: 2
Event: mikay on 2025-08-07 (count: 6)
Event: uyan on 2025-08-07 (count: 6)
Event: odemil on 2025-08-07 (count: 6)
Event: sheryl on 2025-08-07 (count: 6)
Event: mikay on 2025-08-07 (count: 6)
Event: closherl on 2025-08-07 (count: 6)
Event: Maricar Bahala on 2025-08-08 (count: 1)
Event: Test User on 2025-08-15 (count: 2)
Event: 2323 on 2025-08-15 (count: 2)
Events found: 9
Time: 2025-08-08 13:54:36 - Start: 2025-08-06, End: 2025-08-06, Server: /Pet_Track_revise-3/functions/get-appointments.php?start=2025-08-06&end=2025-08-06
Events found: 0
Time: 2025-08-08 13:56:27 - Start: 2025-08-01, End: 2025-08-31, Server: /Pet_Track_revise-3/functions/get-appointments.php
Count for 2025-08-07: 6
Count for 2025-08-08: 1
Count for 2025-08-15: 2
Event: mikay on 2025-08-07 (count: 6)
Event: uyan on 2025-08-07 (count: 6)
Event: odemil on 2025-08-07 (count: 6)
Event: sheryl on 2025-08-07 (count: 6)
Event: mikay on 2025-08-07 (count: 6)
Event: closherl on 2025-08-07 (count: 6)
Event: Maricar Bahala on 2025-08-08 (count: 1)
Event: Test User on 2025-08-15 (count: 2)
Event: 2323 on 2025-08-15 (count: 2)
Events found: 9
Time: 2025-08-08 13:56:40 - Start: 2025-08-01, End: 2025-08-31, Server: /Pet_Track_revise-3/functions/get-appointments.php
Count for 2025-08-07: 6
Count for 2025-08-08: 1
Count for 2025-08-15: 2
Event: mikay on 2025-08-07 (count: 6)
Event: uyan on 2025-08-07 (count: 6)
Event: odemil on 2025-08-07 (count: 6)
Event: sheryl on 2025-08-07 (count: 6)
Event: mikay on 2025-08-07 (count: 6)
Event: closherl on 2025-08-07 (count: 6)
Event: Maricar Bahala on 2025-08-08 (count: 1)
Event: Test User on 2025-08-15 (count: 2)
Event: 2323 on 2025-08-15 (count: 2)
Events found: 9
Time: 2025-08-08 13:57:33 - Start: 2025-08-01, End: 2025-08-31, Server: /Pet_Track_revise-3/functions/get-appointments.php
Count for 2025-08-07: 6
Count for 2025-08-08: 1
Count for 2025-08-15: 2
Event: mikay on 2025-08-07 (count: 6)
Event: uyan on 2025-08-07 (count: 6)
Event: odemil on 2025-08-07 (count: 6)
Event: sheryl on 2025-08-07 (count: 6)
Event: mikay on 2025-08-07 (count: 6)
Event: closherl on 2025-08-07 (count: 6)
Event: Maricar Bahala on 2025-08-08 (count: 1)
Event: Test User on 2025-08-15 (count: 2)
Event: 2323 on 2025-08-15 (count: 2)
Events found: 9
Time: 2025-08-08 13:57:33 - Start: 2025-08-01, End: 2025-08-31, Server: /Pet_Track_revise-3/functions/get-appointments.php
Count for 2025-08-07: 6
Count for 2025-08-08: 1
Count for 2025-08-15: 2
Event: mikay on 2025-08-07 (count: 6)
Event: uyan on 2025-08-07 (count: 6)
Event: odemil on 2025-08-07 (count: 6)
Event: sheryl on 2025-08-07 (count: 6)
Event: mikay on 2025-08-07 (count: 6)
Event: closherl on 2025-08-07 (count: 6)
Event: Maricar Bahala on 2025-08-08 (count: 1)
Event: Test User on 2025-08-15 (count: 2)
Event: 2323 on 2025-08-15 (count: 2)
Events found: 9
Time: 2025-08-08 13:57:58 - Start: 2025-08-01, End: 2025-08-31, Server: /Pet_Track_revise-3/functions/get-appointments.php
Count for 2025-08-07: 6
Count for 2025-08-08: 1
Count for 2025-08-15: 2
Event: mikay on 2025-08-07 (count: 6)
Event: uyan on 2025-08-07 (count: 6)
Event: odemil on 2025-08-07 (count: 6)
Event: sheryl on 2025-08-07 (count: 6)
Event: mikay on 2025-08-07 (count: 6)
Event: closherl on 2025-08-07 (count: 6)
Event: Maricar Bahala on 2025-08-08 (count: 1)
Event: Test User on 2025-08-15 (count: 2)
Event: 2323 on 2025-08-15 (count: 2)
Events found: 9
Time: 2025-08-08 13:58:22 - Start: 2025-08-01, End: 2025-08-31, Server: /Pet_Track_revise-3/functions/get-appointments.php
Count for 2025-08-07: 6
Count for 2025-08-08: 1
Count for 2025-08-15: 2
Event: mikay on 2025-08-07 (count: 6)
Event: uyan on 2025-08-07 (count: 6)
Event: odemil on 2025-08-07 (count: 6)
Event: sheryl on 2025-08-07 (count: 6)
Event: mikay on 2025-08-07 (count: 6)
Event: closherl on 2025-08-07 (count: 6)
Event: Maricar Bahala on 2025-08-08 (count: 1)
Event: Test User on 2025-08-15 (count: 2)
Event: 2323 on 2025-08-15 (count: 2)
Events found: 9
Time: 2025-08-08 13:58:29 - Start: 2025-08-01, End: 2025-08-31, Server: /Pet_Track_revise-3/functions/get-appointments.php
Count for 2025-08-07: 6
Count for 2025-08-08: 1
Count for 2025-08-15: 2
Event: mikay on 2025-08-07 (count: 6)
Event: uyan on 2025-08-07 (count: 6)
Event: odemil on 2025-08-07 (count: 6)
Event: sheryl on 2025-08-07 (count: 6)
Event: mikay on 2025-08-07 (count: 6)
Event: closherl on 2025-08-07 (count: 6)
Event: Maricar Bahala on 2025-08-08 (count: 1)
Event: Test User on 2025-08-15 (count: 2)
Event: 2323 on 2025-08-15 (count: 2)
Events found: 9
Time: 2025-08-08 13:58:42 - Start: 2025-08-01, End: 2025-08-31, Server: /Pet_Track_revise-3/functions/get-appointments.php
Count for 2025-08-07: 6
Count for 2025-08-08: 1
Count for 2025-08-15: 2
Event: mikay on 2025-08-07 (count: 6)
Event: uyan on 2025-08-07 (count: 6)
Event: odemil on 2025-08-07 (count: 6)
Event: sheryl on 2025-08-07 (count: 6)
Event: mikay on 2025-08-07 (count: 6)
Event: closherl on 2025-08-07 (count: 6)
Event: Maricar Bahala on 2025-08-08 (count: 1)
Event: Test User on 2025-08-15 (count: 2)
Event: 2323 on 2025-08-15 (count: 2)
Events found: 9
Time: 2025-08-08 13:58:44 - Start: 2025-08-01, End: 2025-08-31, Server: /Pet_Track_revise-3/functions/get-appointments.php
Count for 2025-08-07: 6
Count for 2025-08-08: 1
Count for 2025-08-15: 2
Event: mikay on 2025-08-07 (count: 6)
Event: uyan on 2025-08-07 (count: 6)
Event: odemil on 2025-08-07 (count: 6)
Event: sheryl on 2025-08-07 (count: 6)
Event: mikay on 2025-08-07 (count: 6)
Event: closherl on 2025-08-07 (count: 6)
Event: Maricar Bahala on 2025-08-08 (count: 1)
Event: Test User on 2025-08-15 (count: 2)
Event: 2323 on 2025-08-15 (count: 2)
Events found: 9
Time: 2025-08-08 13:59:57 - Start: 2025-08-01, End: 2025-08-31, Server: /Pet_Track_revise-3/functions/get-appointments.php
Count for 2025-08-07: 6
Count for 2025-08-08: 1
Count for 2025-08-15: 2
Event: mikay on 2025-08-07 (count: 6)
Event: uyan on 2025-08-07 (count: 6)
Event: odemil on 2025-08-07 (count: 6)
Event: sheryl on 2025-08-07 (count: 6)
Event: mikay on 2025-08-07 (count: 6)
Event: closherl on 2025-08-07 (count: 6)
Event: Maricar Bahala on 2025-08-08 (count: 1)
Event: Test User on 2025-08-15 (count: 2)
Event: 2323 on 2025-08-15 (count: 2)
Events found: 9
Time: 2025-08-08 14:00:15 - Start: 2025-08-01, End: 2025-08-31, Server: /Pet_Track_revise-3/functions/get-appointments.php
Count for 2025-08-07: 6
Count for 2025-08-08: 1
Count for 2025-08-15: 2
Event: mikay on 2025-08-07 (count: 6)
Event: uyan on 2025-08-07 (count: 6)
Event: odemil on 2025-08-07 (count: 6)
Event: sheryl on 2025-08-07 (count: 6)
Event: mikay on 2025-08-07 (count: 6)
Event: closherl on 2025-08-07 (count: 6)
Event: Maricar Bahala on 2025-08-08 (count: 1)
Event: Test User on 2025-08-15 (count: 2)
Event: 2323 on 2025-08-15 (count: 2)
Events found: 9
Time: 2025-08-08 14:00:36 - Start: 2025-08-01, End: 2025-08-31, Server: /Pet_Track_revise-3/functions/get-appointments.php
Count for 2025-08-07: 6
Count for 2025-08-08: 1
Count for 2025-08-15: 2
Event: mikay on 2025-08-07 (count: 6)
Event: uyan on 2025-08-07 (count: 6)
Event: odemil on 2025-08-07 (count: 6)
Event: sheryl on 2025-08-07 (count: 6)
Event: mikay on 2025-08-07 (count: 6)
Event: closherl on 2025-08-07 (count: 6)
Event: Maricar Bahala on 2025-08-08 (count: 1)
Event: Test User on 2025-08-15 (count: 2)
Event: 2323 on 2025-08-15 (count: 2)
Events found: 9
Time: 2025-08-08 14:00:50 - Start: 2025-08-01, End: 2025-08-31, Server: /Pet_Track_revise-3/functions/get-appointments.php
Count for 2025-08-07: 6
Count for 2025-08-08: 1
Count for 2025-08-15: 2
Event: mikay on 2025-08-07 (count: 6)
Event: uyan on 2025-08-07 (count: 6)
Event: odemil on 2025-08-07 (count: 6)
Event: sheryl on 2025-08-07 (count: 6)
Event: mikay on 2025-08-07 (count: 6)
Event: closherl on 2025-08-07 (count: 6)
Event: Maricar Bahala on 2025-08-08 (count: 1)
Event: Test User on 2025-08-15 (count: 2)
Event: 2323 on 2025-08-15 (count: 2)
Events found: 9
Time: 2025-08-08 14:01:27 - Start: 2025-08-01, End: 2025-08-31, Server: /Pet_Track_revise-3/functions/get-appointments.php
Count for 2025-08-07: 6
Count for 2025-08-08: 1
Count for 2025-08-15: 2
Event: mikay on 2025-08-07 (count: 6)
Event: uyan on 2025-08-07 (count: 6)
Event: odemil on 2025-08-07 (count: 6)
Event: sheryl on 2025-08-07 (count: 6)
Event: mikay on 2025-08-07 (count: 6)
Event: closherl on 2025-08-07 (count: 6)
Event: Maricar Bahala on 2025-08-08 (count: 1)
Event: Test User on 2025-08-15 (count: 2)
Event: 2323 on 2025-08-15 (count: 2)
Events found: 9
Time: 2025-08-08 14:01:27 - Start: 2025-08-01, End: 2025-08-31, Server: /Pet_Track_revise-3/functions/get-appointments.php
Count for 2025-08-07: 6
Count for 2025-08-08: 1
Count for 2025-08-15: 2
Event: mikay on 2025-08-07 (count: 6)
Event: uyan on 2025-08-07 (count: 6)
Event: odemil on 2025-08-07 (count: 6)
Event: sheryl on 2025-08-07 (count: 6)
Event: mikay on 2025-08-07 (count: 6)
Event: closherl on 2025-08-07 (count: 6)
Event: Maricar Bahala on 2025-08-08 (count: 1)
Event: Test User on 2025-08-15 (count: 2)
Event: 2323 on 2025-08-15 (count: 2)
Events found: 9
Time: 2025-08-08 14:01:28 - Start: 2025-08-01, End: 2025-08-31, Server: /Pet_Track_revise-3/functions/get-appointments.php
Count for 2025-08-07: 6
Count for 2025-08-08: 1
Count for 2025-08-15: 2
Event: mikay on 2025-08-07 (count: 6)
Event: uyan on 2025-08-07 (count: 6)
Event: odemil on 2025-08-07 (count: 6)
Event: sheryl on 2025-08-07 (count: 6)
Event: mikay on 2025-08-07 (count: 6)
Event: closherl on 2025-08-07 (count: 6)
Event: Maricar Bahala on 2025-08-08 (count: 1)
Event: Test User on 2025-08-15 (count: 2)
Event: 2323 on 2025-08-15 (count: 2)
Events found: 9
Time: 2025-08-08 14:01:46 - Start: 2025-08-01, End: 2025-08-31, Server: /Pet_Track_revise-3/functions/get-appointments.php
Count for 2025-08-07: 6
Count for 2025-08-08: 1
Count for 2025-08-15: 2
Event: mikay on 2025-08-07 (count: 6)
Event: uyan on 2025-08-07 (count: 6)
Event: odemil on 2025-08-07 (count: 6)
Event: sheryl on 2025-08-07 (count: 6)
Event: mikay on 2025-08-07 (count: 6)
Event: closherl on 2025-08-07 (count: 6)
Event: Maricar Bahala on 2025-08-08 (count: 1)
Event: Test User on 2025-08-15 (count: 2)
Event: 2323 on 2025-08-15 (count: 2)
Events found: 9
Time: 2025-08-08 14:01:46 - Start: 2025-08-01, End: 2025-08-31, Server: /Pet_Track_revise-3/functions/get-appointments.php
Count for 2025-08-07: 6
Count for 2025-08-08: 1
Count for 2025-08-15: 2
Event: mikay on 2025-08-07 (count: 6)
Event: uyan on 2025-08-07 (count: 6)
Event: odemil on 2025-08-07 (count: 6)
Event: sheryl on 2025-08-07 (count: 6)
Event: mikay on 2025-08-07 (count: 6)
Event: closherl on 2025-08-07 (count: 6)
Event: Maricar Bahala on 2025-08-08 (count: 1)
Event: Test User on 2025-08-15 (count: 2)
Event: 2323 on 2025-08-15 (count: 2)
Events found: 9
Time: 2025-08-08 14:01:52 - Start: 2025-08-01, End: 2025-08-31, Server: /Pet_Track_revise-3/functions/get-appointments.php
Count for 2025-08-07: 6
Count for 2025-08-08: 1
Count for 2025-08-15: 2
Event: mikay on 2025-08-07 (count: 6)
Event: uyan on 2025-08-07 (count: 6)
Event: odemil on 2025-08-07 (count: 6)
Event: sheryl on 2025-08-07 (count: 6)
Event: mikay on 2025-08-07 (count: 6)
Event: closherl on 2025-08-07 (count: 6)
Event: Maricar Bahala on 2025-08-08 (count: 1)
Event: Test User on 2025-08-15 (count: 2)
Event: 2323 on 2025-08-15 (count: 2)
Events found: 9
Time: 2025-08-08 14:02:17 - Start: 2025-08-01, End: 2025-08-31, Server: /Pet_Track_revise-3/functions/get-appointments.php
Count for 2025-08-07: 6
Count for 2025-08-08: 1
Count for 2025-08-15: 2
Event: mikay on 2025-08-07 (count: 6)
Event: uyan on 2025-08-07 (count: 6)
Event: odemil on 2025-08-07 (count: 6)
Event: sheryl on 2025-08-07 (count: 6)
Event: mikay on 2025-08-07 (count: 6)
Event: closherl on 2025-08-07 (count: 6)
Event: Maricar Bahala on 2025-08-08 (count: 1)
Event: Test User on 2025-08-15 (count: 2)
Event: 2323 on 2025-08-15 (count: 2)
Events found: 9
Time: 2025-08-08 14:02:32 - Start: 2025-08-01, End: 2025-08-31, Server: /Pet_Track_revise-3/functions/get-appointments.php
Count for 2025-08-07: 6
Count for 2025-08-08: 1
Count for 2025-08-15: 2
Event: mikay on 2025-08-07 (count: 6)
Event: uyan on 2025-08-07 (count: 6)
Event: odemil on 2025-08-07 (count: 6)
Event: sheryl on 2025-08-07 (count: 6)
Event: mikay on 2025-08-07 (count: 6)
Event: closherl on 2025-08-07 (count: 6)
Event: Maricar Bahala on 2025-08-08 (count: 1)
Event: Test User on 2025-08-15 (count: 2)
Event: 2323 on 2025-08-15 (count: 2)
Events found: 9
Time: 2025-08-08 14:02:32 - Start: 2025-08-01, End: 2025-08-31, Server: /Pet_Track_revise-3/functions/get-appointments.php
Count for 2025-08-07: 6
Count for 2025-08-08: 1
Count for 2025-08-15: 2
Event: mikay on 2025-08-07 (count: 6)
Event: uyan on 2025-08-07 (count: 6)
Event: odemil on 2025-08-07 (count: 6)
Event: sheryl on 2025-08-07 (count: 6)
Event: mikay on 2025-08-07 (count: 6)
Event: closherl on 2025-08-07 (count: 6)
Event: Maricar Bahala on 2025-08-08 (count: 1)
Event: Test User on 2025-08-15 (count: 2)
Event: 2323 on 2025-08-15 (count: 2)
Events found: 9
Time: 2025-08-08 14:02:53 - Start: 2025-08-01, End: 2025-08-31, Server: /Pet_Track_revise-3/functions/get-appointments.php
Count for 2025-08-07: 6
Count for 2025-08-08: 1
Count for 2025-08-15: 2
Event: mikay on 2025-08-07 (count: 6)
Event: uyan on 2025-08-07 (count: 6)
Event: odemil on 2025-08-07 (count: 6)
Event: sheryl on 2025-08-07 (count: 6)
Event: mikay on 2025-08-07 (count: 6)
Event: closherl on 2025-08-07 (count: 6)
Event: Maricar Bahala on 2025-08-08 (count: 1)
Event: Test User on 2025-08-15 (count: 2)
Event: 2323 on 2025-08-15 (count: 2)
Events found: 9
Time: 2025-08-08 14:02:58 - Start: 2025-08-01, End: 2025-08-31, Server: /Pet_Track_revise-3/functions/get-appointments.php
Count for 2025-08-07: 6
Count for 2025-08-08: 1
Count for 2025-08-15: 2
Event: mikay on 2025-08-07 (count: 6)
Event: uyan on 2025-08-07 (count: 6)
Event: odemil on 2025-08-07 (count: 6)
Event: sheryl on 2025-08-07 (count: 6)
Event: mikay on 2025-08-07 (count: 6)
Event: closherl on 2025-08-07 (count: 6)
Event: Maricar Bahala on 2025-08-08 (count: 1)
Event: Test User on 2025-08-15 (count: 2)
Event: 2323 on 2025-08-15 (count: 2)
Events found: 9
Time: 2025-08-08 14:03:00 - Start: 2025-08-01, End: 2025-08-31, Server: /Pet_Track_revise-3/functions/get-appointments.php
Count for 2025-08-07: 6
Count for 2025-08-08: 1
Count for 2025-08-15: 2
Event: mikay on 2025-08-07 (count: 6)
Event: uyan on 2025-08-07 (count: 6)
Event: odemil on 2025-08-07 (count: 6)
Event: sheryl on 2025-08-07 (count: 6)
Event: mikay on 2025-08-07 (count: 6)
Event: closherl on 2025-08-07 (count: 6)
Event: Maricar Bahala on 2025-08-08 (count: 1)
Event: Test User on 2025-08-15 (count: 2)
Event: 2323 on 2025-08-15 (count: 2)
Events found: 9
Time: 2025-08-08 14:03:06 - Start: 2025-08-01, End: 2025-08-31, Server: /Pet_Track_revise-3/functions/get-appointments.php
Count for 2025-08-07: 6
Count for 2025-08-08: 1
Count for 2025-08-15: 2
Event: mikay on 2025-08-07 (count: 6)
Event: uyan on 2025-08-07 (count: 6)
Event: odemil on 2025-08-07 (count: 6)
Event: sheryl on 2025-08-07 (count: 6)
Event: mikay on 2025-08-07 (count: 6)
Event: closherl on 2025-08-07 (count: 6)
Event: Maricar Bahala on 2025-08-08 (count: 1)
Event: Test User on 2025-08-15 (count: 2)
Event: 2323 on 2025-08-15 (count: 2)
Events found: 9
Time: 2025-08-08 14:03:09 - Start: 2025-08-01, End: 2025-08-31, Server: /Pet_Track_revise-3/functions/get-appointments.php
Count for 2025-08-07: 6
Count for 2025-08-08: 1
Count for 2025-08-15: 2
Event: mikay on 2025-08-07 (count: 6)
Event: uyan on 2025-08-07 (count: 6)
Event: odemil on 2025-08-07 (count: 6)
Event: sheryl on 2025-08-07 (count: 6)
Event: mikay on 2025-08-07 (count: 6)
Event: closherl on 2025-08-07 (count: 6)
Event: Maricar Bahala on 2025-08-08 (count: 1)
Event: Test User on 2025-08-15 (count: 2)
Event: 2323 on 2025-08-15 (count: 2)
Events found: 9
Time: 2025-08-08 14:03:13 - Start: 2025-08-01, End: 2025-08-31, Server: /Pet_Track_revise-3/functions/get-appointments.php
Count for 2025-08-07: 6
Count for 2025-08-08: 1
Count for 2025-08-15: 2
Event: mikay on 2025-08-07 (count: 6)
Event: uyan on 2025-08-07 (count: 6)
Event: odemil on 2025-08-07 (count: 6)
Event: sheryl on 2025-08-07 (count: 6)
Event: mikay on 2025-08-07 (count: 6)
Event: closherl on 2025-08-07 (count: 6)
Event: Maricar Bahala on 2025-08-08 (count: 1)
Event: Test User on 2025-08-15 (count: 2)
Event: 2323 on 2025-08-15 (count: 2)
Events found: 9
Time: 2025-08-08 14:03:21 - Start: 2025-08-01, End: 2025-08-31, Server: /Pet_Track_revise-3/functions/get-appointments.php
Count for 2025-08-07: 6
Count for 2025-08-08: 1
Count for 2025-08-15: 2
Event: mikay on 2025-08-07 (count: 6)
Event: uyan on 2025-08-07 (count: 6)
Event: odemil on 2025-08-07 (count: 6)
Event: sheryl on 2025-08-07 (count: 6)
Event: mikay on 2025-08-07 (count: 6)
Event: closherl on 2025-08-07 (count: 6)
Event: Maricar Bahala on 2025-08-08 (count: 1)
Event: Test User on 2025-08-15 (count: 2)
Event: 2323 on 2025-08-15 (count: 2)
Events found: 9
Time: 2025-08-08 14:03:59 - Start: 2025-08-01, End: 2025-08-31, Server: /Pet_Track_revise-3/functions/get-appointments.php
Count for 2025-08-07: 6
Count for 2025-08-08: 1
Count for 2025-08-15: 2
Event: mikay on 2025-08-07 (count: 6)
Event: uyan on 2025-08-07 (count: 6)
Event: odemil on 2025-08-07 (count: 6)
Event: sheryl on 2025-08-07 (count: 6)
Event: mikay on 2025-08-07 (count: 6)
Event: closherl on 2025-08-07 (count: 6)
Event: Maricar Bahala on 2025-08-08 (count: 1)
Event: Test User on 2025-08-15 (count: 2)
Event: 2323 on 2025-08-15 (count: 2)
Events found: 9
Time: 2025-08-08 14:04:25 - Start: 2025-08-01, End: 2025-08-31, Server: /Pet_Track_revise-3/functions/get-appointments.php
Count for 2025-08-07: 6
Count for 2025-08-08: 1
Count for 2025-08-15: 2
Event: mikay on 2025-08-07 (count: 6)
Event: uyan on 2025-08-07 (count: 6)
Event: odemil on 2025-08-07 (count: 6)
Event: sheryl on 2025-08-07 (count: 6)
Event: mikay on 2025-08-07 (count: 6)
Event: closherl on 2025-08-07 (count: 6)
Event: Maricar Bahala on 2025-08-08 (count: 1)
Event: Test User on 2025-08-15 (count: 2)
Event: 2323 on 2025-08-15 (count: 2)
Events found: 9
Time: 2025-08-08 14:04:32 - Start: 2025-08-01, End: 2025-08-31, Server: /Pet_Track_revise-3/functions/get-appointments.php
Count for 2025-08-07: 6
Count for 2025-08-08: 1
Count for 2025-08-15: 2
Event: mikay on 2025-08-07 (count: 6)
Event: uyan on 2025-08-07 (count: 6)
Event: odemil on 2025-08-07 (count: 6)
Event: sheryl on 2025-08-07 (count: 6)
Event: mikay on 2025-08-07 (count: 6)
Event: closherl on 2025-08-07 (count: 6)
Event: Maricar Bahala on 2025-08-08 (count: 1)
Event: Test User on 2025-08-15 (count: 2)
Event: 2323 on 2025-08-15 (count: 2)
Events found: 9
Time: 2025-08-08 14:04:41 - Start: 2025-08-01, End: 2025-08-31, Server: /Pet_Track_revise-3/functions/get-appointments.php
Count for 2025-08-07: 6
Count for 2025-08-08: 1
Count for 2025-08-15: 2
Event: mikay on 2025-08-07 (count: 6)
Event: uyan on 2025-08-07 (count: 6)
Event: odemil on 2025-08-07 (count: 6)
Event: sheryl on 2025-08-07 (count: 6)
Event: mikay on 2025-08-07 (count: 6)
Event: closherl on 2025-08-07 (count: 6)
Event: Maricar Bahala on 2025-08-08 (count: 1)
Event: Test User on 2025-08-15 (count: 2)
Event: 2323 on 2025-08-15 (count: 2)
Events found: 9
Time: 2025-08-08 14:04:50 - Start: 2025-08-01, End: 2025-08-31, Server: /Pet_Track_revise-3/functions/get-appointments.php
Count for 2025-08-07: 6
Count for 2025-08-08: 1
Count for 2025-08-15: 2
Event: mikay on 2025-08-07 (count: 6)
Event: uyan on 2025-08-07 (count: 6)
Event: odemil on 2025-08-07 (count: 6)
Event: sheryl on 2025-08-07 (count: 6)
Event: mikay on 2025-08-07 (count: 6)
Event: closherl on 2025-08-07 (count: 6)
Event: Maricar Bahala on 2025-08-08 (count: 1)
Event: Test User on 2025-08-15 (count: 2)
Event: 2323 on 2025-08-15 (count: 2)
Events found: 9
Time: 2025-08-08 14:04:53 - Start: 2025-08-01, End: 2025-08-31, Server: /Pet_Track_revise-3/functions/get-appointments.php
Count for 2025-08-07: 6
Count for 2025-08-08: 1
Count for 2025-08-15: 2
Event: mikay on 2025-08-07 (count: 6)
Event: uyan on 2025-08-07 (count: 6)
Event: odemil on 2025-08-07 (count: 6)
Event: sheryl on 2025-08-07 (count: 6)
Event: mikay on 2025-08-07 (count: 6)
Event: closherl on 2025-08-07 (count: 6)
Event: Maricar Bahala on 2025-08-08 (count: 1)
Event: Test User on 2025-08-15 (count: 2)
Event: 2323 on 2025-08-15 (count: 2)
Events found: 9
Time: 2025-08-08 14:05:01 - Start: 2025-08-01, End: 2025-08-31, Server: /Pet_Track_revise-3/functions/get-appointments.php
Count for 2025-08-07: 6
Count for 2025-08-08: 1
Count for 2025-08-15: 2
Event: mikay on 2025-08-07 (count: 6)
Event: uyan on 2025-08-07 (count: 6)
Event: odemil on 2025-08-07 (count: 6)
Event: sheryl on 2025-08-07 (count: 6)
Event: mikay on 2025-08-07 (count: 6)
Event: closherl on 2025-08-07 (count: 6)
Event: Maricar Bahala on 2025-08-08 (count: 1)
Event: Test User on 2025-08-15 (count: 2)
Event: 2323 on 2025-08-15 (count: 2)
Events found: 9
Time: 2025-08-08 14:05:13 - Start: 2025-08-01, End: 2025-08-31, Server: /Pet_Track_revise-3/functions/get-appointments.php
Count for 2025-08-07: 6
Count for 2025-08-08: 1
Count for 2025-08-15: 2
Event: mikay on 2025-08-07 (count: 6)
Event: uyan on 2025-08-07 (count: 6)
Event: odemil on 2025-08-07 (count: 6)
Event: sheryl on 2025-08-07 (count: 6)
Event: mikay on 2025-08-07 (count: 6)
Event: closherl on 2025-08-07 (count: 6)
Event: Maricar Bahala on 2025-08-08 (count: 1)
Event: Test User on 2025-08-15 (count: 2)
Event: 2323 on 2025-08-15 (count: 2)
Events found: 9
Time: 2025-08-08 14:05:15 - Start: 2025-08-01, End: 2025-08-31, Server: /Pet_Track_revise-3/functions/get-appointments.php
Count for 2025-08-07: 6
Count for 2025-08-08: 1
Count for 2025-08-15: 2
Event: mikay on 2025-08-07 (count: 6)
Event: uyan on 2025-08-07 (count: 6)
Event: odemil on 2025-08-07 (count: 6)
Event: sheryl on 2025-08-07 (count: 6)
Event: mikay on 2025-08-07 (count: 6)
Event: closherl on 2025-08-07 (count: 6)
Event: Maricar Bahala on 2025-08-08 (count: 1)
Event: Test User on 2025-08-15 (count: 2)
Event: 2323 on 2025-08-15 (count: 2)
Events found: 9
Time: 2025-08-08 14:05:19 - Start: 2025-08-01, End: 2025-08-31, Server: /Pet_Track_revise-3/functions/get-appointments.php
Count for 2025-08-07: 6
Count for 2025-08-08: 1
Count for 2025-08-15: 2
Event: mikay on 2025-08-07 (count: 6)
Event: uyan on 2025-08-07 (count: 6)
Event: odemil on 2025-08-07 (count: 6)
Event: sheryl on 2025-08-07 (count: 6)
Event: mikay on 2025-08-07 (count: 6)
Event: closherl on 2025-08-07 (count: 6)
Event: Maricar Bahala on 2025-08-08 (count: 1)
Event: Test User on 2025-08-15 (count: 2)
Event: 2323 on 2025-08-15 (count: 2)
Events found: 9
Time: 2025-08-08 14:05:42 - Start: 2025-08-01, End: 2025-08-31, Server: /Pet_Track_revise-3/functions/get-appointments.php
Count for 2025-08-07: 6
Count for 2025-08-08: 1
Count for 2025-08-15: 2
Event: mikay on 2025-08-07 (count: 6)
Event: uyan on 2025-08-07 (count: 6)
Event: odemil on 2025-08-07 (count: 6)
Event: sheryl on 2025-08-07 (count: 6)
Event: mikay on 2025-08-07 (count: 6)
Event: closherl on 2025-08-07 (count: 6)
Event: Maricar Bahala on 2025-08-08 (count: 1)
Event: Test User on 2025-08-15 (count: 2)
Event: 2323 on 2025-08-15 (count: 2)
Events found: 9
Time: 2025-08-08 14:06:15 - Start: 2025-08-01, End: 2025-08-31, Server: /Pet_Track_revise-3/functions/get-appointments.php
Count for 2025-08-07: 6
Count for 2025-08-08: 1
Count for 2025-08-15: 2
Event: mikay on 2025-08-07 (count: 6)
Event: uyan on 2025-08-07 (count: 6)
Event: odemil on 2025-08-07 (count: 6)
Event: sheryl on 2025-08-07 (count: 6)
Event: mikay on 2025-08-07 (count: 6)
Event: closherl on 2025-08-07 (count: 6)
Event: Maricar Bahala on 2025-08-08 (count: 1)
Event: Test User on 2025-08-15 (count: 2)
Event: 2323 on 2025-08-15 (count: 2)
Events found: 9
Time: 2025-08-08 14:06:30 - Start: 2025-08-01, End: 2025-08-31, Server: /Pet_Track_revise-3/functions/get-appointments.php
Count for 2025-08-07: 6
Count for 2025-08-08: 1
Count for 2025-08-15: 2
Event: mikay on 2025-08-07 (count: 6)
Event: uyan on 2025-08-07 (count: 6)
Event: odemil on 2025-08-07 (count: 6)
Event: sheryl on 2025-08-07 (count: 6)
Event: mikay on 2025-08-07 (count: 6)
Event: closherl on 2025-08-07 (count: 6)
Event: Maricar Bahala on 2025-08-08 (count: 1)
Event: Test User on 2025-08-15 (count: 2)
Event: 2323 on 2025-08-15 (count: 2)
Events found: 9
Time: 2025-08-08 14:06:37 - Start: 2025-08-01, End: 2025-08-31, Server: /Pet_Track_revise-3/functions/get-appointments.php
Count for 2025-08-07: 6
Count for 2025-08-08: 1
Count for 2025-08-15: 2
Event: mikay on 2025-08-07 (count: 6)
Event: uyan on 2025-08-07 (count: 6)
Event: odemil on 2025-08-07 (count: 6)
Event: sheryl on 2025-08-07 (count: 6)
Event: mikay on 2025-08-07 (count: 6)
Event: closherl on 2025-08-07 (count: 6)
Event: Maricar Bahala on 2025-08-08 (count: 1)
Event: Test User on 2025-08-15 (count: 2)
Event: 2323 on 2025-08-15 (count: 2)
Events found: 9
Time: 2025-08-08 14:06:43 - Start: 2025-08-01, End: 2025-08-31, Server: /Pet_Track_revise-3/functions/get-appointments.php
Count for 2025-08-07: 6
Count for 2025-08-08: 1
Count for 2025-08-15: 2
Event: mikay on 2025-08-07 (count: 6)
Event: uyan on 2025-08-07 (count: 6)
Event: odemil on 2025-08-07 (count: 6)
Event: sheryl on 2025-08-07 (count: 6)
Event: mikay on 2025-08-07 (count: 6)
Event: closherl on 2025-08-07 (count: 6)
Event: Maricar Bahala on 2025-08-08 (count: 1)
Event: Test User on 2025-08-15 (count: 2)
Event: 2323 on 2025-08-15 (count: 2)
Events found: 9
Time: 2025-08-08 14:07:24 - Start: 2025-08-01, End: 2025-08-31, Server: /Pet_Track_revise-3/functions/get-appointments.php
Count for 2025-08-07: 6
Count for 2025-08-08: 1
Count for 2025-08-15: 2
Event: mikay on 2025-08-07 (count: 6)
Event: uyan on 2025-08-07 (count: 6)
Event: odemil on 2025-08-07 (count: 6)
Event: sheryl on 2025-08-07 (count: 6)
Event: mikay on 2025-08-07 (count: 6)
Event: closherl on 2025-08-07 (count: 6)
Event: Maricar Bahala on 2025-08-08 (count: 1)
Event: Test User on 2025-08-15 (count: 2)
Event: 2323 on 2025-08-15 (count: 2)
Events found: 9
Time: 2025-08-08 14:07:46 - Start: 2025-08-01, End: 2025-08-31, Server: /Pet_Track_revise-3/functions/get-appointments.php
Count for 2025-08-07: 6
Count for 2025-08-08: 1
Count for 2025-08-15: 2
Event: mikay on 2025-08-07 (count: 6)
Event: uyan on 2025-08-07 (count: 6)
Event: odemil on 2025-08-07 (count: 6)
Event: sheryl on 2025-08-07 (count: 6)
Event: mikay on 2025-08-07 (count: 6)
Event: closherl on 2025-08-07 (count: 6)
Event: Maricar Bahala on 2025-08-08 (count: 1)
Event: Test User on 2025-08-15 (count: 2)
Event: 2323 on 2025-08-15 (count: 2)
Events found: 9
Time: 2025-08-08 14:07:58 - Start: 2025-08-01, End: 2025-08-31, Server: /Pet_Track_revise-3/functions/get-appointments.php
Count for 2025-08-07: 6
Count for 2025-08-08: 1
Count for 2025-08-15: 2
Event: mikay on 2025-08-07 (count: 6)
Event: uyan on 2025-08-07 (count: 6)
Event: odemil on 2025-08-07 (count: 6)
Event: sheryl on 2025-08-07 (count: 6)
Event: mikay on 2025-08-07 (count: 6)
Event: closherl on 2025-08-07 (count: 6)
Event: Maricar Bahala on 2025-08-08 (count: 1)
Event: Test User on 2025-08-15 (count: 2)
Event: 2323 on 2025-08-15 (count: 2)
Events found: 9
Time: 2025-08-08 14:08:07 - Start: 2025-08-01, End: 2025-08-31, Server: /Pet_Track_revise-3/functions/get-appointments.php
Count for 2025-08-07: 6
Count for 2025-08-08: 1
Count for 2025-08-15: 2
Event: mikay on 2025-08-07 (count: 6)
Event: uyan on 2025-08-07 (count: 6)
Event: odemil on 2025-08-07 (count: 6)
Event: sheryl on 2025-08-07 (count: 6)
Event: mikay on 2025-08-07 (count: 6)
Event: closherl on 2025-08-07 (count: 6)
Event: Maricar Bahala on 2025-08-08 (count: 1)
Event: Test User on 2025-08-15 (count: 2)
Event: 2323 on 2025-08-15 (count: 2)
Events found: 9
Time: 2025-08-08 14:08:15 - Start: 2025-08-01, End: 2025-08-31, Server: /Pet_Track_revise-3/functions/get-appointments.php
Count for 2025-08-07: 6
Count for 2025-08-08: 1
Count for 2025-08-15: 2
Event: mikay on 2025-08-07 (count: 6)
Event: uyan on 2025-08-07 (count: 6)
Event: odemil on 2025-08-07 (count: 6)
Event: sheryl on 2025-08-07 (count: 6)
Event: mikay on 2025-08-07 (count: 6)
Event: closherl on 2025-08-07 (count: 6)
Event: Maricar Bahala on 2025-08-08 (count: 1)
Event: Test User on 2025-08-15 (count: 2)
Event: 2323 on 2025-08-15 (count: 2)
Events found: 9
Time: 2025-08-08 14:08:25 - Start: 2025-08-01, End: 2025-08-31, Server: /Pet_Track_revise-3/functions/get-appointments.php
Count for 2025-08-07: 6
Count for 2025-08-08: 1
Count for 2025-08-15: 2
Event: mikay on 2025-08-07 (count: 6)
Event: uyan on 2025-08-07 (count: 6)
Event: odemil on 2025-08-07 (count: 6)
Event: sheryl on 2025-08-07 (count: 6)
Event: mikay on 2025-08-07 (count: 6)
Event: closherl on 2025-08-07 (count: 6)
Event: Maricar Bahala on 2025-08-08 (count: 1)
Event: Test User on 2025-08-15 (count: 2)
Event: 2323 on 2025-08-15 (count: 2)
Events found: 9
Time: 2025-08-08 14:08:35 - Start: 2025-08-01, End: 2025-08-31, Server: /Pet_Track_revise-3/functions/get-appointments.php
Count for 2025-08-07: 6
Count for 2025-08-08: 1
Count for 2025-08-15: 2
Event: mikay on 2025-08-07 (count: 6)
Event: uyan on 2025-08-07 (count: 6)
Event: odemil on 2025-08-07 (count: 6)
Event: sheryl on 2025-08-07 (count: 6)
Event: mikay on 2025-08-07 (count: 6)
Event: closherl on 2025-08-07 (count: 6)
Event: Maricar Bahala on 2025-08-08 (count: 1)
Event: Test User on 2025-08-15 (count: 2)
Event: 2323 on 2025-08-15 (count: 2)
Events found: 9
Time: 2025-08-08 14:08:40 - Start: 2025-08-01, End: 2025-08-31, Server: /Pet_Track_revise-3/functions/get-appointments.php
Count for 2025-08-07: 6
Count for 2025-08-08: 1
Count for 2025-08-15: 2
Event: mikay on 2025-08-07 (count: 6)
Event: uyan on 2025-08-07 (count: 6)
Event: odemil on 2025-08-07 (count: 6)
Event: sheryl on 2025-08-07 (count: 6)
Event: mikay on 2025-08-07 (count: 6)
Event: closherl on 2025-08-07 (count: 6)
Event: Maricar Bahala on 2025-08-08 (count: 1)
Event: Test User on 2025-08-15 (count: 2)
Event: 2323 on 2025-08-15 (count: 2)
Events found: 9
Time: 2025-08-08 14:08:40 - Start: 2025-08-01, End: 2025-08-31, Server: /Pet_Track_revise-3/functions/get-appointments.php
Count for 2025-08-07: 6
Count for 2025-08-08: 1
Count for 2025-08-15: 2
Event: mikay on 2025-08-07 (count: 6)
Event: uyan on 2025-08-07 (count: 6)
Event: odemil on 2025-08-07 (count: 6)
Event: sheryl on 2025-08-07 (count: 6)
Event: mikay on 2025-08-07 (count: 6)
Event: closherl on 2025-08-07 (count: 6)
Event: Maricar Bahala on 2025-08-08 (count: 1)
Event: Test User on 2025-08-15 (count: 2)
Event: 2323 on 2025-08-15 (count: 2)
Events found: 9
Time: 2025-08-08 14:09:12 - Start: 2025-08-01, End: 2025-08-31, Server: /Pet_Track_revise-3/functions/get-appointments.php
Count for 2025-08-07: 6
Count for 2025-08-08: 1
Count for 2025-08-15: 2
Event: mikay on 2025-08-07 (count: 6)
Event: uyan on 2025-08-07 (count: 6)
Event: odemil on 2025-08-07 (count: 6)
Event: sheryl on 2025-08-07 (count: 6)
Event: mikay on 2025-08-07 (count: 6)
Event: closherl on 2025-08-07 (count: 6)
Event: Maricar Bahala on 2025-08-08 (count: 1)
Event: Test User on 2025-08-15 (count: 2)
Event: 2323 on 2025-08-15 (count: 2)
Events found: 9
Time: 2025-08-08 14:09:17 - Start: 2025-08-01, End: 2025-08-31, Server: /Pet_Track_revise-3/functions/get-appointments.php
Count for 2025-08-07: 6
Count for 2025-08-08: 1
Count for 2025-08-15: 2
Event: mikay on 2025-08-07 (count: 6)
Event: uyan on 2025-08-07 (count: 6)
Event: odemil on 2025-08-07 (count: 6)
Event: sheryl on 2025-08-07 (count: 6)
Event: mikay on 2025-08-07 (count: 6)
Event: closherl on 2025-08-07 (count: 6)
Event: Maricar Bahala on 2025-08-08 (count: 1)
Event: Test User on 2025-08-15 (count: 2)
Event: 2323 on 2025-08-15 (count: 2)
Events found: 9
Time: 2025-08-08 14:09:22 - Start: 2025-08-01, End: 2025-08-31, Server: /Pet_Track_revise-3/functions/get-appointments.php
Count for 2025-08-07: 6
Count for 2025-08-08: 1
Count for 2025-08-15: 2
Event: mikay on 2025-08-07 (count: 6)
Event: uyan on 2025-08-07 (count: 6)
Event: odemil on 2025-08-07 (count: 6)
Event: sheryl on 2025-08-07 (count: 6)
Event: mikay on 2025-08-07 (count: 6)
Event: closherl on 2025-08-07 (count: 6)
Event: Maricar Bahala on 2025-08-08 (count: 1)
Event: Test User on 2025-08-15 (count: 2)
Event: 2323 on 2025-08-15 (count: 2)
Events found: 9
Time: 2025-08-08 14:09:30 - Start: 2025-08-01, End: 2025-08-31, Server: /Pet_Track_revise-3/functions/get-appointments.php
Count for 2025-08-07: 6
Count for 2025-08-08: 1
Count for 2025-08-15: 2
Event: mikay on 2025-08-07 (count: 6)
Event: uyan on 2025-08-07 (count: 6)
Event: odemil on 2025-08-07 (count: 6)
Event: sheryl on 2025-08-07 (count: 6)
Event: mikay on 2025-08-07 (count: 6)
Event: closherl on 2025-08-07 (count: 6)
Event: Maricar Bahala on 2025-08-08 (count: 1)
Event: Test User on 2025-08-15 (count: 2)
Event: 2323 on 2025-08-15 (count: 2)
Events found: 9
Time: 2025-08-08 14:09:43 - Start: 2025-08-01, End: 2025-08-31, Server: /Pet_Track_revise-3/functions/get-appointments.php
Count for 2025-08-07: 6
Count for 2025-08-08: 1
Count for 2025-08-15: 2
Event: mikay on 2025-08-07 (count: 6)
Event: uyan on 2025-08-07 (count: 6)
Event: odemil on 2025-08-07 (count: 6)
Event: sheryl on 2025-08-07 (count: 6)
Event: mikay on 2025-08-07 (count: 6)
Event: closherl on 2025-08-07 (count: 6)
Event: Maricar Bahala on 2025-08-08 (count: 1)
Event: Test User on 2025-08-15 (count: 2)
Event: 2323 on 2025-08-15 (count: 2)
Events found: 9
Time: 2025-08-08 14:09:48 - Start: 2025-08-01, End: 2025-08-31, Server: /Pet_Track_revise-3/functions/get-appointments.php
Count for 2025-08-07: 6
Count for 2025-08-08: 1
Count for 2025-08-15: 2
Event: mikay on 2025-08-07 (count: 6)
Event: uyan on 2025-08-07 (count: 6)
Event: odemil on 2025-08-07 (count: 6)
Event: sheryl on 2025-08-07 (count: 6)
Event: mikay on 2025-08-07 (count: 6)
Event: closherl on 2025-08-07 (count: 6)
Event: Maricar Bahala on 2025-08-08 (count: 1)
Event: Test User on 2025-08-15 (count: 2)
Event: 2323 on 2025-08-15 (count: 2)
Events found: 9
Time: 2025-08-08 14:09:50 - Start: 2025-08-01, End: 2025-08-31, Server: /Pet_Track_revise-3/functions/get-appointments.php
Count for 2025-08-07: 6
Count for 2025-08-08: 1
Count for 2025-08-15: 2
Event: mikay on 2025-08-07 (count: 6)
Event: uyan on 2025-08-07 (count: 6)
Event: odemil on 2025-08-07 (count: 6)
Event: sheryl on 2025-08-07 (count: 6)
Event: mikay on 2025-08-07 (count: 6)
Event: closherl on 2025-08-07 (count: 6)
Event: Maricar Bahala on 2025-08-08 (count: 1)
Event: Test User on 2025-08-15 (count: 2)
Event: 2323 on 2025-08-15 (count: 2)
Events found: 9
Time: 2025-08-08 14:09:57 - Start: 2025-08-01, End: 2025-08-31, Server: /Pet_Track_revise-3/functions/get-appointments.php
Count for 2025-08-07: 6
Count for 2025-08-08: 1
Count for 2025-08-15: 2
Event: mikay on 2025-08-07 (count: 6)
Event: uyan on 2025-08-07 (count: 6)
Event: odemil on 2025-08-07 (count: 6)
Event: sheryl on 2025-08-07 (count: 6)
Event: mikay on 2025-08-07 (count: 6)
Event: closherl on 2025-08-07 (count: 6)
Event: Maricar Bahala on 2025-08-08 (count: 1)
Event: Test User on 2025-08-15 (count: 2)
Event: 2323 on 2025-08-15 (count: 2)
Events found: 9
Time: 2025-08-08 14:09:58 - Start: 2025-08-01, End: 2025-08-31, Server: /Pet_Track_revise-3/functions/get-appointments.php
Count for 2025-08-07: 6
Count for 2025-08-08: 1
Count for 2025-08-15: 2
Event: mikay on 2025-08-07 (count: 6)
Event: uyan on 2025-08-07 (count: 6)
Event: odemil on 2025-08-07 (count: 6)
Event: sheryl on 2025-08-07 (count: 6)
Event: mikay on 2025-08-07 (count: 6)
Event: closherl on 2025-08-07 (count: 6)
Event: Maricar Bahala on 2025-08-08 (count: 1)
Event: Test User on 2025-08-15 (count: 2)
Event: 2323 on 2025-08-15 (count: 2)
Events found: 9
Time: 2025-08-08 14:10:47 - Start: 2025-08-01, End: 2025-08-31, Server: /Pet_Track_revise-3/functions/get-appointments.php
Count for 2025-08-07: 6
Count for 2025-08-08: 1
Count for 2025-08-15: 2
Event: mikay on 2025-08-07 (count: 6)
Event: uyan on 2025-08-07 (count: 6)
Event: odemil on 2025-08-07 (count: 6)
Event: sheryl on 2025-08-07 (count: 6)
Event: mikay on 2025-08-07 (count: 6)
Event: closherl on 2025-08-07 (count: 6)
Event: Maricar Bahala on 2025-08-08 (count: 1)
Event: Test User on 2025-08-15 (count: 2)
Event: 2323 on 2025-08-15 (count: 2)
Events found: 9
Time: 2025-08-08 14:11:03 - Start: 2025-08-01, End: 2025-08-31, Server: /Pet_Track_revise-3/functions/get-appointments.php
Count for 2025-08-07: 6
Count for 2025-08-08: 1
Count for 2025-08-15: 2
Event: mikay on 2025-08-07 (count: 6)
Event: uyan on 2025-08-07 (count: 6)
Event: odemil on 2025-08-07 (count: 6)
Event: sheryl on 2025-08-07 (count: 6)
Event: mikay on 2025-08-07 (count: 6)
Event: closherl on 2025-08-07 (count: 6)
Event: Maricar Bahala on 2025-08-08 (count: 1)
Event: Test User on 2025-08-15 (count: 2)
Event: 2323 on 2025-08-15 (count: 2)
Events found: 9
Time: 2025-08-08 14:11:12 - Start: 2025-08-01, End: 2025-08-31, Server: /Pet_Track_revise-3/functions/get-appointments.php
Count for 2025-08-07: 6
Count for 2025-08-08: 1
Count for 2025-08-15: 2
Event: mikay on 2025-08-07 (count: 6)
Event: uyan on 2025-08-07 (count: 6)
Event: odemil on 2025-08-07 (count: 6)
Event: sheryl on 2025-08-07 (count: 6)
Event: mikay on 2025-08-07 (count: 6)
Event: closherl on 2025-08-07 (count: 6)
Event: Maricar Bahala on 2025-08-08 (count: 1)
Event: Test User on 2025-08-15 (count: 2)
Event: 2323 on 2025-08-15 (count: 2)
Events found: 9
Time: 2025-08-08 14:11:28 - Start: 2025-08-01, End: 2025-08-31, Server: /Pet_Track_revise-3/functions/get-appointments.php
Count for 2025-08-07: 6
Count for 2025-08-08: 1
Count for 2025-08-15: 2
Event: mikay on 2025-08-07 (count: 6)
Event: uyan on 2025-08-07 (count: 6)
Event: odemil on 2025-08-07 (count: 6)
Event: sheryl on 2025-08-07 (count: 6)
Event: mikay on 2025-08-07 (count: 6)
Event: closherl on 2025-08-07 (count: 6)
Event: Maricar Bahala on 2025-08-08 (count: 1)
Event: Test User on 2025-08-15 (count: 2)
Event: 2323 on 2025-08-15 (count: 2)
Events found: 9
Time: 2025-08-08 14:11:43 - Start: 2025-08-01, End: 2025-08-31, Server: /Pet_Track_revise-3/functions/get-appointments.php
Count for 2025-08-07: 6
Count for 2025-08-08: 1
Count for 2025-08-15: 2
Event: mikay on 2025-08-07 (count: 6)
Event: uyan on 2025-08-07 (count: 6)
Event: odemil on 2025-08-07 (count: 6)
Event: sheryl on 2025-08-07 (count: 6)
Event: mikay on 2025-08-07 (count: 6)
Event: closherl on 2025-08-07 (count: 6)
Event: Maricar Bahala on 2025-08-08 (count: 1)
Event: Test User on 2025-08-15 (count: 2)
Event: 2323 on 2025-08-15 (count: 2)
Events found: 9
Time: 2025-08-08 14:11:52 - Start: 2025-08-01, End: 2025-08-31, Server: /Pet_Track_revise-3/functions/get-appointments.php
Count for 2025-08-07: 6
Count for 2025-08-08: 1
Count for 2025-08-15: 2
Event: mikay on 2025-08-07 (count: 6)
Event: uyan on 2025-08-07 (count: 6)
Event: odemil on 2025-08-07 (count: 6)
Event: sheryl on 2025-08-07 (count: 6)
Event: mikay on 2025-08-07 (count: 6)
Event: closherl on 2025-08-07 (count: 6)
Event: Maricar Bahala on 2025-08-08 (count: 1)
Event: Test User on 2025-08-15 (count: 2)
Event: 2323 on 2025-08-15 (count: 2)
Events found: 9
Time: 2025-08-08 14:11:57 - Start: 2025-08-01, End: 2025-08-31, Server: /Pet_Track_revise-3/functions/get-appointments.php
Count for 2025-08-07: 6
Count for 2025-08-08: 1
Count for 2025-08-15: 2
Event: mikay on 2025-08-07 (count: 6)
Event: uyan on 2025-08-07 (count: 6)
Event: odemil on 2025-08-07 (count: 6)
Event: sheryl on 2025-08-07 (count: 6)
Event: mikay on 2025-08-07 (count: 6)
Event: closherl on 2025-08-07 (count: 6)
Event: Maricar Bahala on 2025-08-08 (count: 1)
Event: Test User on 2025-08-15 (count: 2)
Event: 2323 on 2025-08-15 (count: 2)
Events found: 9
Time: 2025-08-08 14:12:13 - Start: 2025-08-01, End: 2025-08-31, Server: /Pet_Track_revise-3/functions/get-appointments.php
Count for 2025-08-07: 6
Count for 2025-08-08: 1
Count for 2025-08-15: 2
Event: mikay on 2025-08-07 (count: 6)
Event: uyan on 2025-08-07 (count: 6)
Event: odemil on 2025-08-07 (count: 6)
Event: sheryl on 2025-08-07 (count: 6)
Event: mikay on 2025-08-07 (count: 6)
Event: closherl on 2025-08-07 (count: 6)
Event: Maricar Bahala on 2025-08-08 (count: 1)
Event: Test User on 2025-08-15 (count: 2)
Event: 2323 on 2025-08-15 (count: 2)
Events found: 9
Time: 2025-08-08 14:12:22 - Start: 2025-08-01, End: 2025-08-31, Server: /Pet_Track_revise-3/functions/get-appointments.php
Count for 2025-08-07: 6
Count for 2025-08-08: 1
Count for 2025-08-15: 2
Event: mikay on 2025-08-07 (count: 6)
Event: uyan on 2025-08-07 (count: 6)
Event: odemil on 2025-08-07 (count: 6)
Event: sheryl on 2025-08-07 (count: 6)
Event: mikay on 2025-08-07 (count: 6)
Event: closherl on 2025-08-07 (count: 6)
Event: Maricar Bahala on 2025-08-08 (count: 1)
Event: Test User on 2025-08-15 (count: 2)
Event: 2323 on 2025-08-15 (count: 2)
Events found: 9
Time: 2025-08-08 14:12:24 - Start: 2025-08-01, End: 2025-08-31, Server: /Pet_Track_revise-3/functions/get-appointments.php
Count for 2025-08-07: 6
Count for 2025-08-08: 1
Count for 2025-08-15: 2
Event: mikay on 2025-08-07 (count: 6)
Event: uyan on 2025-08-07 (count: 6)
Event: odemil on 2025-08-07 (count: 6)
Event: sheryl on 2025-08-07 (count: 6)
Event: mikay on 2025-08-07 (count: 6)
Event: closherl on 2025-08-07 (count: 6)
Event: Maricar Bahala on 2025-08-08 (count: 1)
Event: Test User on 2025-08-15 (count: 2)
Event: 2323 on 2025-08-15 (count: 2)
Events found: 9
Time: 2025-08-08 14:13:00 - Start: 2025-08-01, End: 2025-08-31, Server: /Pet_Track_revise-3/functions/get-appointments.php
Count for 2025-08-07: 6
Count for 2025-08-08: 1
Count for 2025-08-15: 2
Event: mikay on 2025-08-07 (count: 6)
Event: uyan on 2025-08-07 (count: 6)
Event: odemil on 2025-08-07 (count: 6)
Event: sheryl on 2025-08-07 (count: 6)
Event: mikay on 2025-08-07 (count: 6)
Event: closherl on 2025-08-07 (count: 6)
Event: Maricar Bahala on 2025-08-08 (count: 1)
Event: Test User on 2025-08-15 (count: 2)
Event: 2323 on 2025-08-15 (count: 2)
Events found: 9
Time: 2025-08-08 14:13:05 - Start: 2025-08-01, End: 2025-08-31, Server: /Pet_Track_revise-3/functions/get-appointments.php
Count for 2025-08-07: 6
Count for 2025-08-08: 1
Count for 2025-08-15: 2
Event: mikay on 2025-08-07 (count: 6)
Event: uyan on 2025-08-07 (count: 6)
Event: odemil on 2025-08-07 (count: 6)
Event: sheryl on 2025-08-07 (count: 6)
Event: mikay on 2025-08-07 (count: 6)
Event: closherl on 2025-08-07 (count: 6)
Event: Maricar Bahala on 2025-08-08 (count: 1)
Event: Test User on 2025-08-15 (count: 2)
Event: 2323 on 2025-08-15 (count: 2)
Events found: 9
Time: 2025-08-08 14:13:11 - Start: 2025-08-01, End: 2025-08-31, Server: /Pet_Track_revise-3/functions/get-appointments.php
Count for 2025-08-07: 6
Count for 2025-08-08: 1
Count for 2025-08-15: 2
Event: mikay on 2025-08-07 (count: 6)
Event: uyan on 2025-08-07 (count: 6)
Event: odemil on 2025-08-07 (count: 6)
Event: sheryl on 2025-08-07 (count: 6)
Event: mikay on 2025-08-07 (count: 6)
Event: closherl on 2025-08-07 (count: 6)
Event: Maricar Bahala on 2025-08-08 (count: 1)
Event: Test User on 2025-08-15 (count: 2)
Event: 2323 on 2025-08-15 (count: 2)
Events found: 9
Time: 2025-08-08 14:13:18 - Start: 2025-08-01, End: 2025-08-31, Server: /Pet_Track_revise-3/functions/get-appointments.php
Count for 2025-08-07: 6
Count for 2025-08-08: 1
Count for 2025-08-15: 2
Event: mikay on 2025-08-07 (count: 6)
Event: uyan on 2025-08-07 (count: 6)
Event: odemil on 2025-08-07 (count: 6)
Event: sheryl on 2025-08-07 (count: 6)
Event: mikay on 2025-08-07 (count: 6)
Event: closherl on 2025-08-07 (count: 6)
Event: Maricar Bahala on 2025-08-08 (count: 1)
Event: Test User on 2025-08-15 (count: 2)
Event: 2323 on 2025-08-15 (count: 2)
Events found: 9
Time: 2025-08-08 14:13:27 - Start: 2025-08-01, End: 2025-08-31, Server: /Pet_Track_revise-3/functions/get-appointments.php
Count for 2025-08-07: 6
Count for 2025-08-08: 1
Count for 2025-08-15: 2
Event: mikay on 2025-08-07 (count: 6)
Event: uyan on 2025-08-07 (count: 6)
Event: odemil on 2025-08-07 (count: 6)
Event: sheryl on 2025-08-07 (count: 6)
Event: mikay on 2025-08-07 (count: 6)
Event: closherl on 2025-08-07 (count: 6)
Event: Maricar Bahala on 2025-08-08 (count: 1)
Event: Test User on 2025-08-15 (count: 2)
Event: 2323 on 2025-08-15 (count: 2)
Events found: 9
Time: 2025-08-08 14:21:25 - Start: 2025-08-01, End: 2025-08-31, Server: /Pet_Track_revise-3/functions/get-appointments.php
Count for 2025-08-07: 6
Count for 2025-08-08: 1
Count for 2025-08-15: 2
Event: mikay on 2025-08-07 (count: 6)
Event: uyan on 2025-08-07 (count: 6)
Event: odemil on 2025-08-07 (count: 6)
Event: sheryl on 2025-08-07 (count: 6)
Event: mikay on 2025-08-07 (count: 6)
Event: closherl on 2025-08-07 (count: 6)
Event: Maricar Bahala on 2025-08-08 (count: 1)
Event: Test User on 2025-08-15 (count: 2)
Event: 2323 on 2025-08-15 (count: 2)
Events found: 9
Time: 2025-08-08 14:21:47 - Start: 2025-08-01, End: 2025-08-31, Server: /Pet_Track_revise-3/functions/get-appointments.php
Count for 2025-08-07: 6
Count for 2025-08-08: 1
Count for 2025-08-15: 2
Event: mikay on 2025-08-07 (count: 6)
Event: uyan on 2025-08-07 (count: 6)
Event: odemil on 2025-08-07 (count: 6)
Event: sheryl on 2025-08-07 (count: 6)
Event: mikay on 2025-08-07 (count: 6)
Event: closherl on 2025-08-07 (count: 6)
Event: Maricar Bahala on 2025-08-08 (count: 1)
Event: Test User on 2025-08-15 (count: 2)
Event: 2323 on 2025-08-15 (count: 2)
Events found: 9
Time: 2025-08-16 14:12:54 - Start: 2025-08-01, End: 2025-08-31, Server: /Pet_Track_revise-3/functions/get-appointments.php?start=2025-08-01&end=2025-08-31
Count for 2025-08-07: 6
Count for 2025-08-08: 1
Count for 2025-08-15: 2
Event: mikay on 2025-08-07 (count: 6)
Event: uyan on 2025-08-07 (count: 6)
Event: odemil on 2025-08-07 (count: 6)
Event: sheryl on 2025-08-07 (count: 6)
Event: mikay on 2025-08-07 (count: 6)
Event: closherl on 2025-08-07 (count: 6)
Event: Maricar Bahala on 2025-08-08 (count: 1)
Event: Test User on 2025-08-15 (count: 2)
Event: 2323 on 2025-08-15 (count: 2)
Events found: 9
Time: 2025-08-16 14:56:59 - Start: 2025-08-01, End: 2025-08-31, Server: /Pet_Track_revise-3/functions/get-appointments.php?start=2025-08-01&end=2025-08-31
Count for 2025-08-07: 6
Count for 2025-08-08: 1
Count for 2025-08-15: 2
Event: mikay on 2025-08-07 (count: 6)
Event: uyan on 2025-08-07 (count: 6)
Event: odemil on 2025-08-07 (count: 6)
Event: sheryl on 2025-08-07 (count: 6)
Event: mikay on 2025-08-07 (count: 6)
Event: closherl on 2025-08-07 (count: 6)
Event: Maricar Bahala on 2025-08-08 (count: 1)
Event: Test User on 2025-08-15 (count: 2)
Event: 2323 on 2025-08-15 (count: 2)
Events found: 9
Time: 2025-08-16 14:57:06 - Start: 2025-08-01, End: 2025-08-31, Server: /Pet_Track_revise-3/functions/get-appointments.php?start=2025-08-01&end=2025-08-31
Count for 2025-08-07: 6
Count for 2025-08-08: 1
Count for 2025-08-15: 2
Event: mikay on 2025-08-07 (count: 6)
Event: uyan on 2025-08-07 (count: 6)
Event: odemil on 2025-08-07 (count: 6)
Event: sheryl on 2025-08-07 (count: 6)
Event: mikay on 2025-08-07 (count: 6)
Event: closherl on 2025-08-07 (count: 6)
Event: Maricar Bahala on 2025-08-08 (count: 1)
Event: Test User on 2025-08-15 (count: 2)
Event: 2323 on 2025-08-15 (count: 2)
Events found: 9
Time: 2025-08-16 15:40:12 - Start: 2025-08-01, End: 2025-08-31, Server: /Pet_Track_revise-3/functions/get-appointments.php?start=2025-08-01&end=2025-08-31
Count for 2025-08-07: 6
Count for 2025-08-08: 1
Count for 2025-08-15: 2
Event: mikay on 2025-08-07 (count: 6)
Event: uyan on 2025-08-07 (count: 6)
Event: odemil on 2025-08-07 (count: 6)
Event: sheryl on 2025-08-07 (count: 6)
Event: mikay on 2025-08-07 (count: 6)
Event: closherl on 2025-08-07 (count: 6)
Event: Maricar Bahala on 2025-08-08 (count: 1)
Event: Test User on 2025-08-15 (count: 2)
Event: 2323 on 2025-08-15 (count: 2)
Events found: 9
Time: 2025-08-17 10:36:04 - Start: 2025-08-01, End: 2025-08-31, Server: /Pet_Track_revise-3/functions/get-appointments.php?start=2025-08-01&end=2025-08-31
Count for 2025-08-07: 6
Count for 2025-08-08: 1
Count for 2025-08-15: 2
Event: mikay on 2025-08-07 (count: 6)
Event: uyan on 2025-08-07 (count: 6)
Event: odemil on 2025-08-07 (count: 6)
Event: sheryl on 2025-08-07 (count: 6)
Event: mikay on 2025-08-07 (count: 6)
Event: closherl on 2025-08-07 (count: 6)
Event: Maricar Bahala on 2025-08-08 (count: 1)
Event: Test User on 2025-08-15 (count: 2)
Event: 2323 on 2025-08-15 (count: 2)
Events found: 9
Time: 2025-08-17 11:13:30 - Start: 2025-08-01, End: 2025-08-31, Server: /Pet_Track_revise-3/functions/get-appointments.php?start=2025-08-01&end=2025-08-31
Count for 2025-08-07: 6
Count for 2025-08-08: 1
Count for 2025-08-15: 2
Event: mikay on 2025-08-07 (count: 6)
Event: uyan on 2025-08-07 (count: 6)
Event: odemil on 2025-08-07 (count: 6)
Event: sheryl on 2025-08-07 (count: 6)
Event: mikay on 2025-08-07 (count: 6)
Event: closherl on 2025-08-07 (count: 6)
Event: Maricar Bahala on 2025-08-08 (count: 1)
Event: Test User on 2025-08-15 (count: 2)
Event: 2323 on 2025-08-15 (count: 2)
Events found: 9
Time: 2025-08-17 11:13:37 - Start: 2025-09-01, End: 2025-09-30, Server: /Pet_Track_revise-3/functions/get-appointments.php?start=2025-09-01&end=2025-09-30
Events found: 0
Time: 2025-08-17 11:13:50 - Start: 2025-09-11, End: 2025-09-11, Server: /Pet_Track_revise-3/functions/get-appointments.php?start=2025-09-11&end=2025-09-11
Events found: 0
Script executed at 2025-08-17 04:14:30
Database connection successful.
Form data: Array
(
    [owner_name] => Test User2
    [contact_number] => 0939251666442
    [appointment_date] => 2025-09-11
    [appointment_time] => 14:42:00
    [reason] => test only
)

Appointment logged: Guest Test User2 booked an appointment
Time: 2025-08-17 11:14:31 - Start: 2025-08-01, End: 2025-08-31, Server: /Pet_Track_revise-3/functions/get-appointments.php?start=2025-08-01&end=2025-08-31
Count for 2025-08-07: 6
Count for 2025-08-08: 1
Count for 2025-08-15: 2
Event: mikay on 2025-08-07 (count: 6)
Event: uyan on 2025-08-07 (count: 6)
Event: odemil on 2025-08-07 (count: 6)
Event: sheryl on 2025-08-07 (count: 6)
Event: mikay on 2025-08-07 (count: 6)
Event: closherl on 2025-08-07 (count: 6)
Event: Maricar Bahala on 2025-08-08 (count: 1)
Event: Test User on 2025-08-15 (count: 2)
Event: 2323 on 2025-08-15 (count: 2)
Events found: 9
Time: 2025-08-17 12:19:47 - Start: 2025-08-01, End: 2025-08-31, Server: /Pet_Track_revise-3/functions/get-appointments.php?start=2025-08-01&end=2025-08-31
Count for 2025-08-07: 6
Count for 2025-08-08: 1
Count for 2025-08-15: 2
Event: mikay on 2025-08-07 (count: 6)
Event: uyan on 2025-08-07 (count: 6)
Event: odemil on 2025-08-07 (count: 6)
Event: sheryl on 2025-08-07 (count: 6)
Event: mikay on 2025-08-07 (count: 6)
Event: closherl on 2025-08-07 (count: 6)
Event: Maricar Bahala on 2025-08-08 (count: 1)
Event: Test User on 2025-08-15 (count: 2)
Event: 2323 on 2025-08-15 (count: 2)
Events found: 9
Time: 2025-08-17 12:19:53 - Start: 2025-09-01, End: 2025-09-30, Server: /Pet_Track_revise-3/functions/get-appointments.php?start=2025-09-01&end=2025-09-30
Count for 2025-09-11: 1
Event: Test User2 on 2025-09-11 (count: 1)
Events found: 1
Time: 2025-08-17 12:20:45 - Start: 2025-09-11, End: 2025-09-11, Server: /Pet_Track_revise-3/functions/get-appointments.php?start=2025-09-11&end=2025-09-11
Count for 2025-09-11: 1
Event: Test User2 on 2025-09-11 (count: 1)
Events found: 1
Script executed at 2025-08-17 20:21:08
Database connection successful.
Form data: Array
(
    [owner_name] => janpaul25
    [contact_number] => 093925166642
    [appointment_date] => 2025-09-11
    [appointment_time] => 15:55:00
    [reason] => only test
)

Appointment logged: Guest janpaul25 booked an appointment on September 11, 2025 at 3:55 PM
Time: 2025-08-17 12:21:08 - Start: 2025-08-01, End: 2025-08-31, Server: /Pet_Track_revise-3/functions/get-appointments.php?start=2025-08-01&end=2025-08-31
Count for 2025-08-07: 6
Count for 2025-08-08: 1
Count for 2025-08-15: 2
Event: mikay on 2025-08-07 (count: 6)
Event: uyan on 2025-08-07 (count: 6)
Event: odemil on 2025-08-07 (count: 6)
Event: sheryl on 2025-08-07 (count: 6)
Event: mikay on 2025-08-07 (count: 6)
Event: closherl on 2025-08-07 (count: 6)
Event: Maricar Bahala on 2025-08-08 (count: 1)
Event: Test User on 2025-08-15 (count: 2)
Event: 2323 on 2025-08-15 (count: 2)
Events found: 9
Time: 2025-08-17 12:53:10 - Start: 2025-08-01, End: 2025-08-31, Server: /Pet_Track_revise-3/functions/get-appointments.php
Count for 2025-08-07: 6
Count for 2025-08-08: 1
Count for 2025-08-15: 2
Event: mikay on 2025-08-07 (count: 6)
Event: uyan on 2025-08-07 (count: 6)
Event: odemil on 2025-08-07 (count: 6)
Event: sheryl on 2025-08-07 (count: 6)
Event: mikay on 2025-08-07 (count: 6)
Event: closherl on 2025-08-07 (count: 6)
Event: Maricar Bahala on 2025-08-08 (count: 1)
Event: Test User on 2025-08-15 (count: 2)
Event: 2323 on 2025-08-15 (count: 2)
Events found: 9
Time: 2025-08-17 12:54:31 - Start: 2025-08-01, End: 2025-08-31, Server: /Pet_Track_revise-3/functions/get-appointments.php
Count for 2025-08-07: 6
Count for 2025-08-08: 1
Count for 2025-08-15: 2
Event: mikay on 2025-08-07 (count: 6)
Event: uyan on 2025-08-07 (count: 6)
Event: odemil on 2025-08-07 (count: 6)
Event: sheryl on 2025-08-07 (count: 6)
Event: mikay on 2025-08-07 (count: 6)
Event: closherl on 2025-08-07 (count: 6)
Event: Maricar Bahala on 2025-08-08 (count: 1)
Event: Test User on 2025-08-15 (count: 2)
Event: 2323 on 2025-08-15 (count: 2)
Events found: 9
Time: 2025-08-17 12:54:33 - Start: 2025-08-01, End: 2025-08-31, Server: /Pet_Track_revise-3/functions/get-appointments.php
Count for 2025-08-07: 6
Count for 2025-08-08: 1
Count for 2025-08-15: 2
Event: mikay on 2025-08-07 (count: 6)
Event: uyan on 2025-08-07 (count: 6)
Event: odemil on 2025-08-07 (count: 6)
Event: sheryl on 2025-08-07 (count: 6)
Event: mikay on 2025-08-07 (count: 6)
Event: closherl on 2025-08-07 (count: 6)
Event: Maricar Bahala on 2025-08-08 (count: 1)
Event: Test User on 2025-08-15 (count: 2)
Event: 2323 on 2025-08-15 (count: 2)
Events found: 9
Time: 2025-08-17 12:54:34 - Start: 2025-08-01, End: 2025-08-31, Server: /Pet_Track_revise-3/functions/get-appointments.php
Count for 2025-08-07: 6
Count for 2025-08-08: 1
Count for 2025-08-15: 2
Event: mikay on 2025-08-07 (count: 6)
Event: uyan on 2025-08-07 (count: 6)
Event: odemil on 2025-08-07 (count: 6)
Event: sheryl on 2025-08-07 (count: 6)
Event: mikay on 2025-08-07 (count: 6)
Event: closherl on 2025-08-07 (count: 6)
Event: Maricar Bahala on 2025-08-08 (count: 1)
Event: Test User on 2025-08-15 (count: 2)
Event: 2323 on 2025-08-15 (count: 2)
Events found: 9
Time: 2025-08-17 12:54:34 - Start: 2025-08-01, End: 2025-08-31, Server: /Pet_Track_revise-3/functions/get-appointments.php
Count for 2025-08-07: 6
Count for 2025-08-08: 1
Count for 2025-08-15: 2
Event: mikay on 2025-08-07 (count: 6)
Event: uyan on 2025-08-07 (count: 6)
Event: odemil on 2025-08-07 (count: 6)
Event: sheryl on 2025-08-07 (count: 6)
Event: mikay on 2025-08-07 (count: 6)
Event: closherl on 2025-08-07 (count: 6)
Event: Maricar Bahala on 2025-08-08 (count: 1)
Event: Test User on 2025-08-15 (count: 2)
Event: 2323 on 2025-08-15 (count: 2)
Events found: 9
Time: 2025-08-17 12:54:46 - Start: 2025-08-01, End: 2025-08-31, Server: /Pet_Track_revise-3/functions/get-appointments.php?start=2025-08-01&end=2025-08-31
Count for 2025-08-07: 6
Count for 2025-08-08: 1
Count for 2025-08-15: 2
Event: mikay on 2025-08-07 (count: 6)
Event: uyan on 2025-08-07 (count: 6)
Event: odemil on 2025-08-07 (count: 6)
Event: sheryl on 2025-08-07 (count: 6)
Event: mikay on 2025-08-07 (count: 6)
Event: closherl on 2025-08-07 (count: 6)
Event: Maricar Bahala on 2025-08-08 (count: 1)
Event: Test User on 2025-08-15 (count: 2)
Event: 2323 on 2025-08-15 (count: 2)
Events found: 9
Time: 2025-08-17 12:54:52 - Start: 2025-09-01, End: 2025-09-30, Server: /Pet_Track_revise-3/functions/get-appointments.php?start=2025-09-01&end=2025-09-30
Count for 2025-09-11: 2
Event: Test User2 on 2025-09-11 (count: 2)
Event: janpaul25 on 2025-09-11 (count: 2)
Events found: 2
Time: 2025-08-17 12:54:53 - Start: 2025-08-01, End: 2025-08-31, Server: /Pet_Track_revise-3/functions/get-appointments.php?start=2025-08-01&end=2025-08-31
Count for 2025-08-07: 6
Count for 2025-08-08: 1
Count for 2025-08-15: 2
Event: mikay on 2025-08-07 (count: 6)
Event: uyan on 2025-08-07 (count: 6)
Event: odemil on 2025-08-07 (count: 6)
Event: sheryl on 2025-08-07 (count: 6)
Event: mikay on 2025-08-07 (count: 6)
Event: closherl on 2025-08-07 (count: 6)
Event: Maricar Bahala on 2025-08-08 (count: 1)
Event: Test User on 2025-08-15 (count: 2)
Event: 2323 on 2025-08-15 (count: 2)
Events found: 9
Time: 2025-08-17 12:54:53 - Start: 2025-07-01, End: 2025-07-31, Server: /Pet_Track_revise-3/functions/get-appointments.php?start=2025-07-01&end=2025-07-31
Events found: 0
Time: 2025-08-17 12:54:54 - Start: 2025-08-01, End: 2025-08-31, Server: /Pet_Track_revise-3/functions/get-appointments.php?start=2025-08-01&end=2025-08-31
Count for 2025-08-07: 6
Count for 2025-08-08: 1
Count for 2025-08-15: 2
Event: mikay on 2025-08-07 (count: 6)
Event: uyan on 2025-08-07 (count: 6)
Event: odemil on 2025-08-07 (count: 6)
Event: sheryl on 2025-08-07 (count: 6)
Event: mikay on 2025-08-07 (count: 6)
Event: closherl on 2025-08-07 (count: 6)
Event: Maricar Bahala on 2025-08-08 (count: 1)
Event: Test User on 2025-08-15 (count: 2)
Event: 2323 on 2025-08-15 (count: 2)
Events found: 9
Time: 2025-08-17 12:54:54 - Start: 2025-09-01, End: 2025-09-30, Server: /Pet_Track_revise-3/functions/get-appointments.php?start=2025-09-01&end=2025-09-30
Count for 2025-09-11: 2
Event: Test User2 on 2025-09-11 (count: 2)
Event: janpaul25 on 2025-09-11 (count: 2)
Events found: 2
Time: 2025-08-17 12:55:08 - Start: 2025-09-10, End: 2025-09-10, Server: /Pet_Track_revise-3/functions/get-appointments.php?start=2025-09-10&end=2025-09-10
Events found: 0
Script executed at 2025-08-17 20:55:08
Database connection successful.
Form data: Array
(
    [owner_name] => Test User234
    [contact_number] => 2131241232
    [appointment_date] => 2025-09-10
    [appointment_time] => 14:45:00
    [reason] => 1asdasd
)

Appointment logged: Guest Test User234 booked an appointment on September 10, 2025 at 2:45 PM
Time: 2025-08-17 12:55:09 - Start: 2025-08-01, End: 2025-08-31, Server: /Pet_Track_revise-3/functions/get-appointments.php?start=2025-08-01&end=2025-08-31
Count for 2025-08-07: 6
Count for 2025-08-08: 1
Count for 2025-08-15: 2
Event: mikay on 2025-08-07 (count: 6)
Event: uyan on 2025-08-07 (count: 6)
Event: odemil on 2025-08-07 (count: 6)
Event: sheryl on 2025-08-07 (count: 6)
Event: mikay on 2025-08-07 (count: 6)
Event: closherl on 2025-08-07 (count: 6)
Event: Maricar Bahala on 2025-08-08 (count: 1)
Event: Test User on 2025-08-15 (count: 2)
Event: 2323 on 2025-08-15 (count: 2)
Events found: 9
Time: 2025-08-17 12:55:10 - Start: 2025-08-01, End: 2025-08-31, Server: /Pet_Track_revise-3/functions/get-appointments.php
Count for 2025-08-07: 6
Count for 2025-08-08: 1
Count for 2025-08-15: 2
Event: mikay on 2025-08-07 (count: 6)
Event: uyan on 2025-08-07 (count: 6)
Event: odemil on 2025-08-07 (count: 6)
Event: sheryl on 2025-08-07 (count: 6)
Event: mikay on 2025-08-07 (count: 6)
Event: closherl on 2025-08-07 (count: 6)
Event: Maricar Bahala on 2025-08-08 (count: 1)
Event: Test User on 2025-08-15 (count: 2)
Event: 2323 on 2025-08-15 (count: 2)
Events found: 9
Time: 2025-08-17 12:55:12 - Start: 2025-08-01, End: 2025-08-31, Server: /Pet_Track_revise-3/functions/get-appointments.php
Count for 2025-08-07: 6
Count for 2025-08-08: 1
Count for 2025-08-15: 2
Event: mikay on 2025-08-07 (count: 6)
Event: uyan on 2025-08-07 (count: 6)
Event: odemil on 2025-08-07 (count: 6)
Event: sheryl on 2025-08-07 (count: 6)
Event: mikay on 2025-08-07 (count: 6)
Event: closherl on 2025-08-07 (count: 6)
Event: Maricar Bahala on 2025-08-08 (count: 1)
Event: Test User on 2025-08-15 (count: 2)
Event: 2323 on 2025-08-15 (count: 2)
Events found: 9
Time: 2025-08-17 12:56:44 - Start: 2025-08-01, End: 2025-08-31, Server: /Pet_Track_revise-3/functions/get-appointments.php
Count for 2025-08-07: 6
Count for 2025-08-08: 1
Count for 2025-08-15: 2
Event: mikay on 2025-08-07 (count: 6)
Event: uyan on 2025-08-07 (count: 6)
Event: odemil on 2025-08-07 (count: 6)
Event: sheryl on 2025-08-07 (count: 6)
Event: mikay on 2025-08-07 (count: 6)
Event: closherl on 2025-08-07 (count: 6)
Event: Maricar Bahala on 2025-08-08 (count: 1)
Event: Test User on 2025-08-15 (count: 2)
Event: 2323 on 2025-08-15 (count: 2)
Events found: 9
Time: 2025-08-17 12:56:47 - Start: 2025-08-01, End: 2025-08-31, Server: /Pet_Track_revise-3/functions/get-appointments.php
Count for 2025-08-07: 6
Count for 2025-08-08: 1
Count for 2025-08-15: 2
Event: mikay on 2025-08-07 (count: 6)
Event: uyan on 2025-08-07 (count: 6)
Event: odemil on 2025-08-07 (count: 6)
Event: sheryl on 2025-08-07 (count: 6)
Event: mikay on 2025-08-07 (count: 6)
Event: closherl on 2025-08-07 (count: 6)
Event: Maricar Bahala on 2025-08-08 (count: 1)
Event: Test User on 2025-08-15 (count: 2)
Event: 2323 on 2025-08-15 (count: 2)
Events found: 9
Time: 2025-08-17 21:25:07 - Start: 2025-08-01, End: 2025-08-31, Server: /Pet_Track_revise-3/functions/get-appointments.php
Count for 2025-08-07: 6
Count for 2025-08-08: 1
Count for 2025-08-15: 2
Event: mikay on 2025-08-07 (count: 6)
Event: uyan on 2025-08-07 (count: 6)
Event: odemil on 2025-08-07 (count: 6)
Event: sheryl on 2025-08-07 (count: 6)
Event: mikay on 2025-08-07 (count: 6)
Event: closherl on 2025-08-07 (count: 6)
Event: Maricar Bahala on 2025-08-08 (count: 1)
Event: Test User on 2025-08-15 (count: 2)
Event: 2323 on 2025-08-15 (count: 2)
Events found: 9
Time: 2025-08-17 21:25:07 - Start: 2025-08-01, End: 2025-08-31, Server: /Pet_Track_revise-3/functions/get-appointments.php
Count for 2025-08-07: 6
Count for 2025-08-08: 1
Count for 2025-08-15: 2
Event: mikay on 2025-08-07 (count: 6)
Event: uyan on 2025-08-07 (count: 6)
Event: odemil on 2025-08-07 (count: 6)
Event: sheryl on 2025-08-07 (count: 6)
Event: mikay on 2025-08-07 (count: 6)
Event: closherl on 2025-08-07 (count: 6)
Event: Maricar Bahala on 2025-08-08 (count: 1)
Event: Test User on 2025-08-15 (count: 2)
Event: 2323 on 2025-08-15 (count: 2)
Events found: 9
Time: 2025-08-17 21:25:08 - Start: 2025-08-01, End: 2025-08-31, Server: /Pet_Track_revise-3/functions/get-appointments.php?start=2025-08-01&end=2025-08-31
Count for 2025-08-07: 6
Count for 2025-08-08: 1
Count for 2025-08-15: 2
Event: mikay on 2025-08-07 (count: 6)
Event: uyan on 2025-08-07 (count: 6)
Event: odemil on 2025-08-07 (count: 6)
Event: sheryl on 2025-08-07 (count: 6)
Event: mikay on 2025-08-07 (count: 6)
Event: closherl on 2025-08-07 (count: 6)
Event: Maricar Bahala on 2025-08-08 (count: 1)
Event: Test User on 2025-08-15 (count: 2)
Event: 2323 on 2025-08-15 (count: 2)
Events found: 9
Time: 2025-08-17 21:25:09 - Start: 2025-08-01, End: 2025-08-31, Server: /Pet_Track_revise-3/functions/get-appointments.php?start=2025-08-01&end=2025-08-31
Count for 2025-08-07: 6
Count for 2025-08-08: 1
Count for 2025-08-15: 2
Event: mikay on 2025-08-07 (count: 6)
Event: uyan on 2025-08-07 (count: 6)
Event: odemil on 2025-08-07 (count: 6)
Event: sheryl on 2025-08-07 (count: 6)
Event: mikay on 2025-08-07 (count: 6)
Event: closherl on 2025-08-07 (count: 6)
Event: Maricar Bahala on 2025-08-08 (count: 1)
Event: Test User on 2025-08-15 (count: 2)
Event: 2323 on 2025-08-15 (count: 2)
Events found: 9
Time: 2025-08-17 21:25:12 - Start: 2025-08-01, End: 2025-08-31, Server: /Pet_Track_revise-3/functions/get-appointments.php
Count for 2025-08-07: 6
Count for 2025-08-08: 1
Count for 2025-08-15: 2
Event: mikay on 2025-08-07 (count: 6)
Event: uyan on 2025-08-07 (count: 6)
Event: odemil on 2025-08-07 (count: 6)
Event: sheryl on 2025-08-07 (count: 6)
Event: mikay on 2025-08-07 (count: 6)
Event: closherl on 2025-08-07 (count: 6)
Event: Maricar Bahala on 2025-08-08 (count: 1)
Event: Test User on 2025-08-15 (count: 2)
Event: 2323 on 2025-08-15 (count: 2)
Events found: 9
Time: 2025-08-17 21:25:12 - Start: 2025-08-01, End: 2025-08-31, Server: /Pet_Track_revise-3/functions/get-appointments.php
Count for 2025-08-07: 6
Count for 2025-08-08: 1
Count for 2025-08-15: 2
Event: mikay on 2025-08-07 (count: 6)
Event: uyan on 2025-08-07 (count: 6)
Event: odemil on 2025-08-07 (count: 6)
Event: sheryl on 2025-08-07 (count: 6)
Event: mikay on 2025-08-07 (count: 6)
Event: closherl on 2025-08-07 (count: 6)
Event: Maricar Bahala on 2025-08-08 (count: 1)
Event: Test User on 2025-08-15 (count: 2)
Event: 2323 on 2025-08-15 (count: 2)
Events found: 9
Time: 2025-08-17 21:25:13 - Start: 2025-08-01, End: 2025-08-31, Server: /Pet_Track_revise-3/functions/get-appointments.php
Count for 2025-08-07: 6
Count for 2025-08-08: 1
Count for 2025-08-15: 2
Event: mikay on 2025-08-07 (count: 6)
Event: uyan on 2025-08-07 (count: 6)
Event: odemil on 2025-08-07 (count: 6)
Event: sheryl on 2025-08-07 (count: 6)
Event: mikay on 2025-08-07 (count: 6)
Event: closherl on 2025-08-07 (count: 6)
Event: Maricar Bahala on 2025-08-08 (count: 1)
Event: Test User on 2025-08-15 (count: 2)
Event: 2323 on 2025-08-15 (count: 2)
Events found: 9
Time: 2025-08-17 21:25:14 - Start: 2025-08-01, End: 2025-08-31, Server: /Pet_Track_revise-3/functions/get-appointments.php
Count for 2025-08-07: 6
Count for 2025-08-08: 1
Count for 2025-08-15: 2
Event: mikay on 2025-08-07 (count: 6)
Event: uyan on 2025-08-07 (count: 6)
Event: odemil on 2025-08-07 (count: 6)
Event: sheryl on 2025-08-07 (count: 6)
Event: mikay on 2025-08-07 (count: 6)
Event: closherl on 2025-08-07 (count: 6)
Event: Maricar Bahala on 2025-08-08 (count: 1)
Event: Test User on 2025-08-15 (count: 2)
Event: 2323 on 2025-08-15 (count: 2)
Events found: 9
Time: 2025-08-17 21:26:16 - Start: 2025-08-01, End: 2025-08-31, Server: /Pet_Track_revise-3/functions/get-appointments.php
Count for 2025-08-07: 6
Count for 2025-08-08: 1
Count for 2025-08-15: 2
Event: mikay on 2025-08-07 (count: 6)
Event: uyan on 2025-08-07 (count: 6)
Event: odemil on 2025-08-07 (count: 6)
Event: sheryl on 2025-08-07 (count: 6)
Event: mikay on 2025-08-07 (count: 6)
Event: closherl on 2025-08-07 (count: 6)
Event: Maricar Bahala on 2025-08-08 (count: 1)
Event: Test User on 2025-08-15 (count: 2)
Event: 2323 on 2025-08-15 (count: 2)
Events found: 9
Time: 2025-08-17 21:26:16 - Start: 2025-08-01, End: 2025-08-31, Server: /Pet_Track_revise-3/functions/get-appointments.php
Count for 2025-08-07: 6
Count for 2025-08-08: 1
Count for 2025-08-15: 2
Event: mikay on 2025-08-07 (count: 6)
Event: uyan on 2025-08-07 (count: 6)
Event: odemil on 2025-08-07 (count: 6)
Event: sheryl on 2025-08-07 (count: 6)
Event: mikay on 2025-08-07 (count: 6)
Event: closherl on 2025-08-07 (count: 6)
Event: Maricar Bahala on 2025-08-08 (count: 1)
Event: Test User on 2025-08-15 (count: 2)
Event: 2323 on 2025-08-15 (count: 2)
Events found: 9
Time: 2025-08-17 21:26:18 - Start: 2025-08-01, End: 2025-08-31, Server: /Pet_Track_revise-3/functions/get-appointments.php?start=2025-08-01&end=2025-08-31
Count for 2025-08-07: 6
Count for 2025-08-08: 1
Count for 2025-08-15: 2
Event: mikay on 2025-08-07 (count: 6)
Event: uyan on 2025-08-07 (count: 6)
Event: odemil on 2025-08-07 (count: 6)
Event: sheryl on 2025-08-07 (count: 6)
Event: mikay on 2025-08-07 (count: 6)
Event: closherl on 2025-08-07 (count: 6)
Event: Maricar Bahala on 2025-08-08 (count: 1)
Event: Test User on 2025-08-15 (count: 2)
Event: 2323 on 2025-08-15 (count: 2)
Events found: 9
Time: 2025-08-17 21:26:19 - Start: 2025-08-01, End: 2025-08-31, Server: /Pet_Track_revise-3/functions/get-appointments.php
Count for 2025-08-07: 6
Count for 2025-08-08: 1
Count for 2025-08-15: 2
Event: mikay on 2025-08-07 (count: 6)
Event: uyan on 2025-08-07 (count: 6)
Event: odemil on 2025-08-07 (count: 6)
Event: sheryl on 2025-08-07 (count: 6)
Event: mikay on 2025-08-07 (count: 6)
Event: closherl on 2025-08-07 (count: 6)
Event: Maricar Bahala on 2025-08-08 (count: 1)
Event: Test User on 2025-08-15 (count: 2)
Event: 2323 on 2025-08-15 (count: 2)
Events found: 9
Time: 2025-08-17 21:26:49 - Start: 2025-08-01, End: 2025-08-31, Server: /Pet_Track_revise-3/functions/get-appointments.php
Count for 2025-08-07: 6
Count for 2025-08-08: 1
Count for 2025-08-15: 2
Event: mikay on 2025-08-07 (count: 6)
Event: uyan on 2025-08-07 (count: 6)
Event: odemil on 2025-08-07 (count: 6)
Event: sheryl on 2025-08-07 (count: 6)
Event: mikay on 2025-08-07 (count: 6)
Event: closherl on 2025-08-07 (count: 6)
Event: Maricar Bahala on 2025-08-08 (count: 1)
Event: Test User on 2025-08-15 (count: 2)
Event: 2323 on 2025-08-15 (count: 2)
Events found: 9
Time: 2025-08-17 21:26:53 - Start: 2025-08-01, End: 2025-08-31, Server: /Pet_Track_revise-3/functions/get-appointments.php
Count for 2025-08-07: 6
Count for 2025-08-08: 1
Count for 2025-08-15: 2
Event: mikay on 2025-08-07 (count: 6)
Event: uyan on 2025-08-07 (count: 6)
Event: odemil on 2025-08-07 (count: 6)
Event: sheryl on 2025-08-07 (count: 6)
Event: mikay on 2025-08-07 (count: 6)
Event: closherl on 2025-08-07 (count: 6)
Event: Maricar Bahala on 2025-08-08 (count: 1)
Event: Test User on 2025-08-15 (count: 2)
Event: 2323 on 2025-08-15 (count: 2)
Events found: 9
Time: 2025-08-17 21:26:57 - Start: 2025-08-01, End: 2025-08-31, Server: /Pet_Track_revise-3/functions/get-appointments.php?start=2025-08-01&end=2025-08-31
Count for 2025-08-07: 6
Count for 2025-08-08: 1
Count for 2025-08-15: 2
Event: mikay on 2025-08-07 (count: 6)
Event: uyan on 2025-08-07 (count: 6)
Event: odemil on 2025-08-07 (count: 6)
Event: sheryl on 2025-08-07 (count: 6)
Event: mikay on 2025-08-07 (count: 6)
Event: closherl on 2025-08-07 (count: 6)
Event: Maricar Bahala on 2025-08-08 (count: 1)
Event: Test User on 2025-08-15 (count: 2)
Event: 2323 on 2025-08-15 (count: 2)
Events found: 9
Time: 2025-08-17 21:27:10 - Start: 2025-08-20, End: 2025-08-20, Server: /Pet_Track_revise-3/functions/get-appointments.php?start=2025-08-20&end=2025-08-20
Events found: 0
Script executed at 2025-08-17 21:27:10
Database connection successful.
Form data: Array
(
    [owner_name] => Test User6
    [contact_number] => 093925166642
    [appointment_date] => 2025-08-20
    [appointment_time] => 14:41:00
    [reason] => ssww
)

Appointment logged: Guest Test User6 booked an appointment on August 20, 2025 at 2:41 PM
Time: 2025-08-17 21:27:11 - Start: 2025-08-01, End: 2025-08-31, Server: /Pet_Track_revise-3/functions/get-appointments.php?start=2025-08-01&end=2025-08-31
Count for 2025-08-07: 6
Count for 2025-08-08: 1
Count for 2025-08-15: 2
Count for 2025-08-20: 1
Event: mikay on 2025-08-07 (count: 6)
Event: uyan on 2025-08-07 (count: 6)
Event: odemil on 2025-08-07 (count: 6)
Event: sheryl on 2025-08-07 (count: 6)
Event: mikay on 2025-08-07 (count: 6)
Event: closherl on 2025-08-07 (count: 6)
Event: Maricar Bahala on 2025-08-08 (count: 1)
Event: Test User on 2025-08-15 (count: 2)
Event: 2323 on 2025-08-15 (count: 2)
Event: Test User6 on 2025-08-20 (count: 1)
Events found: 10
Time: 2025-08-17 21:27:12 - Start: 2025-08-01, End: 2025-08-31, Server: /Pet_Track_revise-3/functions/get-appointments.php
Count for 2025-08-07: 6
Count for 2025-08-08: 1
Count for 2025-08-15: 2
Count for 2025-08-20: 1
Event: mikay on 2025-08-07 (count: 6)
Event: uyan on 2025-08-07 (count: 6)
Event: odemil on 2025-08-07 (count: 6)
Event: sheryl on 2025-08-07 (count: 6)
Event: mikay on 2025-08-07 (count: 6)
Event: closherl on 2025-08-07 (count: 6)
Event: Maricar Bahala on 2025-08-08 (count: 1)
Event: Test User on 2025-08-15 (count: 2)
Event: 2323 on 2025-08-15 (count: 2)
Event: Test User6 on 2025-08-20 (count: 1)
Events found: 10
Time: 2025-08-17 21:27:31 - Start: 2025-08-01, End: 2025-08-31, Server: /Pet_Track_revise-3/functions/get-appointments.php
Count for 2025-08-07: 6
Count for 2025-08-08: 1
Count for 2025-08-15: 2
Count for 2025-08-20: 1
Event: mikay on 2025-08-07 (count: 6)
Event: uyan on 2025-08-07 (count: 6)
Event: odemil on 2025-08-07 (count: 6)
Event: sheryl on 2025-08-07 (count: 6)
Event: mikay on 2025-08-07 (count: 6)
Event: closherl on 2025-08-07 (count: 6)
Event: Maricar Bahala on 2025-08-08 (count: 1)
Event: Test User on 2025-08-15 (count: 2)
Event: 2323 on 2025-08-15 (count: 2)
Event: Test User6 on 2025-08-20 (count: 1)
Events found: 10
Time: 2025-08-17 22:32:33 - Start: 2025-08-01, End: 2025-08-31, Server: /Pet_Track_revise-3/functions/get-appointments.php
Count for 2025-08-07: 6
Count for 2025-08-08: 1
Count for 2025-08-15: 2
Count for 2025-08-20: 1
Event: mikay on 2025-08-07 (count: 6)
Event: uyan on 2025-08-07 (count: 6)
Event: odemil on 2025-08-07 (count: 6)
Event: sheryl on 2025-08-07 (count: 6)
Event: mikay on 2025-08-07 (count: 6)
Event: closherl on 2025-08-07 (count: 6)
Event: Maricar Bahala on 2025-08-08 (count: 1)
Event: Test User on 2025-08-15 (count: 2)
Event: 2323 on 2025-08-15 (count: 2)
Event: Test User6 on 2025-08-20 (count: 1)
Events found: 10
Time: 2025-08-17 22:32:35 - Start: 2025-08-01, End: 2025-08-31, Server: /Pet_Track_revise-3/functions/get-appointments.php
Count for 2025-08-07: 6
Count for 2025-08-08: 1
Count for 2025-08-15: 2
Count for 2025-08-20: 1
Event: mikay on 2025-08-07 (count: 6)
Event: uyan on 2025-08-07 (count: 6)
Event: odemil on 2025-08-07 (count: 6)
Event: sheryl on 2025-08-07 (count: 6)
Event: mikay on 2025-08-07 (count: 6)
Event: closherl on 2025-08-07 (count: 6)
Event: Maricar Bahala on 2025-08-08 (count: 1)
Event: Test User on 2025-08-15 (count: 2)
Event: 2323 on 2025-08-15 (count: 2)
Event: Test User6 on 2025-08-20 (count: 1)
Events found: 10
Time: 2025-08-17 22:32:42 - Start: 2025-08-01, End: 2025-08-31, Server: /Pet_Track_revise-3/functions/get-appointments.php
Count for 2025-08-07: 6
Count for 2025-08-08: 1
Count for 2025-08-15: 2
Count for 2025-08-20: 1
Event: mikay on 2025-08-07 (count: 6)
Event: uyan on 2025-08-07 (count: 6)
Event: odemil on 2025-08-07 (count: 6)
Event: sheryl on 2025-08-07 (count: 6)
Event: mikay on 2025-08-07 (count: 6)
Event: closherl on 2025-08-07 (count: 6)
Event: Maricar Bahala on 2025-08-08 (count: 1)
Event: Test User on 2025-08-15 (count: 2)
Event: 2323 on 2025-08-15 (count: 2)
Event: Test User6 on 2025-08-20 (count: 1)
Events found: 10
Time: 2025-08-17 22:32:55 - Start: 2025-08-01, End: 2025-08-31, Server: /Pet_Track_revise-3/functions/get-appointments.php
Count for 2025-08-07: 6
Count for 2025-08-08: 1
Count for 2025-08-15: 2
Count for 2025-08-20: 1
Event: mikay on 2025-08-07 (count: 6)
Event: uyan on 2025-08-07 (count: 6)
Event: odemil on 2025-08-07 (count: 6)
Event: sheryl on 2025-08-07 (count: 6)
Event: mikay on 2025-08-07 (count: 6)
Event: closherl on 2025-08-07 (count: 6)
Event: Maricar Bahala on 2025-08-08 (count: 1)
Event: Test User on 2025-08-15 (count: 2)
Event: 2323 on 2025-08-15 (count: 2)
Event: Test User6 on 2025-08-20 (count: 1)
Events found: 10
Time: 2025-08-17 22:32:57 - Start: 2025-08-01, End: 2025-08-31, Server: /Pet_Track_revise-3/functions/get-appointments.php
Count for 2025-08-07: 6
Count for 2025-08-08: 1
Count for 2025-08-15: 2
Count for 2025-08-20: 1
Event: mikay on 2025-08-07 (count: 6)
Event: uyan on 2025-08-07 (count: 6)
Event: odemil on 2025-08-07 (count: 6)
Event: sheryl on 2025-08-07 (count: 6)
Event: mikay on 2025-08-07 (count: 6)
Event: closherl on 2025-08-07 (count: 6)
Event: Maricar Bahala on 2025-08-08 (count: 1)
Event: Test User on 2025-08-15 (count: 2)
Event: 2323 on 2025-08-15 (count: 2)
Event: Test User6 on 2025-08-20 (count: 1)
Events found: 10
Time: 2025-08-17 22:36:01 - Start: 2025-08-01, End: 2025-08-31, Server: /Pet_Track_revise-3/functions/get-appointments.php
Count for 2025-08-07: 6
Count for 2025-08-08: 1
Count for 2025-08-15: 2
Count for 2025-08-20: 1
Event: mikay on 2025-08-07 (count: 6)
Event: uyan on 2025-08-07 (count: 6)
Event: odemil on 2025-08-07 (count: 6)
Event: sheryl on 2025-08-07 (count: 6)
Event: mikay on 2025-08-07 (count: 6)
Event: closherl on 2025-08-07 (count: 6)
Event: Maricar Bahala on 2025-08-08 (count: 1)
Event: Test User on 2025-08-15 (count: 2)
Event: 2323 on 2025-08-15 (count: 2)
Event: Test User6 on 2025-08-20 (count: 1)
Events found: 10
Time: 2025-08-18 09:39:17 - Start: 2025-08-01, End: 2025-08-31, Server: /Pet_Track_revise-3/functions/get-appointments.php
Count for 2025-08-07: 6
Count for 2025-08-08: 1
Count for 2025-08-15: 2
Count for 2025-08-20: 1
Event: mikay on 2025-08-07 (count: 6)
Event: uyan on 2025-08-07 (count: 6)
Event: odemil on 2025-08-07 (count: 6)
Event: sheryl on 2025-08-07 (count: 6)
Event: mikay on 2025-08-07 (count: 6)
Event: closherl on 2025-08-07 (count: 6)
Event: Maricar Bahala on 2025-08-08 (count: 1)
Event: Test User on 2025-08-15 (count: 2)
Event: 2323 on 2025-08-15 (count: 2)
Event: Test User6 on 2025-08-20 (count: 1)
Events found: 10
Time: 2025-08-18 09:39:34 - Start: 2025-08-01, End: 2025-08-31, Server: /Pet_Track_revise-3/functions/get-appointments.php
Count for 2025-08-07: 6
Count for 2025-08-08: 1
Count for 2025-08-15: 2
Count for 2025-08-20: 1
Event: mikay on 2025-08-07 (count: 6)
Event: uyan on 2025-08-07 (count: 6)
Event: odemil on 2025-08-07 (count: 6)
Event: sheryl on 2025-08-07 (count: 6)
Event: mikay on 2025-08-07 (count: 6)
Event: closherl on 2025-08-07 (count: 6)
Event: Maricar Bahala on 2025-08-08 (count: 1)
Event: Test User on 2025-08-15 (count: 2)
Event: 2323 on 2025-08-15 (count: 2)
Event: Test User6 on 2025-08-20 (count: 1)
Events found: 10
Time: 2025-08-18 09:39:44 - Start: 2025-08-01, End: 2025-08-31, Server: /Pet_Track_revise-3/functions/get-appointments.php
Count for 2025-08-07: 6
Count for 2025-08-08: 1
Count for 2025-08-15: 2
Count for 2025-08-20: 1
Event: mikay on 2025-08-07 (count: 6)
Event: uyan on 2025-08-07 (count: 6)
Event: odemil on 2025-08-07 (count: 6)
Event: sheryl on 2025-08-07 (count: 6)
Event: mikay on 2025-08-07 (count: 6)
Event: closherl on 2025-08-07 (count: 6)
Event: Maricar Bahala on 2025-08-08 (count: 1)
Event: Test User on 2025-08-15 (count: 2)
Event: 2323 on 2025-08-15 (count: 2)
Event: Test User6 on 2025-08-20 (count: 1)
Events found: 10
Time: 2025-08-19 21:11:44 - Start: 2025-08-01, End: 2025-08-31, Server: /Pet_Track_revise-3/functions/get-appointments.php?start=2025-08-01&end=2025-08-31
Count for 2025-08-07: 6
Count for 2025-08-08: 1
Count for 2025-08-15: 2
Count for 2025-08-20: 1
Event: mikay on 2025-08-07 (count: 6)
Event: uyan on 2025-08-07 (count: 6)
Event: odemil on 2025-08-07 (count: 6)
Event: sheryl on 2025-08-07 (count: 6)
Event: mikay on 2025-08-07 (count: 6)
Event: closherl on 2025-08-07 (count: 6)
Event: Maricar Bahala on 2025-08-08 (count: 1)
Event: Test User on 2025-08-15 (count: 2)
Event: 2323 on 2025-08-15 (count: 2)
Event: Test User6 on 2025-08-20 (count: 1)
Events found: 10
Time: 2025-08-19 21:14:12 - Start: 2025-08-01, End: 2025-08-31, Server: /Pet_Track_revise-3/functions/get-appointments.php?start=2025-08-01&end=2025-08-31
Count for 2025-08-07: 6
Count for 2025-08-08: 1
Count for 2025-08-15: 2
Count for 2025-08-20: 1
Event: mikay on 2025-08-07 (count: 6)
Event: uyan on 2025-08-07 (count: 6)
Event: odemil on 2025-08-07 (count: 6)
Event: sheryl on 2025-08-07 (count: 6)
Event: mikay on 2025-08-07 (count: 6)
Event: closherl on 2025-08-07 (count: 6)
Event: Maricar Bahala on 2025-08-08 (count: 1)
Event: Test User on 2025-08-15 (count: 2)
Event: 2323 on 2025-08-15 (count: 2)
Event: Test User6 on 2025-08-20 (count: 1)
Events found: 10
Time: 2025-08-19 21:25:09 - Start: 2025-08-01, End: 2025-08-31, Server: /Pet_Track_revise-3/functions/get-appointments.php?start=2025-08-01&end=2025-08-31
Count for 2025-08-07: 6
Count for 2025-08-08: 1
Count for 2025-08-15: 2
Count for 2025-08-20: 1
Event: mikay on 2025-08-07 (count: 6)
Event: uyan on 2025-08-07 (count: 6)
Event: odemil on 2025-08-07 (count: 6)
Event: sheryl on 2025-08-07 (count: 6)
Event: mikay on 2025-08-07 (count: 6)
Event: closherl on 2025-08-07 (count: 6)
Event: Maricar Bahala on 2025-08-08 (count: 1)
Event: Test User on 2025-08-15 (count: 2)
Event: 2323 on 2025-08-15 (count: 2)
Event: Test User6 on 2025-08-20 (count: 1)
Events found: 10
Time: 2025-08-19 21:26:35 - Start: 2025-08-01, End: 2025-08-31, Server: /Pet_Track_revise-3/functions/get-appointments.php?start=2025-08-01&end=2025-08-31
Count for 2025-08-07: 6
Count for 2025-08-08: 1
Count for 2025-08-15: 2
Count for 2025-08-20: 1
Event: mikay on 2025-08-07 (count: 6)
Event: uyan on 2025-08-07 (count: 6)
Event: odemil on 2025-08-07 (count: 6)
Event: sheryl on 2025-08-07 (count: 6)
Event: mikay on 2025-08-07 (count: 6)
Event: closherl on 2025-08-07 (count: 6)
Event: Maricar Bahala on 2025-08-08 (count: 1)
Event: Test User on 2025-08-15 (count: 2)
Event: 2323 on 2025-08-15 (count: 2)
Event: Test User6 on 2025-08-20 (count: 1)
Events found: 10
Time: 2025-08-19 21:26:51 - Start: 2025-08-01, End: 2025-08-31, Server: /Pet_Track_revise-3/functions/get-appointments.php?start=2025-08-01&end=2025-08-31
Count for 2025-08-07: 6
Count for 2025-08-08: 1
Count for 2025-08-15: 2
Count for 2025-08-20: 1
Event: mikay on 2025-08-07 (count: 6)
Event: uyan on 2025-08-07 (count: 6)
Event: odemil on 2025-08-07 (count: 6)
Event: sheryl on 2025-08-07 (count: 6)
Event: mikay on 2025-08-07 (count: 6)
Event: closherl on 2025-08-07 (count: 6)
Event: Maricar Bahala on 2025-08-08 (count: 1)
Event: Test User on 2025-08-15 (count: 2)
Event: 2323 on 2025-08-15 (count: 2)
Event: Test User6 on 2025-08-20 (count: 1)
Events found: 10
Time: 2025-08-19 21:26:52 - Start: 2025-08-01, End: 2025-08-31, Server: /Pet_Track_revise-3/functions/get-appointments.php?start=2025-08-01&end=2025-08-31
Count for 2025-08-07: 6
Count for 2025-08-08: 1
Count for 2025-08-15: 2
Count for 2025-08-20: 1
Event: mikay on 2025-08-07 (count: 6)
Event: uyan on 2025-08-07 (count: 6)
Event: odemil on 2025-08-07 (count: 6)
Event: sheryl on 2025-08-07 (count: 6)
Event: mikay on 2025-08-07 (count: 6)
Event: closherl on 2025-08-07 (count: 6)
Event: Maricar Bahala on 2025-08-08 (count: 1)
Event: Test User on 2025-08-15 (count: 2)
Event: 2323 on 2025-08-15 (count: 2)
Event: Test User6 on 2025-08-20 (count: 1)
Events found: 10
Time: 2025-08-19 21:29:35 - Start: 2025-08-01, End: 2025-08-31, Server: /Pet_Track_revise-3/functions/get-appointments.php?start=2025-08-01&end=2025-08-31
Count for 2025-08-07: 6
Count for 2025-08-08: 1
Count for 2025-08-15: 2
Count for 2025-08-20: 1
Event: mikay on 2025-08-07 (count: 6)
Event: uyan on 2025-08-07 (count: 6)
Event: odemil on 2025-08-07 (count: 6)
Event: sheryl on 2025-08-07 (count: 6)
Event: mikay on 2025-08-07 (count: 6)
Event: closherl on 2025-08-07 (count: 6)
Event: Maricar Bahala on 2025-08-08 (count: 1)
Event: Test User on 2025-08-15 (count: 2)
Event: 2323 on 2025-08-15 (count: 2)
Event: Test User6 on 2025-08-20 (count: 1)
Events found: 10
Time: 2025-08-19 21:30:25 - Start: 2025-08-01, End: 2025-08-31, Server: /Pet_Track_revise-3/functions/get-appointments.php?start=2025-08-01&end=2025-08-31
Count for 2025-08-07: 6
Count for 2025-08-08: 1
Count for 2025-08-15: 2
Count for 2025-08-20: 1
Event: mikay on 2025-08-07 (count: 6)
Event: uyan on 2025-08-07 (count: 6)
Event: odemil on 2025-08-07 (count: 6)
Event: sheryl on 2025-08-07 (count: 6)
Event: mikay on 2025-08-07 (count: 6)
Event: closherl on 2025-08-07 (count: 6)
Event: Maricar Bahala on 2025-08-08 (count: 1)
Event: Test User on 2025-08-15 (count: 2)
Event: 2323 on 2025-08-15 (count: 2)
Event: Test User6 on 2025-08-20 (count: 1)
Events found: 10
Time: 2025-08-19 21:30:32 - Start: 2025-08-01, End: 2025-08-31, Server: /Pet_Track_revise-3/functions/get-appointments.php?start=2025-08-01&end=2025-08-31
Count for 2025-08-07: 6
Count for 2025-08-08: 1
Count for 2025-08-15: 2
Count for 2025-08-20: 1
Event: mikay on 2025-08-07 (count: 6)
Event: uyan on 2025-08-07 (count: 6)
Event: odemil on 2025-08-07 (count: 6)
Event: sheryl on 2025-08-07 (count: 6)
Event: mikay on 2025-08-07 (count: 6)
Event: closherl on 2025-08-07 (count: 6)
Event: Maricar Bahala on 2025-08-08 (count: 1)
Event: Test User on 2025-08-15 (count: 2)
Event: 2323 on 2025-08-15 (count: 2)
Event: Test User6 on 2025-08-20 (count: 1)
Events found: 10
Time: 2025-08-19 21:32:26 - Start: 2025-08-01, End: 2025-08-31, Server: /Pet_Track_revise-3/functions/get-appointments.php?start=2025-08-01&end=2025-08-31
Count for 2025-08-07: 6
Count for 2025-08-08: 1
Count for 2025-08-15: 2
Count for 2025-08-20: 1
Event: mikay on 2025-08-07 (count: 6)
Event: uyan on 2025-08-07 (count: 6)
Event: odemil on 2025-08-07 (count: 6)
Event: sheryl on 2025-08-07 (count: 6)
Event: mikay on 2025-08-07 (count: 6)
Event: closherl on 2025-08-07 (count: 6)
Event: Maricar Bahala on 2025-08-08 (count: 1)
Event: Test User on 2025-08-15 (count: 2)
Event: 2323 on 2025-08-15 (count: 2)
Event: Test User6 on 2025-08-20 (count: 1)
Events found: 10
Time: 2025-08-19 21:32:37 - Start: 2025-08-01, End: 2025-08-31, Server: /Pet_Track_revise-3/functions/get-appointments.php?start=2025-08-01&end=2025-08-31
Count for 2025-08-07: 6
Count for 2025-08-08: 1
Count for 2025-08-15: 2
Count for 2025-08-20: 1
Event: mikay on 2025-08-07 (count: 6)
Event: uyan on 2025-08-07 (count: 6)
Event: odemil on 2025-08-07 (count: 6)
Event: sheryl on 2025-08-07 (count: 6)
Event: mikay on 2025-08-07 (count: 6)
Event: closherl on 2025-08-07 (count: 6)
Event: Maricar Bahala on 2025-08-08 (count: 1)
Event: Test User on 2025-08-15 (count: 2)
Event: 2323 on 2025-08-15 (count: 2)
Event: Test User6 on 2025-08-20 (count: 1)
Events found: 10
Time: 2025-08-19 21:33:13 - Start: 2025-08-01, End: 2025-08-31, Server: /Pet_Track_revise-3/functions/get-appointments.php?start=2025-08-01&end=2025-08-31
Count for 2025-08-07: 6
Count for 2025-08-08: 1
Count for 2025-08-15: 2
Count for 2025-08-20: 1
Event: mikay on 2025-08-07 (count: 6)
Event: uyan on 2025-08-07 (count: 6)
Event: odemil on 2025-08-07 (count: 6)
Event: sheryl on 2025-08-07 (count: 6)
Event: mikay on 2025-08-07 (count: 6)
Event: closherl on 2025-08-07 (count: 6)
Event: Maricar Bahala on 2025-08-08 (count: 1)
Event: Test User on 2025-08-15 (count: 2)
Event: 2323 on 2025-08-15 (count: 2)
Event: Test User6 on 2025-08-20 (count: 1)
Events found: 10
Time: 2025-08-19 21:33:46 - Start: 2025-08-01, End: 2025-08-31, Server: /Pet_Track_revise-3/functions/get-appointments.php?start=2025-08-01&end=2025-08-31
Count for 2025-08-07: 6
Count for 2025-08-08: 1
Count for 2025-08-15: 2
Count for 2025-08-20: 1
Event: mikay on 2025-08-07 (count: 6)
Event: uyan on 2025-08-07 (count: 6)
Event: odemil on 2025-08-07 (count: 6)
Event: sheryl on 2025-08-07 (count: 6)
Event: mikay on 2025-08-07 (count: 6)
Event: closherl on 2025-08-07 (count: 6)
Event: Maricar Bahala on 2025-08-08 (count: 1)
Event: Test User on 2025-08-15 (count: 2)
Event: 2323 on 2025-08-15 (count: 2)
Event: Test User6 on 2025-08-20 (count: 1)
Events found: 10
Time: 2025-08-19 21:39:43 - Start: 2025-08-01, End: 2025-08-31, Server: /Pet_Track_revise-3/functions/get-appointments.php?start=2025-08-01&end=2025-08-31
Count for 2025-08-07: 6
Count for 2025-08-08: 1
Count for 2025-08-15: 2
Count for 2025-08-20: 1
Event: mikay on 2025-08-07 (count: 6)
Event: uyan on 2025-08-07 (count: 6)
Event: odemil on 2025-08-07 (count: 6)
Event: sheryl on 2025-08-07 (count: 6)
Event: mikay on 2025-08-07 (count: 6)
Event: closherl on 2025-08-07 (count: 6)
Event: Maricar Bahala on 2025-08-08 (count: 1)
Event: Test User on 2025-08-15 (count: 2)
Event: 2323 on 2025-08-15 (count: 2)
Event: Test User6 on 2025-08-20 (count: 1)
Events found: 10
Time: 2025-08-19 21:47:07 - Start: 2025-08-01, End: 2025-08-31, Server: /Pet_Track_revise-3/functions/get-appointments.php?start=2025-08-01&end=2025-08-31
Count for 2025-08-07: 6
Count for 2025-08-08: 1
Count for 2025-08-15: 2
Count for 2025-08-20: 1
Event: mikay on 2025-08-07 (count: 6)
Event: uyan on 2025-08-07 (count: 6)
Event: odemil on 2025-08-07 (count: 6)
Event: sheryl on 2025-08-07 (count: 6)
Event: mikay on 2025-08-07 (count: 6)
Event: closherl on 2025-08-07 (count: 6)
Event: Maricar Bahala on 2025-08-08 (count: 1)
Event: Test User on 2025-08-15 (count: 2)
Event: 2323 on 2025-08-15 (count: 2)
Event: Test User6 on 2025-08-20 (count: 1)
Events found: 10
Time: 2025-08-19 21:48:12 - Start: 2025-08-01, End: 2025-08-31, Server: /Pet_Track_revise-3/functions/get-appointments.php?start=2025-08-01&end=2025-08-31
Count for 2025-08-07: 6
Count for 2025-08-08: 1
Count for 2025-08-15: 2
Count for 2025-08-20: 1
Event: mikay on 2025-08-07 (count: 6)
Event: uyan on 2025-08-07 (count: 6)
Event: odemil on 2025-08-07 (count: 6)
Event: sheryl on 2025-08-07 (count: 6)
Event: mikay on 2025-08-07 (count: 6)
Event: closherl on 2025-08-07 (count: 6)
Event: Maricar Bahala on 2025-08-08 (count: 1)
Event: Test User on 2025-08-15 (count: 2)
Event: 2323 on 2025-08-15 (count: 2)
Event: Test User6 on 2025-08-20 (count: 1)
Events found: 10
Time: 2025-08-19 21:50:19 - Start: 2025-08-21, End: 2025-08-21, Server: /Pet_Track_revise-3/functions/get-appointments.php?start=2025-08-21&end=2025-08-21
Events found: 0
Script executed at 2025-08-19 21:50:19
Database connection successful.
Form data: Array
(
    [owner_name] => Samuel Seo
    [contact_number] => 093925166644
    [appointment_date] => 2025-08-21
    [appointment_time] => 15:23:00
    [reason] => Samuel seo test
)

Appointment logged: Guest Samuel Seo booked an appointment on August 21, 2025 at 3:23 PM
Time: 2025-08-19 21:50:19 - Start: 2025-08-01, End: 2025-08-31, Server: /Pet_Track_revise-3/functions/get-appointments.php?start=2025-08-01&end=2025-08-31
Count for 2025-08-07: 6
Count for 2025-08-08: 1
Count for 2025-08-15: 2
Count for 2025-08-20: 1
Count for 2025-08-21: 1
Event: mikay on 2025-08-07 (count: 6)
Event: uyan on 2025-08-07 (count: 6)
Event: odemil on 2025-08-07 (count: 6)
Event: sheryl on 2025-08-07 (count: 6)
Event: mikay on 2025-08-07 (count: 6)
Event: closherl on 2025-08-07 (count: 6)
Event: Maricar Bahala on 2025-08-08 (count: 1)
Event: Test User on 2025-08-15 (count: 2)
Event: 2323 on 2025-08-15 (count: 2)
Event: Test User6 on 2025-08-20 (count: 1)
Event: Samuel Seo on 2025-08-21 (count: 1)
Events found: 11
Time: 2025-08-19 21:54:12 - Start: 2025-08-01, End: 2025-08-31, Server: /Pet_Track_revise-3/functions/get-appointments.php
Count for 2025-08-07: 6
Count for 2025-08-08: 1
Count for 2025-08-15: 2
Count for 2025-08-20: 1
Count for 2025-08-21: 1
Event: mikay on 2025-08-07 (count: 6)
Event: uyan on 2025-08-07 (count: 6)
Event: odemil on 2025-08-07 (count: 6)
Event: sheryl on 2025-08-07 (count: 6)
Event: mikay on 2025-08-07 (count: 6)
Event: closherl on 2025-08-07 (count: 6)
Event: Maricar Bahala on 2025-08-08 (count: 1)
Event: Test User on 2025-08-15 (count: 2)
Event: 2323 on 2025-08-15 (count: 2)
Event: Test User6 on 2025-08-20 (count: 1)
Event: Samuel Seo on 2025-08-21 (count: 1)
Events found: 11
Time: 2025-08-19 21:54:16 - Start: 2025-08-01, End: 2025-08-31, Server: /Pet_Track_revise-3/functions/get-appointments.php
Count for 2025-08-07: 6
Count for 2025-08-08: 1
Count for 2025-08-15: 2
Count for 2025-08-20: 1
Count for 2025-08-21: 1
Event: mikay on 2025-08-07 (count: 6)
Event: uyan on 2025-08-07 (count: 6)
Event: odemil on 2025-08-07 (count: 6)
Event: sheryl on 2025-08-07 (count: 6)
Event: mikay on 2025-08-07 (count: 6)
Event: closherl on 2025-08-07 (count: 6)
Event: Maricar Bahala on 2025-08-08 (count: 1)
Event: Test User on 2025-08-15 (count: 2)
Event: 2323 on 2025-08-15 (count: 2)
Event: Test User6 on 2025-08-20 (count: 1)
Event: Samuel Seo on 2025-08-21 (count: 1)
Events found: 11
Time: 2025-08-19 21:54:18 - Start: 2025-08-01, End: 2025-08-31, Server: /Pet_Track_revise-3/functions/get-appointments.php
Count for 2025-08-07: 6
Count for 2025-08-08: 1
Count for 2025-08-15: 2
Count for 2025-08-20: 1
Count for 2025-08-21: 1
Event: mikay on 2025-08-07 (count: 6)
Event: uyan on 2025-08-07 (count: 6)
Event: odemil on 2025-08-07 (count: 6)
Event: sheryl on 2025-08-07 (count: 6)
Event: mikay on 2025-08-07 (count: 6)
Event: closherl on 2025-08-07 (count: 6)
Event: Maricar Bahala on 2025-08-08 (count: 1)
Event: Test User on 2025-08-15 (count: 2)
Event: 2323 on 2025-08-15 (count: 2)
Event: Test User6 on 2025-08-20 (count: 1)
Event: Samuel Seo on 2025-08-21 (count: 1)
Events found: 11
Time: 2025-08-19 22:08:02 - Start: 2025-08-01, End: 2025-08-31, Server: /Pet_Track_revise-3/functions/get-appointments.php?start=2025-08-01&end=2025-08-31
Count for 2025-08-07: 6
Count for 2025-08-08: 1
Count for 2025-08-15: 2
Count for 2025-08-20: 1
Count for 2025-08-21: 1
Event: mikay on 2025-08-07 (count: 6)
Event: uyan on 2025-08-07 (count: 6)
Event: odemil on 2025-08-07 (count: 6)
Event: sheryl on 2025-08-07 (count: 6)
Event: mikay on 2025-08-07 (count: 6)
Event: closherl on 2025-08-07 (count: 6)
Event: Maricar Bahala on 2025-08-08 (count: 1)
Event: Test User on 2025-08-15 (count: 2)
Event: 2323 on 2025-08-15 (count: 2)
Event: Test User6 on 2025-08-20 (count: 1)
Event: Samuel Seo on 2025-08-21 (count: 1)
Events found: 11
Time: 2025-08-20 18:41:54 - Start: 2025-08-01, End: 2025-08-31, Server: /Pet_Track_revise-3/functions/get-appointments.php
Count for 2025-08-07: 6
Count for 2025-08-08: 1
Count for 2025-08-15: 2
Count for 2025-08-20: 1
Count for 2025-08-21: 1
Event: mikay on 2025-08-07 (count: 6)
Event: uyan on 2025-08-07 (count: 6)
Event: odemil on 2025-08-07 (count: 6)
Event: sheryl on 2025-08-07 (count: 6)
Event: mikay on 2025-08-07 (count: 6)
Event: closherl on 2025-08-07 (count: 6)
Event: Maricar Bahala on 2025-08-08 (count: 1)
Event: Test User on 2025-08-15 (count: 2)
Event: 2323 on 2025-08-15 (count: 2)
Event: Test User6 on 2025-08-20 (count: 1)
Event: Samuel Seo on 2025-08-21 (count: 1)
Events found: 11
Time: 2025-08-20 18:42:07 - Start: 2025-08-01, End: 2025-08-31, Server: /Pet_Track_revise-3/functions/get-appointments.php
Count for 2025-08-07: 6
Count for 2025-08-08: 1
Count for 2025-08-15: 2
Count for 2025-08-20: 1
Count for 2025-08-21: 1
Event: mikay on 2025-08-07 (count: 6)
Event: uyan on 2025-08-07 (count: 6)
Event: odemil on 2025-08-07 (count: 6)
Event: sheryl on 2025-08-07 (count: 6)
Event: mikay on 2025-08-07 (count: 6)
Event: closherl on 2025-08-07 (count: 6)
Event: Maricar Bahala on 2025-08-08 (count: 1)
Event: Test User on 2025-08-15 (count: 2)
Event: 2323 on 2025-08-15 (count: 2)
Event: Test User6 on 2025-08-20 (count: 1)
Event: Samuel Seo on 2025-08-21 (count: 1)
Events found: 11
Time: 2025-08-20 18:42:09 - Start: 2025-08-01, End: 2025-08-31, Server: /Pet_Track_revise-3/functions/get-appointments.php
Count for 2025-08-07: 6
Count for 2025-08-08: 1
Count for 2025-08-15: 2
Count for 2025-08-20: 1
Count for 2025-08-21: 1
Event: mikay on 2025-08-07 (count: 6)
Event: uyan on 2025-08-07 (count: 6)
Event: odemil on 2025-08-07 (count: 6)
Event: sheryl on 2025-08-07 (count: 6)
Event: mikay on 2025-08-07 (count: 6)
Event: closherl on 2025-08-07 (count: 6)
Event: Maricar Bahala on 2025-08-08 (count: 1)
Event: Test User on 2025-08-15 (count: 2)
Event: 2323 on 2025-08-15 (count: 2)
Event: Test User6 on 2025-08-20 (count: 1)
Event: Samuel Seo on 2025-08-21 (count: 1)
Events found: 11
Time: 2025-08-20 18:42:10 - Start: 2025-08-01, End: 2025-08-31, Server: /Pet_Track_revise-3/functions/get-appointments.php
Count for 2025-08-07: 6
Count for 2025-08-08: 1
Count for 2025-08-15: 2
Count for 2025-08-20: 1
Count for 2025-08-21: 1
Event: mikay on 2025-08-07 (count: 6)
Event: uyan on 2025-08-07 (count: 6)
Event: odemil on 2025-08-07 (count: 6)
Event: sheryl on 2025-08-07 (count: 6)
Event: mikay on 2025-08-07 (count: 6)
Event: closherl on 2025-08-07 (count: 6)
Event: Maricar Bahala on 2025-08-08 (count: 1)
Event: Test User on 2025-08-15 (count: 2)
Event: 2323 on 2025-08-15 (count: 2)
Event: Test User6 on 2025-08-20 (count: 1)
Event: Samuel Seo on 2025-08-21 (count: 1)
Events found: 11
Time: 2025-08-20 18:42:11 - Start: 2025-08-01, End: 2025-08-31, Server: /Pet_Track_revise-3/functions/get-appointments.php
Count for 2025-08-07: 6
Count for 2025-08-08: 1
Count for 2025-08-15: 2
Count for 2025-08-20: 1
Count for 2025-08-21: 1
Event: mikay on 2025-08-07 (count: 6)
Event: uyan on 2025-08-07 (count: 6)
Event: odemil on 2025-08-07 (count: 6)
Event: sheryl on 2025-08-07 (count: 6)
Event: mikay on 2025-08-07 (count: 6)
Event: closherl on 2025-08-07 (count: 6)
Event: Maricar Bahala on 2025-08-08 (count: 1)
Event: Test User on 2025-08-15 (count: 2)
Event: 2323 on 2025-08-15 (count: 2)
Event: Test User6 on 2025-08-20 (count: 1)
Event: Samuel Seo on 2025-08-21 (count: 1)
Events found: 11
Time: 2025-08-20 18:42:12 - Start: 2025-08-01, End: 2025-08-31, Server: /Pet_Track_revise-3/functions/get-appointments.php
Count for 2025-08-07: 6
Count for 2025-08-08: 1
Count for 2025-08-15: 2
Count for 2025-08-20: 1
Count for 2025-08-21: 1
Event: mikay on 2025-08-07 (count: 6)
Event: uyan on 2025-08-07 (count: 6)
Event: odemil on 2025-08-07 (count: 6)
Event: sheryl on 2025-08-07 (count: 6)
Event: mikay on 2025-08-07 (count: 6)
Event: closherl on 2025-08-07 (count: 6)
Event: Maricar Bahala on 2025-08-08 (count: 1)
Event: Test User on 2025-08-15 (count: 2)
Event: 2323 on 2025-08-15 (count: 2)
Event: Test User6 on 2025-08-20 (count: 1)
Event: Samuel Seo on 2025-08-21 (count: 1)
Events found: 11
Time: 2025-08-20 18:42:13 - Start: 2025-08-01, End: 2025-08-31, Server: /Pet_Track_revise-3/functions/get-appointments.php
Count for 2025-08-07: 6
Count for 2025-08-08: 1
Count for 2025-08-15: 2
Count for 2025-08-20: 1
Count for 2025-08-21: 1
Event: mikay on 2025-08-07 (count: 6)
Event: uyan on 2025-08-07 (count: 6)
Event: odemil on 2025-08-07 (count: 6)
Event: sheryl on 2025-08-07 (count: 6)
Event: mikay on 2025-08-07 (count: 6)
Event: closherl on 2025-08-07 (count: 6)
Event: Maricar Bahala on 2025-08-08 (count: 1)
Event: Test User on 2025-08-15 (count: 2)
Event: 2323 on 2025-08-15 (count: 2)
Event: Test User6 on 2025-08-20 (count: 1)
Event: Samuel Seo on 2025-08-21 (count: 1)
Events found: 11
Time: 2025-08-20 18:42:14 - Start: 2025-08-01, End: 2025-08-31, Server: /Pet_Track_revise-3/functions/get-appointments.php
Count for 2025-08-07: 6
Count for 2025-08-08: 1
Count for 2025-08-15: 2
Count for 2025-08-20: 1
Count for 2025-08-21: 1
Event: mikay on 2025-08-07 (count: 6)
Event: uyan on 2025-08-07 (count: 6)
Event: odemil on 2025-08-07 (count: 6)
Event: sheryl on 2025-08-07 (count: 6)
Event: mikay on 2025-08-07 (count: 6)
Event: closherl on 2025-08-07 (count: 6)
Event: Maricar Bahala on 2025-08-08 (count: 1)
Event: Test User on 2025-08-15 (count: 2)
Event: 2323 on 2025-08-15 (count: 2)
Event: Test User6 on 2025-08-20 (count: 1)
Event: Samuel Seo on 2025-08-21 (count: 1)
Events found: 11
Time: 2025-08-20 18:42:14 - Start: 2025-08-01, End: 2025-08-31, Server: /Pet_Track_revise-3/functions/get-appointments.php
Count for 2025-08-07: 6
Count for 2025-08-08: 1
Count for 2025-08-15: 2
Count for 2025-08-20: 1
Count for 2025-08-21: 1
Event: mikay on 2025-08-07 (count: 6)
Event: uyan on 2025-08-07 (count: 6)
Event: odemil on 2025-08-07 (count: 6)
Event: sheryl on 2025-08-07 (count: 6)
Event: mikay on 2025-08-07 (count: 6)
Event: closherl on 2025-08-07 (count: 6)
Event: Maricar Bahala on 2025-08-08 (count: 1)
Event: Test User on 2025-08-15 (count: 2)
Event: 2323 on 2025-08-15 (count: 2)
Event: Test User6 on 2025-08-20 (count: 1)
Event: Samuel Seo on 2025-08-21 (count: 1)
Events found: 11
Time: 2025-08-20 18:42:14 - Start: 2025-08-01, End: 2025-08-31, Server: /Pet_Track_revise-3/functions/get-appointments.php
Count for 2025-08-07: 6
Count for 2025-08-08: 1
Count for 2025-08-15: 2
Count for 2025-08-20: 1
Count for 2025-08-21: 1
Event: mikay on 2025-08-07 (count: 6)
Event: uyan on 2025-08-07 (count: 6)
Event: odemil on 2025-08-07 (count: 6)
Event: sheryl on 2025-08-07 (count: 6)
Event: mikay on 2025-08-07 (count: 6)
Event: closherl on 2025-08-07 (count: 6)
Event: Maricar Bahala on 2025-08-08 (count: 1)
Event: Test User on 2025-08-15 (count: 2)
Event: 2323 on 2025-08-15 (count: 2)
Event: Test User6 on 2025-08-20 (count: 1)
Event: Samuel Seo on 2025-08-21 (count: 1)
Events found: 11
Time: 2025-08-20 18:42:16 - Start: 2025-08-01, End: 2025-08-31, Server: /Pet_Track_revise-3/functions/get-appointments.php
Count for 2025-08-07: 6
Count for 2025-08-08: 1
Count for 2025-08-15: 2
Count for 2025-08-20: 1
Count for 2025-08-21: 1
Event: mikay on 2025-08-07 (count: 6)
Event: uyan on 2025-08-07 (count: 6)
Event: odemil on 2025-08-07 (count: 6)
Event: sheryl on 2025-08-07 (count: 6)
Event: mikay on 2025-08-07 (count: 6)
Event: closherl on 2025-08-07 (count: 6)
Event: Maricar Bahala on 2025-08-08 (count: 1)
Event: Test User on 2025-08-15 (count: 2)
Event: 2323 on 2025-08-15 (count: 2)
Event: Test User6 on 2025-08-20 (count: 1)
Event: Samuel Seo on 2025-08-21 (count: 1)
Events found: 11
Time: 2025-08-20 19:16:15 - Start: 2025-08-01, End: 2025-08-31, Server: /Pet_Track_revise-3/functions/get-appointments.php
Count for 2025-08-07: 6
Count for 2025-08-08: 1
Count for 2025-08-15: 2
Count for 2025-08-20: 1
Count for 2025-08-21: 1
Event: mikay on 2025-08-07 (count: 6)
Event: uyan on 2025-08-07 (count: 6)
Event: odemil on 2025-08-07 (count: 6)
Event: sheryl on 2025-08-07 (count: 6)
Event: mikay on 2025-08-07 (count: 6)
Event: closherl on 2025-08-07 (count: 6)
Event: Maricar Bahala on 2025-08-08 (count: 1)
Event: Test User on 2025-08-15 (count: 2)
Event: 2323 on 2025-08-15 (count: 2)
Event: Test User6 on 2025-08-20 (count: 1)
Event: Samuel Seo on 2025-08-21 (count: 1)
Events found: 11
Time: 2025-08-20 19:16:22 - Start: 2025-08-01, End: 2025-08-31, Server: /Pet_Track_revise-3/functions/get-appointments.php
Count for 2025-08-07: 6
Count for 2025-08-08: 1
Count for 2025-08-15: 2
Count for 2025-08-20: 1
Count for 2025-08-21: 1
Event: mikay on 2025-08-07 (count: 6)
Event: uyan on 2025-08-07 (count: 6)
Event: odemil on 2025-08-07 (count: 6)
Event: sheryl on 2025-08-07 (count: 6)
Event: mikay on 2025-08-07 (count: 6)
Event: closherl on 2025-08-07 (count: 6)
Event: Maricar Bahala on 2025-08-08 (count: 1)
Event: Test User on 2025-08-15 (count: 2)
Event: 2323 on 2025-08-15 (count: 2)
Event: Test User6 on 2025-08-20 (count: 1)
Event: Samuel Seo on 2025-08-21 (count: 1)
Events found: 11
Time: 2025-08-20 19:16:25 - Start: 2025-08-01, End: 2025-08-31, Server: /Pet_Track_revise-3/functions/get-appointments.php
Count for 2025-08-07: 6
Count for 2025-08-08: 1
Count for 2025-08-15: 2
Count for 2025-08-20: 1
Count for 2025-08-21: 1
Event: mikay on 2025-08-07 (count: 6)
Event: uyan on 2025-08-07 (count: 6)
Event: odemil on 2025-08-07 (count: 6)
Event: sheryl on 2025-08-07 (count: 6)
Event: mikay on 2025-08-07 (count: 6)
Event: closherl on 2025-08-07 (count: 6)
Event: Maricar Bahala on 2025-08-08 (count: 1)
Event: Test User on 2025-08-15 (count: 2)
Event: 2323 on 2025-08-15 (count: 2)
Event: Test User6 on 2025-08-20 (count: 1)
Event: Samuel Seo on 2025-08-21 (count: 1)
Events found: 11
Time: 2025-08-20 19:16:26 - Start: 2025-08-01, End: 2025-08-31, Server: /Pet_Track_revise-3/functions/get-appointments.php
Count for 2025-08-07: 6
Count for 2025-08-08: 1
Count for 2025-08-15: 2
Count for 2025-08-20: 1
Count for 2025-08-21: 1
Event: mikay on 2025-08-07 (count: 6)
Event: uyan on 2025-08-07 (count: 6)
Event: odemil on 2025-08-07 (count: 6)
Event: sheryl on 2025-08-07 (count: 6)
Event: mikay on 2025-08-07 (count: 6)
Event: closherl on 2025-08-07 (count: 6)
Event: Maricar Bahala on 2025-08-08 (count: 1)
Event: Test User on 2025-08-15 (count: 2)
Event: 2323 on 2025-08-15 (count: 2)
Event: Test User6 on 2025-08-20 (count: 1)
Event: Samuel Seo on 2025-08-21 (count: 1)
Events found: 11
Time: 2025-08-20 19:16:27 - Start: 2025-08-01, End: 2025-08-31, Server: /Pet_Track_revise-3/functions/get-appointments.php
Count for 2025-08-07: 6
Count for 2025-08-08: 1
Count for 2025-08-15: 2
Count for 2025-08-20: 1
Count for 2025-08-21: 1
Event: mikay on 2025-08-07 (count: 6)
Event: uyan on 2025-08-07 (count: 6)
Event: odemil on 2025-08-07 (count: 6)
Event: sheryl on 2025-08-07 (count: 6)
Event: mikay on 2025-08-07 (count: 6)
Event: closherl on 2025-08-07 (count: 6)
Event: Maricar Bahala on 2025-08-08 (count: 1)
Event: Test User on 2025-08-15 (count: 2)
Event: 2323 on 2025-08-15 (count: 2)
Event: Test User6 on 2025-08-20 (count: 1)
Event: Samuel Seo on 2025-08-21 (count: 1)
Events found: 11
Time: 2025-08-21 12:41:57 - Start: 2025-08-01, End: 2025-08-31, Server: /Pet_Track_revise-3/functions/get-appointments.php
Count for 2025-08-07: 6
Count for 2025-08-08: 1
Count for 2025-08-15: 2
Count for 2025-08-20: 1
Count for 2025-08-21: 1
Event: mikay on 2025-08-07 (count: 6)
Event: uyan on 2025-08-07 (count: 6)
Event: odemil on 2025-08-07 (count: 6)
Event: sheryl on 2025-08-07 (count: 6)
Event: mikay on 2025-08-07 (count: 6)
Event: closherl on 2025-08-07 (count: 6)
Event: Maricar Bahala on 2025-08-08 (count: 1)
Event: Test User on 2025-08-15 (count: 2)
Event: 2323 on 2025-08-15 (count: 2)
Event: Test User6 on 2025-08-20 (count: 1)
Event: Samuel Seo on 2025-08-21 (count: 1)
Events found: 11
Time: 2025-08-21 12:42:03 - Start: 2025-08-01, End: 2025-08-31, Server: /Pet_Track_revise-3/functions/get-appointments.php
Count for 2025-08-07: 6
Count for 2025-08-08: 1
Count for 2025-08-15: 2
Count for 2025-08-20: 1
Count for 2025-08-21: 1
Event: mikay on 2025-08-07 (count: 6)
Event: uyan on 2025-08-07 (count: 6)
Event: odemil on 2025-08-07 (count: 6)
Event: sheryl on 2025-08-07 (count: 6)
Event: mikay on 2025-08-07 (count: 6)
Event: closherl on 2025-08-07 (count: 6)
Event: Maricar Bahala on 2025-08-08 (count: 1)
Event: Test User on 2025-08-15 (count: 2)
Event: 2323 on 2025-08-15 (count: 2)
Event: Test User6 on 2025-08-20 (count: 1)
Event: Samuel Seo on 2025-08-21 (count: 1)
Events found: 11
Time: 2025-08-21 12:47:08 - Start: 2025-08-01, End: 2025-08-31, Server: /Pet_Track_revise-3/functions/get-appointments.php
Count for 2025-08-07: 6
Count for 2025-08-08: 1
Count for 2025-08-15: 2
Count for 2025-08-20: 1
Count for 2025-08-21: 1
Event: mikay on 2025-08-07 (count: 6)
Event: uyan on 2025-08-07 (count: 6)
Event: odemil on 2025-08-07 (count: 6)
Event: sheryl on 2025-08-07 (count: 6)
Event: mikay on 2025-08-07 (count: 6)
Event: closherl on 2025-08-07 (count: 6)
Event: Maricar Bahala on 2025-08-08 (count: 1)
Event: Test User on 2025-08-15 (count: 2)
Event: 2323 on 2025-08-15 (count: 2)
Event: Test User6 on 2025-08-20 (count: 1)
Event: Samuel Seo on 2025-08-21 (count: 1)
Events found: 11
Time: 2025-08-21 12:47:20 - Start: 2025-08-01, End: 2025-08-31, Server: /Pet_Track_revise-3/functions/get-appointments.php
Count for 2025-08-07: 6
Count for 2025-08-08: 1
Count for 2025-08-15: 2
Count for 2025-08-20: 1
Count for 2025-08-21: 1
Event: mikay on 2025-08-07 (count: 6)
Event: uyan on 2025-08-07 (count: 6)
Event: odemil on 2025-08-07 (count: 6)
Event: sheryl on 2025-08-07 (count: 6)
Event: mikay on 2025-08-07 (count: 6)
Event: closherl on 2025-08-07 (count: 6)
Event: Maricar Bahala on 2025-08-08 (count: 1)
Event: Test User on 2025-08-15 (count: 2)
Event: 2323 on 2025-08-15 (count: 2)
Event: Test User6 on 2025-08-20 (count: 1)
Event: Samuel Seo on 2025-08-21 (count: 1)
Events found: 11
Time: 2025-08-21 12:47:27 - Start: 2025-08-01, End: 2025-08-31, Server: /Pet_Track_revise-3/functions/get-appointments.php
Count for 2025-08-07: 6
Count for 2025-08-08: 1
Count for 2025-08-15: 2
Count for 2025-08-20: 1
Count for 2025-08-21: 1
Event: mikay on 2025-08-07 (count: 6)
Event: uyan on 2025-08-07 (count: 6)
Event: odemil on 2025-08-07 (count: 6)
Event: sheryl on 2025-08-07 (count: 6)
Event: mikay on 2025-08-07 (count: 6)
Event: closherl on 2025-08-07 (count: 6)
Event: Maricar Bahala on 2025-08-08 (count: 1)
Event: Test User on 2025-08-15 (count: 2)
Event: 2323 on 2025-08-15 (count: 2)
Event: Test User6 on 2025-08-20 (count: 1)
Event: Samuel Seo on 2025-08-21 (count: 1)
Events found: 11
Time: 2025-08-21 12:47:32 - Start: 2025-08-01, End: 2025-08-31, Server: /Pet_Track_revise-3/functions/get-appointments.php
Count for 2025-08-07: 6
Count for 2025-08-08: 1
Count for 2025-08-15: 2
Count for 2025-08-20: 1
Count for 2025-08-21: 1
Event: mikay on 2025-08-07 (count: 6)
Event: uyan on 2025-08-07 (count: 6)
Event: odemil on 2025-08-07 (count: 6)
Event: sheryl on 2025-08-07 (count: 6)
Event: mikay on 2025-08-07 (count: 6)
Event: closherl on 2025-08-07 (count: 6)
Event: Maricar Bahala on 2025-08-08 (count: 1)
Event: Test User on 2025-08-15 (count: 2)
Event: 2323 on 2025-08-15 (count: 2)
Event: Test User6 on 2025-08-20 (count: 1)
Event: Samuel Seo on 2025-08-21 (count: 1)
Events found: 11
Time: 2025-08-21 12:47:36 - Start: 2025-08-01, End: 2025-08-31, Server: /Pet_Track_revise-3/functions/get-appointments.php
Count for 2025-08-07: 6
Count for 2025-08-08: 1
Count for 2025-08-15: 2
Count for 2025-08-20: 1
Count for 2025-08-21: 1
Event: mikay on 2025-08-07 (count: 6)
Event: uyan on 2025-08-07 (count: 6)
Event: odemil on 2025-08-07 (count: 6)
Event: sheryl on 2025-08-07 (count: 6)
Event: mikay on 2025-08-07 (count: 6)
Event: closherl on 2025-08-07 (count: 6)
Event: Maricar Bahala on 2025-08-08 (count: 1)
Event: Test User on 2025-08-15 (count: 2)
Event: 2323 on 2025-08-15 (count: 2)
Event: Test User6 on 2025-08-20 (count: 1)
Event: Samuel Seo on 2025-08-21 (count: 1)
Events found: 11
Time: 2025-08-21 12:47:37 - Start: 2025-08-01, End: 2025-08-31, Server: /Pet_Track_revise-3/functions/get-appointments.php
Count for 2025-08-07: 6
Count for 2025-08-08: 1
Count for 2025-08-15: 2
Count for 2025-08-20: 1
Count for 2025-08-21: 1
Event: mikay on 2025-08-07 (count: 6)
Event: uyan on 2025-08-07 (count: 6)
Event: odemil on 2025-08-07 (count: 6)
Event: sheryl on 2025-08-07 (count: 6)
Event: mikay on 2025-08-07 (count: 6)
Event: closherl on 2025-08-07 (count: 6)
Event: Maricar Bahala on 2025-08-08 (count: 1)
Event: Test User on 2025-08-15 (count: 2)
Event: 2323 on 2025-08-15 (count: 2)
Event: Test User6 on 2025-08-20 (count: 1)
Event: Samuel Seo on 2025-08-21 (count: 1)
Events found: 11
Time: 2025-08-21 12:47:42 - Start: 2025-08-01, End: 2025-08-31, Server: /Pet_Track_revise-3/functions/get-appointments.php
Count for 2025-08-07: 6
Count for 2025-08-08: 1
Count for 2025-08-15: 2
Count for 2025-08-20: 1
Count for 2025-08-21: 1
Event: mikay on 2025-08-07 (count: 6)
Event: uyan on 2025-08-07 (count: 6)
Event: odemil on 2025-08-07 (count: 6)
Event: sheryl on 2025-08-07 (count: 6)
Event: mikay on 2025-08-07 (count: 6)
Event: closherl on 2025-08-07 (count: 6)
Event: Maricar Bahala on 2025-08-08 (count: 1)
Event: Test User on 2025-08-15 (count: 2)
Event: 2323 on 2025-08-15 (count: 2)
Event: Test User6 on 2025-08-20 (count: 1)
Event: Samuel Seo on 2025-08-21 (count: 1)
Events found: 11
Time: 2025-08-21 12:47:45 - Start: 2025-08-01, End: 2025-08-31, Server: /Pet_Track_revise-3/functions/get-appointments.php
Count for 2025-08-07: 6
Count for 2025-08-08: 1
Count for 2025-08-15: 2
Count for 2025-08-20: 1
Count for 2025-08-21: 1
Event: mikay on 2025-08-07 (count: 6)
Event: uyan on 2025-08-07 (count: 6)
Event: odemil on 2025-08-07 (count: 6)
Event: sheryl on 2025-08-07 (count: 6)
Event: mikay on 2025-08-07 (count: 6)
Event: closherl on 2025-08-07 (count: 6)
Event: Maricar Bahala on 2025-08-08 (count: 1)
Event: Test User on 2025-08-15 (count: 2)
Event: 2323 on 2025-08-15 (count: 2)
Event: Test User6 on 2025-08-20 (count: 1)
Event: Samuel Seo on 2025-08-21 (count: 1)
Events found: 11
Time: 2025-08-21 12:48:05 - Start: 2025-08-01, End: 2025-08-31, Server: /Pet_Track_revise-3/functions/get-appointments.php
Count for 2025-08-07: 6
Count for 2025-08-08: 1
Count for 2025-08-15: 2
Count for 2025-08-20: 1
Count for 2025-08-21: 1
Event: mikay on 2025-08-07 (count: 6)
Event: uyan on 2025-08-07 (count: 6)
Event: odemil on 2025-08-07 (count: 6)
Event: sheryl on 2025-08-07 (count: 6)
Event: mikay on 2025-08-07 (count: 6)
Event: closherl on 2025-08-07 (count: 6)
Event: Maricar Bahala on 2025-08-08 (count: 1)
Event: Test User on 2025-08-15 (count: 2)
Event: 2323 on 2025-08-15 (count: 2)
Event: Test User6 on 2025-08-20 (count: 1)
Event: Samuel Seo on 2025-08-21 (count: 1)
Events found: 11
Time: 2025-08-21 12:48:08 - Start: 2025-08-01, End: 2025-08-31, Server: /Pet_Track_revise-3/functions/get-appointments.php
Count for 2025-08-07: 6
Count for 2025-08-08: 1
Count for 2025-08-15: 2
Count for 2025-08-20: 1
Count for 2025-08-21: 1
Event: mikay on 2025-08-07 (count: 6)
Event: uyan on 2025-08-07 (count: 6)
Event: odemil on 2025-08-07 (count: 6)
Event: sheryl on 2025-08-07 (count: 6)
Event: mikay on 2025-08-07 (count: 6)
Event: closherl on 2025-08-07 (count: 6)
Event: Maricar Bahala on 2025-08-08 (count: 1)
Event: Test User on 2025-08-15 (count: 2)
Event: 2323 on 2025-08-15 (count: 2)
Event: Test User6 on 2025-08-20 (count: 1)
Event: Samuel Seo on 2025-08-21 (count: 1)
Events found: 11
Time: 2025-08-21 12:48:50 - Start: 2025-08-01, End: 2025-08-31, Server: /Pet_Track_revise-3/functions/get-appointments.php
Count for 2025-08-07: 6
Count for 2025-08-08: 1
Count for 2025-08-15: 2
Count for 2025-08-20: 1
Count for 2025-08-21: 1
Event: mikay on 2025-08-07 (count: 6)
Event: uyan on 2025-08-07 (count: 6)
Event: odemil on 2025-08-07 (count: 6)
Event: sheryl on 2025-08-07 (count: 6)
Event: mikay on 2025-08-07 (count: 6)
Event: closherl on 2025-08-07 (count: 6)
Event: Maricar Bahala on 2025-08-08 (count: 1)
Event: Test User on 2025-08-15 (count: 2)
Event: 2323 on 2025-08-15 (count: 2)
Event: Test User6 on 2025-08-20 (count: 1)
Event: Samuel Seo on 2025-08-21 (count: 1)
Events found: 11
Time: 2025-08-21 12:49:03 - Start: 2025-08-01, End: 2025-08-31, Server: /Pet_Track_revise-3/functions/get-appointments.php?start=2025-08-01&end=2025-08-31
Count for 2025-08-07: 6
Count for 2025-08-08: 1
Count for 2025-08-15: 2
Count for 2025-08-20: 1
Count for 2025-08-21: 1
Event: mikay on 2025-08-07 (count: 6)
Event: uyan on 2025-08-07 (count: 6)
Event: odemil on 2025-08-07 (count: 6)
Event: sheryl on 2025-08-07 (count: 6)
Event: mikay on 2025-08-07 (count: 6)
Event: closherl on 2025-08-07 (count: 6)
Event: Maricar Bahala on 2025-08-08 (count: 1)
Event: Test User on 2025-08-15 (count: 2)
Event: 2323 on 2025-08-15 (count: 2)
Event: Test User6 on 2025-08-20 (count: 1)
Event: Samuel Seo on 2025-08-21 (count: 1)
Events found: 11
Time: 2025-08-21 12:49:15 - Start: 2025-08-01, End: 2025-08-31, Server: /Pet_Track_revise-3/functions/get-appointments.php
Count for 2025-08-07: 6
Count for 2025-08-08: 1
Count for 2025-08-15: 2
Count for 2025-08-20: 1
Count for 2025-08-21: 1
Event: mikay on 2025-08-07 (count: 6)
Event: uyan on 2025-08-07 (count: 6)
Event: odemil on 2025-08-07 (count: 6)
Event: sheryl on 2025-08-07 (count: 6)
Event: mikay on 2025-08-07 (count: 6)
Event: closherl on 2025-08-07 (count: 6)
Event: Maricar Bahala on 2025-08-08 (count: 1)
Event: Test User on 2025-08-15 (count: 2)
Event: 2323 on 2025-08-15 (count: 2)
Event: Test User6 on 2025-08-20 (count: 1)
Event: Samuel Seo on 2025-08-21 (count: 1)
Events found: 11
Time: 2025-08-21 12:49:19 - Start: 2025-08-01, End: 2025-08-31, Server: /Pet_Track_revise-3/functions/get-appointments.php?start=2025-08-01&end=2025-08-31
Count for 2025-08-07: 6
Count for 2025-08-08: 1
Count for 2025-08-15: 2
Count for 2025-08-20: 1
Count for 2025-08-21: 1
Event: mikay on 2025-08-07 (count: 6)
Event: uyan on 2025-08-07 (count: 6)
Event: odemil on 2025-08-07 (count: 6)
Event: sheryl on 2025-08-07 (count: 6)
Event: mikay on 2025-08-07 (count: 6)
Event: closherl on 2025-08-07 (count: 6)
Event: Maricar Bahala on 2025-08-08 (count: 1)
Event: Test User on 2025-08-15 (count: 2)
Event: 2323 on 2025-08-15 (count: 2)
Event: Test User6 on 2025-08-20 (count: 1)
Event: Samuel Seo on 2025-08-21 (count: 1)
Events found: 11
Time: 2025-08-21 12:49:28 - Start: 2025-09-01, End: 2025-09-30, Server: /Pet_Track_revise-3/functions/get-appointments.php?start=2025-09-01&end=2025-09-30
Count for 2025-09-10: 1
Count for 2025-09-11: 2
Event: Test User234 on 2025-09-10 (count: 1)
Event: Test User2 on 2025-09-11 (count: 2)
Event: janpaul25 on 2025-09-11 (count: 2)
Events found: 3
Time: 2025-08-21 12:49:29 - Start: 2025-08-01, End: 2025-08-31, Server: /Pet_Track_revise-3/functions/get-appointments.php?start=2025-08-01&end=2025-08-31
Count for 2025-08-07: 6
Count for 2025-08-08: 1
Count for 2025-08-15: 2
Count for 2025-08-20: 1
Count for 2025-08-21: 1
Event: mikay on 2025-08-07 (count: 6)
Event: uyan on 2025-08-07 (count: 6)
Event: odemil on 2025-08-07 (count: 6)
Event: sheryl on 2025-08-07 (count: 6)
Event: mikay on 2025-08-07 (count: 6)
Event: closherl on 2025-08-07 (count: 6)
Event: Maricar Bahala on 2025-08-08 (count: 1)
Event: Test User on 2025-08-15 (count: 2)
Event: 2323 on 2025-08-15 (count: 2)
Event: Test User6 on 2025-08-20 (count: 1)
Event: Samuel Seo on 2025-08-21 (count: 1)
Events found: 11
Time: 2025-08-21 12:49:46 - Start: 2025-08-22, End: 2025-08-22, Server: /Pet_Track_revise-3/functions/get-appointments.php?start=2025-08-22&end=2025-08-22
Events found: 0
Script executed at 2025-08-21 12:49:46
Database connection successful.
Form data: Array
(
    [owner_name] => Daniel Park
    [contact_number] => 93029320132
    [appointment_date] => 2025-08-22
    [appointment_time] => 14:23:00
    [reason] => Daniel Park test reason
)

Appointment logged: Guest Daniel Park booked an appointment on August 22, 2025 at 2:23 PM
Time: 2025-08-21 12:49:46 - Start: 2025-08-01, End: 2025-08-31, Server: /Pet_Track_revise-3/functions/get-appointments.php?start=2025-08-01&end=2025-08-31
Count for 2025-08-07: 6
Count for 2025-08-08: 1
Count for 2025-08-15: 2
Count for 2025-08-20: 1
Count for 2025-08-21: 1
Count for 2025-08-22: 1
Event: mikay on 2025-08-07 (count: 6)
Event: uyan on 2025-08-07 (count: 6)
Event: odemil on 2025-08-07 (count: 6)
Event: sheryl on 2025-08-07 (count: 6)
Event: mikay on 2025-08-07 (count: 6)
Event: closherl on 2025-08-07 (count: 6)
Event: Maricar Bahala on 2025-08-08 (count: 1)
Event: Test User on 2025-08-15 (count: 2)
Event: 2323 on 2025-08-15 (count: 2)
Event: Test User6 on 2025-08-20 (count: 1)
Event: Samuel Seo on 2025-08-21 (count: 1)
Event: Daniel Park on 2025-08-22 (count: 1)
Events found: 12
Time: 2025-08-21 12:49:49 - Start: 2025-08-01, End: 2025-08-31, Server: /Pet_Track_revise-3/functions/get-appointments.php
Count for 2025-08-07: 6
Count for 2025-08-08: 1
Count for 2025-08-15: 2
Count for 2025-08-20: 1
Count for 2025-08-21: 1
Count for 2025-08-22: 1
Event: mikay on 2025-08-07 (count: 6)
Event: uyan on 2025-08-07 (count: 6)
Event: odemil on 2025-08-07 (count: 6)
Event: sheryl on 2025-08-07 (count: 6)
Event: mikay on 2025-08-07 (count: 6)
Event: closherl on 2025-08-07 (count: 6)
Event: Maricar Bahala on 2025-08-08 (count: 1)
Event: Test User on 2025-08-15 (count: 2)
Event: 2323 on 2025-08-15 (count: 2)
Event: Test User6 on 2025-08-20 (count: 1)
Event: Samuel Seo on 2025-08-21 (count: 1)
Event: Daniel Park on 2025-08-22 (count: 1)
Events found: 12
Time: 2025-08-21 12:49:52 - Start: 2025-08-01, End: 2025-08-31, Server: /Pet_Track_revise-3/functions/get-appointments.php
Count for 2025-08-07: 6
Count for 2025-08-08: 1
Count for 2025-08-15: 2
Count for 2025-08-20: 1
Count for 2025-08-21: 1
Count for 2025-08-22: 1
Event: mikay on 2025-08-07 (count: 6)
Event: uyan on 2025-08-07 (count: 6)
Event: odemil on 2025-08-07 (count: 6)
Event: sheryl on 2025-08-07 (count: 6)
Event: mikay on 2025-08-07 (count: 6)
Event: closherl on 2025-08-07 (count: 6)
Event: Maricar Bahala on 2025-08-08 (count: 1)
Event: Test User on 2025-08-15 (count: 2)
Event: 2323 on 2025-08-15 (count: 2)
Event: Test User6 on 2025-08-20 (count: 1)
Event: Samuel Seo on 2025-08-21 (count: 1)
Event: Daniel Park on 2025-08-22 (count: 1)
Events found: 12
Time: 2025-08-21 12:49:52 - Start: 2025-08-01, End: 2025-08-31, Server: /Pet_Track_revise-3/functions/get-appointments.php
Count for 2025-08-07: 6
Count for 2025-08-08: 1
Count for 2025-08-15: 2
Count for 2025-08-20: 1
Count for 2025-08-21: 1
Count for 2025-08-22: 1
Event: mikay on 2025-08-07 (count: 6)
Event: uyan on 2025-08-07 (count: 6)
Event: odemil on 2025-08-07 (count: 6)
Event: sheryl on 2025-08-07 (count: 6)
Event: mikay on 2025-08-07 (count: 6)
Event: closherl on 2025-08-07 (count: 6)
Event: Maricar Bahala on 2025-08-08 (count: 1)
Event: Test User on 2025-08-15 (count: 2)
Event: 2323 on 2025-08-15 (count: 2)
Event: Test User6 on 2025-08-20 (count: 1)
Event: Samuel Seo on 2025-08-21 (count: 1)
Event: Daniel Park on 2025-08-22 (count: 1)
Events found: 12
Time: 2025-08-21 12:49:55 - Start: 2025-08-01, End: 2025-08-31, Server: /Pet_Track_revise-3/functions/get-appointments.php
Count for 2025-08-07: 6
Count for 2025-08-08: 1
Count for 2025-08-15: 2
Count for 2025-08-20: 1
Count for 2025-08-21: 1
Count for 2025-08-22: 1
Event: mikay on 2025-08-07 (count: 6)
Event: uyan on 2025-08-07 (count: 6)
Event: odemil on 2025-08-07 (count: 6)
Event: sheryl on 2025-08-07 (count: 6)
Event: mikay on 2025-08-07 (count: 6)
Event: closherl on 2025-08-07 (count: 6)
Event: Maricar Bahala on 2025-08-08 (count: 1)
Event: Test User on 2025-08-15 (count: 2)
Event: 2323 on 2025-08-15 (count: 2)
Event: Test User6 on 2025-08-20 (count: 1)
Event: Samuel Seo on 2025-08-21 (count: 1)
Event: Daniel Park on 2025-08-22 (count: 1)
Events found: 12
Time: 2025-08-21 12:52:01 - Start: 2025-08-01, End: 2025-08-31, Server: /Pet_Track_revise-3/functions/get-appointments.php
Count for 2025-08-07: 6
Count for 2025-08-08: 1
Count for 2025-08-15: 2
Count for 2025-08-20: 1
Count for 2025-08-21: 1
Count for 2025-08-22: 1
Event: mikay on 2025-08-07 (count: 6)
Event: uyan on 2025-08-07 (count: 6)
Event: odemil on 2025-08-07 (count: 6)
Event: sheryl on 2025-08-07 (count: 6)
Event: mikay on 2025-08-07 (count: 6)
Event: closherl on 2025-08-07 (count: 6)
Event: Maricar Bahala on 2025-08-08 (count: 1)
Event: Test User on 2025-08-15 (count: 2)
Event: 2323 on 2025-08-15 (count: 2)
Event: Test User6 on 2025-08-20 (count: 1)
Event: Samuel Seo on 2025-08-21 (count: 1)
Event: Daniel Park on 2025-08-22 (count: 1)
Events found: 12
Time: 2025-08-21 12:52:05 - Start: 2025-08-01, End: 2025-08-31, Server: /Pet_Track_revise-3/functions/get-appointments.php
Count for 2025-08-07: 6
Count for 2025-08-08: 1
Count for 2025-08-15: 2
Count for 2025-08-20: 1
Count for 2025-08-21: 1
Count for 2025-08-22: 1
Event: mikay on 2025-08-07 (count: 6)
Event: uyan on 2025-08-07 (count: 6)
Event: odemil on 2025-08-07 (count: 6)
Event: sheryl on 2025-08-07 (count: 6)
Event: mikay on 2025-08-07 (count: 6)
Event: closherl on 2025-08-07 (count: 6)
Event: Maricar Bahala on 2025-08-08 (count: 1)
Event: Test User on 2025-08-15 (count: 2)
Event: 2323 on 2025-08-15 (count: 2)
Event: Test User6 on 2025-08-20 (count: 1)
Event: Samuel Seo on 2025-08-21 (count: 1)
Event: Daniel Park on 2025-08-22 (count: 1)
Events found: 12
Time: 2025-08-21 12:52:08 - Start: 2025-08-01, End: 2025-08-31, Server: /Pet_Track_revise-3/functions/get-appointments.php
Count for 2025-08-07: 6
Count for 2025-08-08: 1
Count for 2025-08-15: 2
Count for 2025-08-20: 1
Count for 2025-08-21: 1
Count for 2025-08-22: 1
Event: mikay on 2025-08-07 (count: 6)
Event: uyan on 2025-08-07 (count: 6)
Event: odemil on 2025-08-07 (count: 6)
Event: sheryl on 2025-08-07 (count: 6)
Event: mikay on 2025-08-07 (count: 6)
Event: closherl on 2025-08-07 (count: 6)
Event: Maricar Bahala on 2025-08-08 (count: 1)
Event: Test User on 2025-08-15 (count: 2)
Event: 2323 on 2025-08-15 (count: 2)
Event: Test User6 on 2025-08-20 (count: 1)
Event: Samuel Seo on 2025-08-21 (count: 1)
Event: Daniel Park on 2025-08-22 (count: 1)
Events found: 12
Time: 2025-08-21 12:52:11 - Start: 2025-08-01, End: 2025-08-31, Server: /Pet_Track_revise-3/functions/get-appointments.php?start=2025-08-01&end=2025-08-31
Count for 2025-08-07: 6
Count for 2025-08-08: 1
Count for 2025-08-15: 2
Count for 2025-08-20: 1
Count for 2025-08-21: 1
Count for 2025-08-22: 1
Event: mikay on 2025-08-07 (count: 6)
Event: uyan on 2025-08-07 (count: 6)
Event: odemil on 2025-08-07 (count: 6)
Event: sheryl on 2025-08-07 (count: 6)
Event: mikay on 2025-08-07 (count: 6)
Event: closherl on 2025-08-07 (count: 6)
Event: Maricar Bahala on 2025-08-08 (count: 1)
Event: Test User on 2025-08-15 (count: 2)
Event: 2323 on 2025-08-15 (count: 2)
Event: Test User6 on 2025-08-20 (count: 1)
Event: Samuel Seo on 2025-08-21 (count: 1)
Event: Daniel Park on 2025-08-22 (count: 1)
Events found: 12
Time: 2025-08-21 12:52:16 - Start: 2025-08-01, End: 2025-08-31, Server: /Pet_Track_revise-3/functions/get-appointments.php?start=2025-08-01&end=2025-08-31
Count for 2025-08-07: 6
Count for 2025-08-08: 1
Count for 2025-08-15: 2
Count for 2025-08-20: 1
Count for 2025-08-21: 1
Count for 2025-08-22: 1
Event: mikay on 2025-08-07 (count: 6)
Event: uyan on 2025-08-07 (count: 6)
Event: odemil on 2025-08-07 (count: 6)
Event: sheryl on 2025-08-07 (count: 6)
Event: mikay on 2025-08-07 (count: 6)
Event: closherl on 2025-08-07 (count: 6)
Event: Maricar Bahala on 2025-08-08 (count: 1)
Event: Test User on 2025-08-15 (count: 2)
Event: 2323 on 2025-08-15 (count: 2)
Event: Test User6 on 2025-08-20 (count: 1)
Event: Samuel Seo on 2025-08-21 (count: 1)
Event: Daniel Park on 2025-08-22 (count: 1)
Events found: 12
Time: 2025-08-21 12:52:46 - Start: 2025-08-23, End: 2025-08-23, Server: /Pet_Track_revise-3/functions/get-appointments.php?start=2025-08-23&end=2025-08-23
Events found: 0
Script executed at 2025-08-21 12:52:46
Database connection successful.
Form data: Array
(
    [owner_name] => Shingen Yamazaki
    [contact_number] => 2322556123
    [appointment_date] => 2025-08-23
    [appointment_time] => 15:21:00
    [reason] => ewrrerer
)

Appointment logged: Guest Shingen Yamazaki booked an appointment on August 23, 2025 at 3:21 PM
Time: 2025-08-21 12:52:47 - Start: 2025-08-01, End: 2025-08-31, Server: /Pet_Track_revise-3/functions/get-appointments.php?start=2025-08-01&end=2025-08-31
Count for 2025-08-07: 6
Count for 2025-08-08: 1
Count for 2025-08-15: 2
Count for 2025-08-20: 1
Count for 2025-08-21: 1
Count for 2025-08-22: 1
Count for 2025-08-23: 1
Event: mikay on 2025-08-07 (count: 6)
Event: uyan on 2025-08-07 (count: 6)
Event: odemil on 2025-08-07 (count: 6)
Event: sheryl on 2025-08-07 (count: 6)
Event: mikay on 2025-08-07 (count: 6)
Event: closherl on 2025-08-07 (count: 6)
Event: Maricar Bahala on 2025-08-08 (count: 1)
Event: Test User on 2025-08-15 (count: 2)
Event: 2323 on 2025-08-15 (count: 2)
Event: Test User6 on 2025-08-20 (count: 1)
Event: Samuel Seo on 2025-08-21 (count: 1)
Event: Daniel Park on 2025-08-22 (count: 1)
Event: Shingen Yamazaki on 2025-08-23 (count: 1)
Events found: 13
Time: 2025-08-21 12:52:48 - Start: 2025-08-01, End: 2025-08-31, Server: /Pet_Track_revise-3/functions/get-appointments.php
Count for 2025-08-07: 6
Count for 2025-08-08: 1
Count for 2025-08-15: 2
Count for 2025-08-20: 1
Count for 2025-08-21: 1
Count for 2025-08-22: 1
Count for 2025-08-23: 1
Event: mikay on 2025-08-07 (count: 6)
Event: uyan on 2025-08-07 (count: 6)
Event: odemil on 2025-08-07 (count: 6)
Event: sheryl on 2025-08-07 (count: 6)
Event: mikay on 2025-08-07 (count: 6)
Event: closherl on 2025-08-07 (count: 6)
Event: Maricar Bahala on 2025-08-08 (count: 1)
Event: Test User on 2025-08-15 (count: 2)
Event: 2323 on 2025-08-15 (count: 2)
Event: Test User6 on 2025-08-20 (count: 1)
Event: Samuel Seo on 2025-08-21 (count: 1)
Event: Daniel Park on 2025-08-22 (count: 1)
Event: Shingen Yamazaki on 2025-08-23 (count: 1)
Events found: 13
Time: 2025-08-21 12:52:51 - Start: 2025-08-01, End: 2025-08-31, Server: /Pet_Track_revise-3/functions/get-appointments.php
Count for 2025-08-07: 6
Count for 2025-08-08: 1
Count for 2025-08-15: 2
Count for 2025-08-20: 1
Count for 2025-08-21: 1
Count for 2025-08-22: 1
Count for 2025-08-23: 1
Event: mikay on 2025-08-07 (count: 6)
Event: uyan on 2025-08-07 (count: 6)
Event: odemil on 2025-08-07 (count: 6)
Event: sheryl on 2025-08-07 (count: 6)
Event: mikay on 2025-08-07 (count: 6)
Event: closherl on 2025-08-07 (count: 6)
Event: Maricar Bahala on 2025-08-08 (count: 1)
Event: Test User on 2025-08-15 (count: 2)
Event: 2323 on 2025-08-15 (count: 2)
Event: Test User6 on 2025-08-20 (count: 1)
Event: Samuel Seo on 2025-08-21 (count: 1)
Event: Daniel Park on 2025-08-22 (count: 1)
Event: Shingen Yamazaki on 2025-08-23 (count: 1)
Events found: 13
Time: 2025-08-21 12:52:53 - Start: 2025-08-01, End: 2025-08-31, Server: /Pet_Track_revise-3/functions/get-appointments.php
Count for 2025-08-07: 6
Count for 2025-08-08: 1
Count for 2025-08-15: 2
Count for 2025-08-20: 1
Count for 2025-08-21: 1
Count for 2025-08-22: 1
Count for 2025-08-23: 1
Event: mikay on 2025-08-07 (count: 6)
Event: uyan on 2025-08-07 (count: 6)
Event: odemil on 2025-08-07 (count: 6)
Event: sheryl on 2025-08-07 (count: 6)
Event: mikay on 2025-08-07 (count: 6)
Event: closherl on 2025-08-07 (count: 6)
Event: Maricar Bahala on 2025-08-08 (count: 1)
Event: Test User on 2025-08-15 (count: 2)
Event: 2323 on 2025-08-15 (count: 2)
Event: Test User6 on 2025-08-20 (count: 1)
Event: Samuel Seo on 2025-08-21 (count: 1)
Event: Daniel Park on 2025-08-22 (count: 1)
Event: Shingen Yamazaki on 2025-08-23 (count: 1)
Events found: 13
Time: 2025-08-21 12:54:15 - Start: 2025-08-01, End: 2025-08-31, Server: /Pet_Track_revise-3/functions/get-appointments.php
Count for 2025-08-07: 6
Count for 2025-08-08: 1
Count for 2025-08-15: 2
Count for 2025-08-20: 1
Count for 2025-08-21: 1
Count for 2025-08-22: 1
Count for 2025-08-23: 1
Event: mikay on 2025-08-07 (count: 6)
Event: uyan on 2025-08-07 (count: 6)
Event: odemil on 2025-08-07 (count: 6)
Event: sheryl on 2025-08-07 (count: 6)
Event: mikay on 2025-08-07 (count: 6)
Event: closherl on 2025-08-07 (count: 6)
Event: Maricar Bahala on 2025-08-08 (count: 1)
Event: Test User on 2025-08-15 (count: 2)
Event: 2323 on 2025-08-15 (count: 2)
Event: Test User6 on 2025-08-20 (count: 1)
Event: Samuel Seo on 2025-08-21 (count: 1)
Event: Daniel Park on 2025-08-22 (count: 1)
Event: Shingen Yamazaki on 2025-08-23 (count: 1)
Events found: 13
Time: 2025-08-21 13:06:22 - Start: 2025-08-01, End: 2025-08-31, Server: /Pet_Track_revise-3/functions/get-appointments.php
Count for 2025-08-07: 6
Count for 2025-08-08: 1
Count for 2025-08-15: 2
Count for 2025-08-20: 1
Count for 2025-08-21: 1
Count for 2025-08-22: 1
Count for 2025-08-23: 1
Event: mikay on 2025-08-07 (count: 6)
Event: uyan on 2025-08-07 (count: 6)
Event: odemil on 2025-08-07 (count: 6)
Event: sheryl on 2025-08-07 (count: 6)
Event: mikay on 2025-08-07 (count: 6)
Event: closherl on 2025-08-07 (count: 6)
Event: Maricar Bahala on 2025-08-08 (count: 1)
Event: Test User on 2025-08-15 (count: 2)
Event: 2323 on 2025-08-15 (count: 2)
Event: Test User6 on 2025-08-20 (count: 1)
Event: Samuel Seo on 2025-08-21 (count: 1)
Event: Daniel Park on 2025-08-22 (count: 1)
Event: Shingen Yamazaki on 2025-08-23 (count: 1)
Events found: 13
Time: 2025-08-22 08:12:56 - Start: 2025-08-01, End: 2025-08-31, Server: /Pet_Track_revise-3/functions/get-appointments.php
Count for 2025-08-07: 6
Count for 2025-08-08: 1
Count for 2025-08-15: 2
Count for 2025-08-20: 1
Count for 2025-08-21: 1
Count for 2025-08-22: 1
Count for 2025-08-23: 1
Event: mikay on 2025-08-07 (count: 6)
Event: uyan on 2025-08-07 (count: 6)
Event: odemil on 2025-08-07 (count: 6)
Event: sheryl on 2025-08-07 (count: 6)
Event: mikay on 2025-08-07 (count: 6)
Event: closherl on 2025-08-07 (count: 6)
Event: Maricar Bahala on 2025-08-08 (count: 1)
Event: Test User on 2025-08-15 (count: 2)
Event: 2323 on 2025-08-15 (count: 2)
Event: Test User6 on 2025-08-20 (count: 1)
Event: Samuel Seo on 2025-08-21 (count: 1)
Event: Daniel Park on 2025-08-22 (count: 1)
Event: Shingen Yamazaki on 2025-08-23 (count: 1)
Events found: 13
Time: 2025-08-22 08:14:46 - Start: 2025-08-01, End: 2025-08-31, Server: /Pet_Track_revise-3/functions/get-appointments.php?start=2025-08-01&end=2025-08-31
Count for 2025-08-07: 6
Count for 2025-08-08: 1
Count for 2025-08-15: 2
Count for 2025-08-20: 1
Count for 2025-08-21: 1
Count for 2025-08-22: 1
Count for 2025-08-23: 1
Event: mikay on 2025-08-07 (count: 6)
Event: uyan on 2025-08-07 (count: 6)
Event: odemil on 2025-08-07 (count: 6)
Event: sheryl on 2025-08-07 (count: 6)
Event: mikay on 2025-08-07 (count: 6)
Event: closherl on 2025-08-07 (count: 6)
Event: Maricar Bahala on 2025-08-08 (count: 1)
Event: Test User on 2025-08-15 (count: 2)
Event: 2323 on 2025-08-15 (count: 2)
Event: Test User6 on 2025-08-20 (count: 1)
Event: Samuel Seo on 2025-08-21 (count: 1)
Event: Daniel Park on 2025-08-22 (count: 1)
Event: Shingen Yamazaki on 2025-08-23 (count: 1)
Events found: 13
Time: 2025-08-22 08:23:49 - Start: 2025-08-01, End: 2025-08-31, Server: /Pet_Track_revise-3/functions/get-appointments.php?start=2025-08-01&end=2025-08-31
Count for 2025-08-07: 6
Count for 2025-08-08: 1
Count for 2025-08-15: 2
Count for 2025-08-20: 1
Count for 2025-08-21: 1
Count for 2025-08-22: 1
Count for 2025-08-23: 1
Event: mikay on 2025-08-07 (count: 6)
Event: uyan on 2025-08-07 (count: 6)
Event: odemil on 2025-08-07 (count: 6)
Event: sheryl on 2025-08-07 (count: 6)
Event: mikay on 2025-08-07 (count: 6)
Event: closherl on 2025-08-07 (count: 6)
Event: Maricar Bahala on 2025-08-08 (count: 1)
Event: Test User on 2025-08-15 (count: 2)
Event: 2323 on 2025-08-15 (count: 2)
Event: Test User6 on 2025-08-20 (count: 1)
Event: Samuel Seo on 2025-08-21 (count: 1)
Event: Daniel Park on 2025-08-22 (count: 1)
Event: Shingen Yamazaki on 2025-08-23 (count: 1)
Events found: 13
Time: 2025-08-22 08:25:31 - Start: 2025-08-01, End: 2025-08-31, Server: /Pet_Track_revise-3/functions/get-appointments.php?start=2025-08-01&end=2025-08-31
Count for 2025-08-07: 6
Count for 2025-08-08: 1
Count for 2025-08-15: 2
Count for 2025-08-20: 1
Count for 2025-08-21: 1
Count for 2025-08-22: 1
Count for 2025-08-23: 1
Event: mikay on 2025-08-07 (count: 6)
Event: uyan on 2025-08-07 (count: 6)
Event: odemil on 2025-08-07 (count: 6)
Event: sheryl on 2025-08-07 (count: 6)
Event: mikay on 2025-08-07 (count: 6)
Event: closherl on 2025-08-07 (count: 6)
Event: Maricar Bahala on 2025-08-08 (count: 1)
Event: Test User on 2025-08-15 (count: 2)
Event: 2323 on 2025-08-15 (count: 2)
Event: Test User6 on 2025-08-20 (count: 1)
Event: Samuel Seo on 2025-08-21 (count: 1)
Event: Daniel Park on 2025-08-22 (count: 1)
Event: Shingen Yamazaki on 2025-08-23 (count: 1)
Events found: 13
Time: 2025-08-22 08:25:33 - Start: 2025-08-01, End: 2025-08-31, Server: /Pet_Track_revise-3/functions/get-appointments.php?start=2025-08-01&end=2025-08-31
Count for 2025-08-07: 6
Count for 2025-08-08: 1
Count for 2025-08-15: 2
Count for 2025-08-20: 1
Count for 2025-08-21: 1
Count for 2025-08-22: 1
Count for 2025-08-23: 1
Event: mikay on 2025-08-07 (count: 6)
Event: uyan on 2025-08-07 (count: 6)
Event: odemil on 2025-08-07 (count: 6)
Event: sheryl on 2025-08-07 (count: 6)
Event: mikay on 2025-08-07 (count: 6)
Event: closherl on 2025-08-07 (count: 6)
Event: Maricar Bahala on 2025-08-08 (count: 1)
Event: Test User on 2025-08-15 (count: 2)
Event: 2323 on 2025-08-15 (count: 2)
Event: Test User6 on 2025-08-20 (count: 1)
Event: Samuel Seo on 2025-08-21 (count: 1)
Event: Daniel Park on 2025-08-22 (count: 1)
Event: Shingen Yamazaki on 2025-08-23 (count: 1)
Events found: 13
Time: 2025-08-22 08:25:36 - Start: 2025-08-01, End: 2025-08-31, Server: /Pet_Track_revise-3/functions/get-appointments.php?start=2025-08-01&end=2025-08-31
Count for 2025-08-07: 6
Count for 2025-08-08: 1
Count for 2025-08-15: 2
Count for 2025-08-20: 1
Count for 2025-08-21: 1
Count for 2025-08-22: 1
Count for 2025-08-23: 1
Event: mikay on 2025-08-07 (count: 6)
Event: uyan on 2025-08-07 (count: 6)
Event: odemil on 2025-08-07 (count: 6)
Event: sheryl on 2025-08-07 (count: 6)
Event: mikay on 2025-08-07 (count: 6)
Event: closherl on 2025-08-07 (count: 6)
Event: Maricar Bahala on 2025-08-08 (count: 1)
Event: Test User on 2025-08-15 (count: 2)
Event: 2323 on 2025-08-15 (count: 2)
Event: Test User6 on 2025-08-20 (count: 1)
Event: Samuel Seo on 2025-08-21 (count: 1)
Event: Daniel Park on 2025-08-22 (count: 1)
Event: Shingen Yamazaki on 2025-08-23 (count: 1)
Events found: 13
Time: 2025-08-22 08:25:45 - Start: 2025-08-01, End: 2025-08-31, Server: /Pet_Track_revise-3/functions/get-appointments.php?start=2025-08-01&end=2025-08-31
Count for 2025-08-07: 6
Count for 2025-08-08: 1
Count for 2025-08-15: 2
Count for 2025-08-20: 1
Count for 2025-08-21: 1
Count for 2025-08-22: 1
Count for 2025-08-23: 1
Event: mikay on 2025-08-07 (count: 6)
Event: uyan on 2025-08-07 (count: 6)
Event: odemil on 2025-08-07 (count: 6)
Event: sheryl on 2025-08-07 (count: 6)
Event: mikay on 2025-08-07 (count: 6)
Event: closherl on 2025-08-07 (count: 6)
Event: Maricar Bahala on 2025-08-08 (count: 1)
Event: Test User on 2025-08-15 (count: 2)
Event: 2323 on 2025-08-15 (count: 2)
Event: Test User6 on 2025-08-20 (count: 1)
Event: Samuel Seo on 2025-08-21 (count: 1)
Event: Daniel Park on 2025-08-22 (count: 1)
Event: Shingen Yamazaki on 2025-08-23 (count: 1)
Events found: 13
Time: 2025-08-22 08:25:46 - Start: 2025-08-01, End: 2025-08-31, Server: /Pet_Track_revise-3/functions/get-appointments.php?start=2025-08-01&end=2025-08-31
Count for 2025-08-07: 6
Count for 2025-08-08: 1
Count for 2025-08-15: 2
Count for 2025-08-20: 1
Count for 2025-08-21: 1
Count for 2025-08-22: 1
Count for 2025-08-23: 1
Event: mikay on 2025-08-07 (count: 6)
Event: uyan on 2025-08-07 (count: 6)
Event: odemil on 2025-08-07 (count: 6)
Event: sheryl on 2025-08-07 (count: 6)
Event: mikay on 2025-08-07 (count: 6)
Event: closherl on 2025-08-07 (count: 6)
Event: Maricar Bahala on 2025-08-08 (count: 1)
Event: Test User on 2025-08-15 (count: 2)
Event: 2323 on 2025-08-15 (count: 2)
Event: Test User6 on 2025-08-20 (count: 1)
Event: Samuel Seo on 2025-08-21 (count: 1)
Event: Daniel Park on 2025-08-22 (count: 1)
Event: Shingen Yamazaki on 2025-08-23 (count: 1)
Events found: 13
Time: 2025-08-22 08:25:46 - Start: 2025-08-01, End: 2025-08-31, Server: /Pet_Track_revise-3/functions/get-appointments.php?start=2025-08-01&end=2025-08-31
Count for 2025-08-07: 6
Count for 2025-08-08: 1
Count for 2025-08-15: 2
Count for 2025-08-20: 1
Count for 2025-08-21: 1
Count for 2025-08-22: 1
Count for 2025-08-23: 1
Event: mikay on 2025-08-07 (count: 6)
Event: uyan on 2025-08-07 (count: 6)
Event: odemil on 2025-08-07 (count: 6)
Event: sheryl on 2025-08-07 (count: 6)
Event: mikay on 2025-08-07 (count: 6)
Event: closherl on 2025-08-07 (count: 6)
Event: Maricar Bahala on 2025-08-08 (count: 1)
Event: Test User on 2025-08-15 (count: 2)
Event: 2323 on 2025-08-15 (count: 2)
Event: Test User6 on 2025-08-20 (count: 1)
Event: Samuel Seo on 2025-08-21 (count: 1)
Event: Daniel Park on 2025-08-22 (count: 1)
Event: Shingen Yamazaki on 2025-08-23 (count: 1)
Events found: 13
Time: 2025-08-22 08:25:50 - Start: 2025-08-01, End: 2025-08-31, Server: /Pet_Track_revise-3/functions/get-appointments.php?start=2025-08-01&end=2025-08-31
Count for 2025-08-07: 6
Count for 2025-08-08: 1
Count for 2025-08-15: 2
Count for 2025-08-20: 1
Count for 2025-08-21: 1
Count for 2025-08-22: 1
Count for 2025-08-23: 1
Event: mikay on 2025-08-07 (count: 6)
Event: uyan on 2025-08-07 (count: 6)
Event: odemil on 2025-08-07 (count: 6)
Event: sheryl on 2025-08-07 (count: 6)
Event: mikay on 2025-08-07 (count: 6)
Event: closherl on 2025-08-07 (count: 6)
Event: Maricar Bahala on 2025-08-08 (count: 1)
Event: Test User on 2025-08-15 (count: 2)
Event: 2323 on 2025-08-15 (count: 2)
Event: Test User6 on 2025-08-20 (count: 1)
Event: Samuel Seo on 2025-08-21 (count: 1)
Event: Daniel Park on 2025-08-22 (count: 1)
Event: Shingen Yamazaki on 2025-08-23 (count: 1)
Events found: 13
Time: 2025-08-22 08:57:04 - Start: 2025-08-01, End: 2025-08-31, Server: /Pet_Track_revise-3/functions/get-appointments.php
Count for 2025-08-07: 6
Count for 2025-08-08: 1
Count for 2025-08-15: 2
Count for 2025-08-20: 1
Count for 2025-08-21: 1
Count for 2025-08-22: 1
Count for 2025-08-23: 1
Event: mikay on 2025-08-07 (count: 6)
Event: uyan on 2025-08-07 (count: 6)
Event: odemil on 2025-08-07 (count: 6)
Event: sheryl on 2025-08-07 (count: 6)
Event: mikay on 2025-08-07 (count: 6)
Event: closherl on 2025-08-07 (count: 6)
Event: Maricar Bahala on 2025-08-08 (count: 1)
Event: Test User on 2025-08-15 (count: 2)
Event: 2323 on 2025-08-15 (count: 2)
Event: Test User6 on 2025-08-20 (count: 1)
Event: Samuel Seo on 2025-08-21 (count: 1)
Event: Daniel Park on 2025-08-22 (count: 1)
Event: Shingen Yamazaki on 2025-08-23 (count: 1)
Events found: 13
Time: 2025-08-22 08:57:56 - Start: 2025-08-01, End: 2025-08-31, Server: /Pet_Track_revise-3/functions/get-appointments.php?start=2025-08-01&end=2025-08-31
Count for 2025-08-07: 6
Count for 2025-08-08: 1
Count for 2025-08-15: 2
Count for 2025-08-20: 1
Count for 2025-08-21: 1
Count for 2025-08-22: 1
Count for 2025-08-23: 1
Event: mikay on 2025-08-07 (count: 6)
Event: uyan on 2025-08-07 (count: 6)
Event: odemil on 2025-08-07 (count: 6)
Event: sheryl on 2025-08-07 (count: 6)
Event: mikay on 2025-08-07 (count: 6)
Event: closherl on 2025-08-07 (count: 6)
Event: Maricar Bahala on 2025-08-08 (count: 1)
Event: Test User on 2025-08-15 (count: 2)
Event: 2323 on 2025-08-15 (count: 2)
Event: Test User6 on 2025-08-20 (count: 1)
Event: Samuel Seo on 2025-08-21 (count: 1)
Event: Daniel Park on 2025-08-22 (count: 1)
Event: Shingen Yamazaki on 2025-08-23 (count: 1)
Events found: 13
Time: 2025-08-22 09:55:42 - Start: 2025-08-01, End: 2025-08-31, Server: /Pet_Track_revise-3/functions/get-appointments.php
Count for 2025-08-07: 6
Count for 2025-08-08: 1
Count for 2025-08-15: 2
Count for 2025-08-20: 1
Count for 2025-08-21: 1
Count for 2025-08-22: 1
Count for 2025-08-23: 1
Event: mikay on 2025-08-07 (count: 6)
Event: uyan on 2025-08-07 (count: 6)
Event: odemil on 2025-08-07 (count: 6)
Event: sheryl on 2025-08-07 (count: 6)
Event: mikay on 2025-08-07 (count: 6)
Event: closherl on 2025-08-07 (count: 6)
Event: Maricar Bahala on 2025-08-08 (count: 1)
Event: Test User on 2025-08-15 (count: 2)
Event: 2323 on 2025-08-15 (count: 2)
Event: Test User6 on 2025-08-20 (count: 1)
Event: Samuel Seo on 2025-08-21 (count: 1)
Event: Daniel Park on 2025-08-22 (count: 1)
Event: Shingen Yamazaki on 2025-08-23 (count: 1)
Events found: 13
Time: 2025-08-22 09:56:20 - Start: 2025-08-01, End: 2025-08-31, Server: /Pet_Track_revise-3/functions/get-appointments.php?start=2025-08-01&end=2025-08-31
Count for 2025-08-07: 6
Count for 2025-08-08: 1
Count for 2025-08-15: 2
Count for 2025-08-20: 1
Count for 2025-08-21: 1
Count for 2025-08-22: 1
Count for 2025-08-23: 1
Event: mikay on 2025-08-07 (count: 6)
Event: uyan on 2025-08-07 (count: 6)
Event: odemil on 2025-08-07 (count: 6)
Event: sheryl on 2025-08-07 (count: 6)
Event: mikay on 2025-08-07 (count: 6)
Event: closherl on 2025-08-07 (count: 6)
Event: Maricar Bahala on 2025-08-08 (count: 1)
Event: Test User on 2025-08-15 (count: 2)
Event: 2323 on 2025-08-15 (count: 2)
Event: Test User6 on 2025-08-20 (count: 1)
Event: Samuel Seo on 2025-08-21 (count: 1)
Event: Daniel Park on 2025-08-22 (count: 1)
Event: Shingen Yamazaki on 2025-08-23 (count: 1)
Events found: 13
Time: 2025-08-24 10:25:56 - Start: 2025-08-01, End: 2025-08-31, Server: /Pet_Track_revise-3/functions/get-appointments.php
Count for 2025-08-07: 6
Count for 2025-08-08: 1
Count for 2025-08-15: 2
Count for 2025-08-20: 1
Count for 2025-08-21: 1
Count for 2025-08-22: 1
Count for 2025-08-23: 1
Event: mikay on 2025-08-07 (count: 6)
Event: uyan on 2025-08-07 (count: 6)
Event: odemil on 2025-08-07 (count: 6)
Event: sheryl on 2025-08-07 (count: 6)
Event: mikay on 2025-08-07 (count: 6)
Event: closherl on 2025-08-07 (count: 6)
Event: Maricar Bahala on 2025-08-08 (count: 1)
Event: Test User on 2025-08-15 (count: 2)
Event: 2323 on 2025-08-15 (count: 2)
Event: Test User6 on 2025-08-20 (count: 1)
Event: Samuel Seo on 2025-08-21 (count: 1)
Event: Daniel Park on 2025-08-22 (count: 1)
Event: Shingen Yamazaki on 2025-08-23 (count: 1)
Events found: 13
Time: 2025-08-24 11:20:02 - Start: 2025-08-01, End: 2025-08-31, Server: /Pet_Track_revise-3/functions/get-appointments.php
Count for 2025-08-07: 6
Count for 2025-08-08: 1
Count for 2025-08-15: 2
Count for 2025-08-20: 1
Count for 2025-08-21: 1
Count for 2025-08-22: 1
Count for 2025-08-23: 1
Event: mikay on 2025-08-07 (count: 6)
Event: uyan on 2025-08-07 (count: 6)
Event: odemil on 2025-08-07 (count: 6)
Event: sheryl on 2025-08-07 (count: 6)
Event: mikay on 2025-08-07 (count: 6)
Event: closherl on 2025-08-07 (count: 6)
Event: Maricar Bahala on 2025-08-08 (count: 1)
Event: Test User on 2025-08-15 (count: 2)
Event: 2323 on 2025-08-15 (count: 2)
Event: Test User6 on 2025-08-20 (count: 1)
Event: Samuel Seo on 2025-08-21 (count: 1)
Event: Daniel Park on 2025-08-22 (count: 1)
Event: Shingen Yamazaki on 2025-08-23 (count: 1)
Events found: 13
Time: 2025-08-24 11:21:42 - Start: 2025-08-01, End: 2025-08-31, Server: /Pet_Track_revise-3/functions/get-appointments.php
Count for 2025-08-07: 6
Count for 2025-08-08: 1
Count for 2025-08-15: 2
Count for 2025-08-20: 1
Count for 2025-08-21: 1
Count for 2025-08-22: 1
Count for 2025-08-23: 1
Event: mikay on 2025-08-07 (count: 6)
Event: uyan on 2025-08-07 (count: 6)
Event: odemil on 2025-08-07 (count: 6)
Event: sheryl on 2025-08-07 (count: 6)
Event: mikay on 2025-08-07 (count: 6)
Event: closherl on 2025-08-07 (count: 6)
Event: Maricar Bahala on 2025-08-08 (count: 1)
Event: Test User on 2025-08-15 (count: 2)
Event: 2323 on 2025-08-15 (count: 2)
Event: Test User6 on 2025-08-20 (count: 1)
Event: Samuel Seo on 2025-08-21 (count: 1)
Event: Daniel Park on 2025-08-22 (count: 1)
Event: Shingen Yamazaki on 2025-08-23 (count: 1)
Events found: 13
Time: 2025-08-24 11:21:49 - Start: 2025-08-01, End: 2025-08-31, Server: /Pet_Track_revise-3/functions/get-appointments.php
Count for 2025-08-07: 6
Count for 2025-08-08: 1
Count for 2025-08-15: 2
Count for 2025-08-20: 1
Count for 2025-08-21: 1
Count for 2025-08-22: 1
Count for 2025-08-23: 1
Event: mikay on 2025-08-07 (count: 6)
Event: uyan on 2025-08-07 (count: 6)
Event: odemil on 2025-08-07 (count: 6)
Event: sheryl on 2025-08-07 (count: 6)
Event: mikay on 2025-08-07 (count: 6)
Event: closherl on 2025-08-07 (count: 6)
Event: Maricar Bahala on 2025-08-08 (count: 1)
Event: Test User on 2025-08-15 (count: 2)
Event: 2323 on 2025-08-15 (count: 2)
Event: Test User6 on 2025-08-20 (count: 1)
Event: Samuel Seo on 2025-08-21 (count: 1)
Event: Daniel Park on 2025-08-22 (count: 1)
Event: Shingen Yamazaki on 2025-08-23 (count: 1)
Events found: 13
Time: 2025-08-24 11:21:51 - Start: 2025-08-01, End: 2025-08-31, Server: /Pet_Track_revise-3/functions/get-appointments.php
Count for 2025-08-07: 6
Count for 2025-08-08: 1
Count for 2025-08-15: 2
Count for 2025-08-20: 1
Count for 2025-08-21: 1
Count for 2025-08-22: 1
Count for 2025-08-23: 1
Event: mikay on 2025-08-07 (count: 6)
Event: uyan on 2025-08-07 (count: 6)
Event: odemil on 2025-08-07 (count: 6)
Event: sheryl on 2025-08-07 (count: 6)
Event: mikay on 2025-08-07 (count: 6)
Event: closherl on 2025-08-07 (count: 6)
Event: Maricar Bahala on 2025-08-08 (count: 1)
Event: Test User on 2025-08-15 (count: 2)
Event: 2323 on 2025-08-15 (count: 2)
Event: Test User6 on 2025-08-20 (count: 1)
Event: Samuel Seo on 2025-08-21 (count: 1)
Event: Daniel Park on 2025-08-22 (count: 1)
Event: Shingen Yamazaki on 2025-08-23 (count: 1)
Events found: 13
Time: 2025-08-24 11:22:08 - Start: 2025-08-01, End: 2025-08-31, Server: /Pet_Track_revise-3/functions/get-appointments.php?start=2025-08-01&end=2025-08-31
Count for 2025-08-07: 6
Count for 2025-08-08: 1
Count for 2025-08-15: 2
Count for 2025-08-20: 1
Count for 2025-08-21: 1
Count for 2025-08-22: 1
Count for 2025-08-23: 1
Event: mikay on 2025-08-07 (count: 6)
Event: uyan on 2025-08-07 (count: 6)
Event: odemil on 2025-08-07 (count: 6)
Event: sheryl on 2025-08-07 (count: 6)
Event: mikay on 2025-08-07 (count: 6)
Event: closherl on 2025-08-07 (count: 6)
Event: Maricar Bahala on 2025-08-08 (count: 1)
Event: Test User on 2025-08-15 (count: 2)
Event: 2323 on 2025-08-15 (count: 2)
Event: Test User6 on 2025-08-20 (count: 1)
Event: Samuel Seo on 2025-08-21 (count: 1)
Event: Daniel Park on 2025-08-22 (count: 1)
Event: Shingen Yamazaki on 2025-08-23 (count: 1)
Events found: 13
Time: 2025-08-24 11:22:09 - Start: 2025-08-01, End: 2025-08-31, Server: /Pet_Track_revise-3/functions/get-appointments.php?start=2025-08-01&end=2025-08-31
Count for 2025-08-07: 6
Count for 2025-08-08: 1
Count for 2025-08-15: 2
Count for 2025-08-20: 1
Count for 2025-08-21: 1
Count for 2025-08-22: 1
Count for 2025-08-23: 1
Event: mikay on 2025-08-07 (count: 6)
Event: uyan on 2025-08-07 (count: 6)
Event: odemil on 2025-08-07 (count: 6)
Event: sheryl on 2025-08-07 (count: 6)
Event: mikay on 2025-08-07 (count: 6)
Event: closherl on 2025-08-07 (count: 6)
Event: Maricar Bahala on 2025-08-08 (count: 1)
Event: Test User on 2025-08-15 (count: 2)
Event: 2323 on 2025-08-15 (count: 2)
Event: Test User6 on 2025-08-20 (count: 1)
Event: Samuel Seo on 2025-08-21 (count: 1)
Event: Daniel Park on 2025-08-22 (count: 1)
Event: Shingen Yamazaki on 2025-08-23 (count: 1)
Events found: 13
Time: 2025-08-24 11:30:24 - Start: 2025-08-01, End: 2025-08-31, Server: /Pet_Track_revise-3/functions/get-appointments.php?start=2025-08-01&end=2025-08-31
Count for 2025-08-07: 6
Count for 2025-08-08: 1
Count for 2025-08-15: 2
Count for 2025-08-20: 1
Count for 2025-08-21: 1
Count for 2025-08-22: 1
Count for 2025-08-23: 1
Event: mikay on 2025-08-07 (count: 6)
Event: uyan on 2025-08-07 (count: 6)
Event: odemil on 2025-08-07 (count: 6)
Event: sheryl on 2025-08-07 (count: 6)
Event: mikay on 2025-08-07 (count: 6)
Event: closherl on 2025-08-07 (count: 6)
Event: Maricar Bahala on 2025-08-08 (count: 1)
Event: Test User on 2025-08-15 (count: 2)
Event: 2323 on 2025-08-15 (count: 2)
Event: Test User6 on 2025-08-20 (count: 1)
Event: Samuel Seo on 2025-08-21 (count: 1)
Event: Daniel Park on 2025-08-22 (count: 1)
Event: Shingen Yamazaki on 2025-08-23 (count: 1)
Events found: 13
Time: 2025-08-24 11:30:25 - Start: 2025-08-01, End: 2025-08-31, Server: /Pet_Track_revise-3/functions/get-appointments.php?start=2025-08-01&end=2025-08-31
Count for 2025-08-07: 6
Count for 2025-08-08: 1
Count for 2025-08-15: 2
Count for 2025-08-20: 1
Count for 2025-08-21: 1
Count for 2025-08-22: 1
Count for 2025-08-23: 1
Event: mikay on 2025-08-07 (count: 6)
Event: uyan on 2025-08-07 (count: 6)
Event: odemil on 2025-08-07 (count: 6)
Event: sheryl on 2025-08-07 (count: 6)
Event: mikay on 2025-08-07 (count: 6)
Event: closherl on 2025-08-07 (count: 6)
Event: Maricar Bahala on 2025-08-08 (count: 1)
Event: Test User on 2025-08-15 (count: 2)
Event: 2323 on 2025-08-15 (count: 2)
Event: Test User6 on 2025-08-20 (count: 1)
Event: Samuel Seo on 2025-08-21 (count: 1)
Event: Daniel Park on 2025-08-22 (count: 1)
Event: Shingen Yamazaki on 2025-08-23 (count: 1)
Events found: 13
Time: 2025-08-24 11:34:13 - Start: 2025-08-01, End: 2025-08-31, Server: /Pet_Track_revise-3/functions/get-appointments.php
Count for 2025-08-07: 6
Count for 2025-08-08: 1
Count for 2025-08-15: 2
Count for 2025-08-20: 1
Count for 2025-08-21: 1
Count for 2025-08-22: 1
Count for 2025-08-23: 1
Event: mikay on 2025-08-07 (count: 6)
Event: uyan on 2025-08-07 (count: 6)
Event: odemil on 2025-08-07 (count: 6)
Event: sheryl on 2025-08-07 (count: 6)
Event: mikay on 2025-08-07 (count: 6)
Event: closherl on 2025-08-07 (count: 6)
Event: Maricar Bahala on 2025-08-08 (count: 1)
Event: Test User on 2025-08-15 (count: 2)
Event: 2323 on 2025-08-15 (count: 2)
Event: Test User6 on 2025-08-20 (count: 1)
Event: Samuel Seo on 2025-08-21 (count: 1)
Event: Daniel Park on 2025-08-22 (count: 1)
Event: Shingen Yamazaki on 2025-08-23 (count: 1)
Events found: 13
Time: 2025-08-24 11:34:16 - Start: 2025-08-01, End: 2025-08-31, Server: /Pet_Track_revise-3/functions/get-appointments.php
Count for 2025-08-07: 6
Count for 2025-08-08: 1
Count for 2025-08-15: 2
Count for 2025-08-20: 1
Count for 2025-08-21: 1
Count for 2025-08-22: 1
Count for 2025-08-23: 1
Event: mikay on 2025-08-07 (count: 6)
Event: uyan on 2025-08-07 (count: 6)
Event: odemil on 2025-08-07 (count: 6)
Event: sheryl on 2025-08-07 (count: 6)
Event: mikay on 2025-08-07 (count: 6)
Event: closherl on 2025-08-07 (count: 6)
Event: Maricar Bahala on 2025-08-08 (count: 1)
Event: Test User on 2025-08-15 (count: 2)
Event: 2323 on 2025-08-15 (count: 2)
Event: Test User6 on 2025-08-20 (count: 1)
Event: Samuel Seo on 2025-08-21 (count: 1)
Event: Daniel Park on 2025-08-22 (count: 1)
Event: Shingen Yamazaki on 2025-08-23 (count: 1)
Events found: 13
Time: 2025-08-24 11:34:23 - Start: 2025-08-01, End: 2025-08-31, Server: /Pet_Track_revise-3/functions/get-appointments.php
Count for 2025-08-07: 6
Count for 2025-08-08: 1
Count for 2025-08-15: 2
Count for 2025-08-20: 1
Count for 2025-08-21: 1
Count for 2025-08-22: 1
Count for 2025-08-23: 1
Event: mikay on 2025-08-07 (count: 6)
Event: uyan on 2025-08-07 (count: 6)
Event: odemil on 2025-08-07 (count: 6)
Event: sheryl on 2025-08-07 (count: 6)
Event: mikay on 2025-08-07 (count: 6)
Event: closherl on 2025-08-07 (count: 6)
Event: Maricar Bahala on 2025-08-08 (count: 1)
Event: Test User on 2025-08-15 (count: 2)
Event: 2323 on 2025-08-15 (count: 2)
Event: Test User6 on 2025-08-20 (count: 1)
Event: Samuel Seo on 2025-08-21 (count: 1)
Event: Daniel Park on 2025-08-22 (count: 1)
Event: Shingen Yamazaki on 2025-08-23 (count: 1)
Events found: 13
Time: 2025-08-24 11:36:24 - Start: 2025-08-01, End: 2025-08-31, Server: /Pet_Track_revise-3/functions/get-appointments.php?start=2025-08-01&end=2025-08-31
Count for 2025-08-07: 6
Count for 2025-08-08: 1
Count for 2025-08-15: 2
Count for 2025-08-20: 1
Count for 2025-08-21: 1
Count for 2025-08-22: 1
Count for 2025-08-23: 1
Event: mikay on 2025-08-07 (count: 6)
Event: uyan on 2025-08-07 (count: 6)
Event: odemil on 2025-08-07 (count: 6)
Event: sheryl on 2025-08-07 (count: 6)
Event: mikay on 2025-08-07 (count: 6)
Event: closherl on 2025-08-07 (count: 6)
Event: Maricar Bahala on 2025-08-08 (count: 1)
Event: Test User on 2025-08-15 (count: 2)
Event: 2323 on 2025-08-15 (count: 2)
Event: Test User6 on 2025-08-20 (count: 1)
Event: Samuel Seo on 2025-08-21 (count: 1)
Event: Daniel Park on 2025-08-22 (count: 1)
Event: Shingen Yamazaki on 2025-08-23 (count: 1)
Events found: 13
Time: 2025-08-24 11:36:55 - Start: 2025-08-01, End: 2025-08-31, Server: /Pet_Track_revise-3/functions/get-appointments.php
Count for 2025-08-07: 6
Count for 2025-08-08: 1
Count for 2025-08-15: 2
Count for 2025-08-20: 1
Count for 2025-08-21: 1
Count for 2025-08-22: 1
Count for 2025-08-23: 1
Event: mikay on 2025-08-07 (count: 6)
Event: uyan on 2025-08-07 (count: 6)
Event: odemil on 2025-08-07 (count: 6)
Event: sheryl on 2025-08-07 (count: 6)
Event: mikay on 2025-08-07 (count: 6)
Event: closherl on 2025-08-07 (count: 6)
Event: Maricar Bahala on 2025-08-08 (count: 1)
Event: Test User on 2025-08-15 (count: 2)
Event: 2323 on 2025-08-15 (count: 2)
Event: Test User6 on 2025-08-20 (count: 1)
Event: Samuel Seo on 2025-08-21 (count: 1)
Event: Daniel Park on 2025-08-22 (count: 1)
Event: Shingen Yamazaki on 2025-08-23 (count: 1)
Events found: 13
Time: 2025-08-24 11:36:57 - Start: 2025-08-01, End: 2025-08-31, Server: /Pet_Track_revise-3/functions/get-appointments.php
Count for 2025-08-07: 6
Count for 2025-08-08: 1
Count for 2025-08-15: 2
Count for 2025-08-20: 1
Count for 2025-08-21: 1
Count for 2025-08-22: 1
Count for 2025-08-23: 1
Event: mikay on 2025-08-07 (count: 6)
Event: uyan on 2025-08-07 (count: 6)
Event: odemil on 2025-08-07 (count: 6)
Event: sheryl on 2025-08-07 (count: 6)
Event: mikay on 2025-08-07 (count: 6)
Event: closherl on 2025-08-07 (count: 6)
Event: Maricar Bahala on 2025-08-08 (count: 1)
Event: Test User on 2025-08-15 (count: 2)
Event: 2323 on 2025-08-15 (count: 2)
Event: Test User6 on 2025-08-20 (count: 1)
Event: Samuel Seo on 2025-08-21 (count: 1)
Event: Daniel Park on 2025-08-22 (count: 1)
Event: Shingen Yamazaki on 2025-08-23 (count: 1)
Events found: 13
Time: 2025-08-24 11:36:59 - Start: 2025-08-01, End: 2025-08-31, Server: /Pet_Track_revise-3/functions/get-appointments.php?start=2025-08-01&end=2025-08-31
Count for 2025-08-07: 6
Count for 2025-08-08: 1
Count for 2025-08-15: 2
Count for 2025-08-20: 1
Count for 2025-08-21: 1
Count for 2025-08-22: 1
Count for 2025-08-23: 1
Event: mikay on 2025-08-07 (count: 6)
Event: uyan on 2025-08-07 (count: 6)
Event: odemil on 2025-08-07 (count: 6)
Event: sheryl on 2025-08-07 (count: 6)
Event: mikay on 2025-08-07 (count: 6)
Event: closherl on 2025-08-07 (count: 6)
Event: Maricar Bahala on 2025-08-08 (count: 1)
Event: Test User on 2025-08-15 (count: 2)
Event: 2323 on 2025-08-15 (count: 2)
Event: Test User6 on 2025-08-20 (count: 1)
Event: Samuel Seo on 2025-08-21 (count: 1)
Event: Daniel Park on 2025-08-22 (count: 1)
Event: Shingen Yamazaki on 2025-08-23 (count: 1)
Events found: 13
Time: 2025-08-24 11:37:19 - Start: 2025-08-01, End: 2025-08-31, Server: /Pet_Track_revise-3/functions/get-appointments.php
Count for 2025-08-07: 6
Count for 2025-08-08: 1
Count for 2025-08-15: 2
Count for 2025-08-20: 1
Count for 2025-08-21: 1
Count for 2025-08-22: 1
Count for 2025-08-23: 1
Event: mikay on 2025-08-07 (count: 6)
Event: uyan on 2025-08-07 (count: 6)
Event: odemil on 2025-08-07 (count: 6)
Event: sheryl on 2025-08-07 (count: 6)
Event: mikay on 2025-08-07 (count: 6)
Event: closherl on 2025-08-07 (count: 6)
Event: Maricar Bahala on 2025-08-08 (count: 1)
Event: Test User on 2025-08-15 (count: 2)
Event: 2323 on 2025-08-15 (count: 2)
Event: Test User6 on 2025-08-20 (count: 1)
Event: Samuel Seo on 2025-08-21 (count: 1)
Event: Daniel Park on 2025-08-22 (count: 1)
Event: Shingen Yamazaki on 2025-08-23 (count: 1)
Events found: 13
Time: 2025-08-24 11:37:26 - Start: 2025-08-01, End: 2025-08-31, Server: /Pet_Track_revise-3/functions/get-appointments.php
Count for 2025-08-07: 6
Count for 2025-08-08: 1
Count for 2025-08-15: 2
Count for 2025-08-20: 1
Count for 2025-08-21: 1
Count for 2025-08-22: 1
Count for 2025-08-23: 1
Event: mikay on 2025-08-07 (count: 6)
Event: uyan on 2025-08-07 (count: 6)
Event: odemil on 2025-08-07 (count: 6)
Event: sheryl on 2025-08-07 (count: 6)
Event: mikay on 2025-08-07 (count: 6)
Event: closherl on 2025-08-07 (count: 6)
Event: Maricar Bahala on 2025-08-08 (count: 1)
Event: Test User on 2025-08-15 (count: 2)
Event: 2323 on 2025-08-15 (count: 2)
Event: Test User6 on 2025-08-20 (count: 1)
Event: Samuel Seo on 2025-08-21 (count: 1)
Event: Daniel Park on 2025-08-22 (count: 1)
Event: Shingen Yamazaki on 2025-08-23 (count: 1)
Events found: 13
Time: 2025-08-24 11:51:53 - Start: 2025-08-01, End: 2025-08-31, Server: /Pet_Track_revise-3/functions/get-appointments.php
Count for 2025-08-07: 6
Count for 2025-08-08: 1
Count for 2025-08-15: 2
Count for 2025-08-20: 1
Count for 2025-08-21: 1
Count for 2025-08-22: 1
Count for 2025-08-23: 1
Event: mikay on 2025-08-07 (count: 6)
Event: uyan on 2025-08-07 (count: 6)
Event: odemil on 2025-08-07 (count: 6)
Event: sheryl on 2025-08-07 (count: 6)
Event: mikay on 2025-08-07 (count: 6)
Event: closherl on 2025-08-07 (count: 6)
Event: Maricar Bahala on 2025-08-08 (count: 1)
Event: Test User on 2025-08-15 (count: 2)
Event: 2323 on 2025-08-15 (count: 2)
Event: Test User6 on 2025-08-20 (count: 1)
Event: Samuel Seo on 2025-08-21 (count: 1)
Event: Daniel Park on 2025-08-22 (count: 1)
Event: Shingen Yamazaki on 2025-08-23 (count: 1)
Events found: 13
Script executed at 2025-08-24 11:52:19
Database connection successful.
Form data: Array
(
    [owner_name] => shikoy2
    [contact_number] => 192912398019
    [appointment_date] => 2025-08-30
    [appointment_time] => 14:12:00
    [reason] => Checkup
)

Appointment logged: Guest shikoy2 booked an appointment on August 30, 2025 at 2:12 PM
Time: 2025-08-24 11:52:21 - Start: 2025-08-01, End: 2025-08-31, Server: /Pet_Track_revise-3/functions/get-appointments.php
Count for 2025-08-07: 6
Count for 2025-08-08: 1
Count for 2025-08-15: 2
Count for 2025-08-20: 1
Count for 2025-08-21: 1
Count for 2025-08-22: 1
Count for 2025-08-23: 1
Count for 2025-08-30: 1
Event: mikay on 2025-08-07 (count: 6)
Event: uyan on 2025-08-07 (count: 6)
Event: odemil on 2025-08-07 (count: 6)
Event: sheryl on 2025-08-07 (count: 6)
Event: mikay on 2025-08-07 (count: 6)
Event: closherl on 2025-08-07 (count: 6)
Event: Maricar Bahala on 2025-08-08 (count: 1)
Event: Test User on 2025-08-15 (count: 2)
Event: 2323 on 2025-08-15 (count: 2)
Event: Test User6 on 2025-08-20 (count: 1)
Event: Samuel Seo on 2025-08-21 (count: 1)
Event: Daniel Park on 2025-08-22 (count: 1)
Event: Shingen Yamazaki on 2025-08-23 (count: 1)
Event: shikoy2 on 2025-08-30 (count: 1)
Events found: 14
Time: 2025-08-24 12:20:06 - Start: 2025-08-29, End: 2025-08-29, Server: /Pet_Track_revise-3/functions/get-appointments.php?start=2025-08-29&end=2025-08-29
Events found: 0
Time: 2025-08-24 12:20:06 - Start: 2025-08-29, End: 2025-08-29, Server: /Pet_Track_revise-3/functions/get-appointments.php?start=2025-08-29&end=2025-08-29
Events found: 0
Time: 2025-08-24 12:20:07 - Start: 2025-09-12, End: 2025-09-12, Server: /Pet_Track_revise-3/functions/get-appointments.php?start=2025-09-12&end=2025-09-12
Events found: 0
Time: 2025-08-24 12:20:31 - Start: 2025-09-12, End: 2025-09-12, Server: /Pet_Track_revise-3/functions/get-appointments.php?start=2025-09-12&end=2025-09-12
Events found: 0
Time: 2025-08-24 12:20:31 - Start: 2025-09-12, End: 2025-09-12, Server: /Pet_Track_revise-3/functions/get-appointments.php?start=2025-09-12&end=2025-09-12
Events found: 0
Time: 2025-08-24 12:20:31 - Start: 2025-09-12, End: 2025-09-12, Server: /Pet_Track_revise-3/functions/get-appointments.php?start=2025-09-12&end=2025-09-12
Events found: 0
Time: 2025-08-24 12:20:31 - Start: 2025-09-12, End: 2025-09-12, Server: /Pet_Track_revise-3/functions/get-appointments.php?start=2025-09-12&end=2025-09-12
Events found: 0
Time: 2025-08-24 12:20:31 - Start: 2025-09-12, End: 2025-09-12, Server: /Pet_Track_revise-3/functions/get-appointments.php?start=2025-09-12&end=2025-09-12
Events found: 0
Time: 2025-08-24 12:20:40 - Start: 2025-09-12, End: 2025-09-12, Server: /Pet_Track_revise-3/functions/get-appointments.php?start=2025-09-12&end=2025-09-12
Events found: 0
Time: 2025-08-24 12:20:40 - Start: 2025-09-12, End: 2025-09-12, Server: /Pet_Track_revise-3/functions/get-appointments.php?start=2025-09-12&end=2025-09-12
Events found: 0
Time: 2025-08-24 12:20:50 - Start: 2025-09-12, End: 2025-09-12, Server: /Pet_Track_revise-3/functions/get-appointments.php?start=2025-09-12&end=2025-09-12
Events found: 0
Script executed at 2025-08-24 12:20:51
Database connection successful.
Form data: Array
(
    [owner_name] => tikoy
    [contact_number] => 232323512123
    [appointment_date] => 2025-09-12
    [appointment_time] => 14:00:00
    [reason] => Checkup
)

Appointment logged: Guest tikoy booked an appointment on September 12, 2025 at 2:00 PM
Time: 2025-08-24 12:20:58 - Start: 2025-08-01, End: 2025-08-31, Server: /Pet_Track_revise-3/functions/get-appointments.php
Count for 2025-08-07: 6
Count for 2025-08-08: 1
Count for 2025-08-15: 2
Count for 2025-08-20: 1
Count for 2025-08-21: 1
Count for 2025-08-22: 1
Count for 2025-08-23: 1
Count for 2025-08-30: 1
Event: mikay on 2025-08-07 (count: 6)
Event: uyan on 2025-08-07 (count: 6)
Event: odemil on 2025-08-07 (count: 6)
Event: sheryl on 2025-08-07 (count: 6)
Event: mikay on 2025-08-07 (count: 6)
Event: closherl on 2025-08-07 (count: 6)
Event: Maricar Bahala on 2025-08-08 (count: 1)
Event: Test User on 2025-08-15 (count: 2)
Event: 2323 on 2025-08-15 (count: 2)
Event: Test User6 on 2025-08-20 (count: 1)
Event: Samuel Seo on 2025-08-21 (count: 1)
Event: Daniel Park on 2025-08-22 (count: 1)
Event: Shingen Yamazaki on 2025-08-23 (count: 1)
Event: shikoy2 on 2025-08-30 (count: 1)
Events found: 14
Time: 2025-08-24 12:21:02 - Start: 2025-08-01, End: 2025-08-31, Server: /Pet_Track_revise-3/functions/get-appointments.php
Count for 2025-08-07: 6
Count for 2025-08-08: 1
Count for 2025-08-15: 2
Count for 2025-08-20: 1
Count for 2025-08-21: 1
Count for 2025-08-22: 1
Count for 2025-08-23: 1
Count for 2025-08-30: 1
Event: mikay on 2025-08-07 (count: 6)
Event: uyan on 2025-08-07 (count: 6)
Event: odemil on 2025-08-07 (count: 6)
Event: sheryl on 2025-08-07 (count: 6)
Event: mikay on 2025-08-07 (count: 6)
Event: closherl on 2025-08-07 (count: 6)
Event: Maricar Bahala on 2025-08-08 (count: 1)
Event: Test User on 2025-08-15 (count: 2)
Event: 2323 on 2025-08-15 (count: 2)
Event: Test User6 on 2025-08-20 (count: 1)
Event: Samuel Seo on 2025-08-21 (count: 1)
Event: Daniel Park on 2025-08-22 (count: 1)
Event: Shingen Yamazaki on 2025-08-23 (count: 1)
Event: shikoy2 on 2025-08-30 (count: 1)
Events found: 14
Time: 2025-08-24 12:21:06 - Start: 2025-08-01, End: 2025-08-31, Server: /Pet_Track_revise-3/functions/get-appointments.php
Count for 2025-08-07: 6
Count for 2025-08-08: 1
Count for 2025-08-15: 2
Count for 2025-08-20: 1
Count for 2025-08-21: 1
Count for 2025-08-22: 1
Count for 2025-08-23: 1
Count for 2025-08-30: 1
Event: mikay on 2025-08-07 (count: 6)
Event: uyan on 2025-08-07 (count: 6)
Event: odemil on 2025-08-07 (count: 6)
Event: sheryl on 2025-08-07 (count: 6)
Event: mikay on 2025-08-07 (count: 6)
Event: closherl on 2025-08-07 (count: 6)
Event: Maricar Bahala on 2025-08-08 (count: 1)
Event: Test User on 2025-08-15 (count: 2)
Event: 2323 on 2025-08-15 (count: 2)
Event: Test User6 on 2025-08-20 (count: 1)
Event: Samuel Seo on 2025-08-21 (count: 1)
Event: Daniel Park on 2025-08-22 (count: 1)
Event: Shingen Yamazaki on 2025-08-23 (count: 1)
Event: shikoy2 on 2025-08-30 (count: 1)
Events found: 14
Time: 2025-08-24 12:21:09 - Start: 2025-08-01, End: 2025-08-31, Server: /Pet_Track_revise-3/functions/get-appointments.php
Count for 2025-08-07: 6
Count for 2025-08-08: 1
Count for 2025-08-15: 2
Count for 2025-08-20: 1
Count for 2025-08-21: 1
Count for 2025-08-22: 1
Count for 2025-08-23: 1
Count for 2025-08-30: 1
Event: mikay on 2025-08-07 (count: 6)
Event: uyan on 2025-08-07 (count: 6)
Event: odemil on 2025-08-07 (count: 6)
Event: sheryl on 2025-08-07 (count: 6)
Event: mikay on 2025-08-07 (count: 6)
Event: closherl on 2025-08-07 (count: 6)
Event: Maricar Bahala on 2025-08-08 (count: 1)
Event: Test User on 2025-08-15 (count: 2)
Event: 2323 on 2025-08-15 (count: 2)
Event: Test User6 on 2025-08-20 (count: 1)
Event: Samuel Seo on 2025-08-21 (count: 1)
Event: Daniel Park on 2025-08-22 (count: 1)
Event: Shingen Yamazaki on 2025-08-23 (count: 1)
Event: shikoy2 on 2025-08-30 (count: 1)
Events found: 14
Time: 2025-08-24 12:21:10 - Start: 2025-08-01, End: 2025-08-31, Server: /Pet_Track_revise-3/functions/get-appointments.php
Count for 2025-08-07: 6
Count for 2025-08-08: 1
Count for 2025-08-15: 2
Count for 2025-08-20: 1
Count for 2025-08-21: 1
Count for 2025-08-22: 1
Count for 2025-08-23: 1
Count for 2025-08-30: 1
Event: mikay on 2025-08-07 (count: 6)
Event: uyan on 2025-08-07 (count: 6)
Event: odemil on 2025-08-07 (count: 6)
Event: sheryl on 2025-08-07 (count: 6)
Event: mikay on 2025-08-07 (count: 6)
Event: closherl on 2025-08-07 (count: 6)
Event: Maricar Bahala on 2025-08-08 (count: 1)
Event: Test User on 2025-08-15 (count: 2)
Event: 2323 on 2025-08-15 (count: 2)
Event: Test User6 on 2025-08-20 (count: 1)
Event: Samuel Seo on 2025-08-21 (count: 1)
Event: Daniel Park on 2025-08-22 (count: 1)
Event: Shingen Yamazaki on 2025-08-23 (count: 1)
Event: shikoy2 on 2025-08-30 (count: 1)
Events found: 14
Time: 2025-08-24 12:21:12 - Start: 2025-08-01, End: 2025-08-31, Server: /Pet_Track_revise-3/functions/get-appointments.php
Count for 2025-08-07: 6
Count for 2025-08-08: 1
Count for 2025-08-15: 2
Count for 2025-08-20: 1
Count for 2025-08-21: 1
Count for 2025-08-22: 1
Count for 2025-08-23: 1
Count for 2025-08-30: 1
Event: mikay on 2025-08-07 (count: 6)
Event: uyan on 2025-08-07 (count: 6)
Event: odemil on 2025-08-07 (count: 6)
Event: sheryl on 2025-08-07 (count: 6)
Event: mikay on 2025-08-07 (count: 6)
Event: closherl on 2025-08-07 (count: 6)
Event: Maricar Bahala on 2025-08-08 (count: 1)
Event: Test User on 2025-08-15 (count: 2)
Event: 2323 on 2025-08-15 (count: 2)
Event: Test User6 on 2025-08-20 (count: 1)
Event: Samuel Seo on 2025-08-21 (count: 1)
Event: Daniel Park on 2025-08-22 (count: 1)
Event: Shingen Yamazaki on 2025-08-23 (count: 1)
Event: shikoy2 on 2025-08-30 (count: 1)
Events found: 14
Time: 2025-08-24 12:22:37 - Start: 2025-08-01, End: 2025-08-31, Server: /Pet_Track_revise-3/functions/get-appointments.php
Count for 2025-08-07: 6
Count for 2025-08-08: 1
Count for 2025-08-15: 2
Count for 2025-08-20: 1
Count for 2025-08-21: 1
Count for 2025-08-22: 1
Count for 2025-08-23: 1
Count for 2025-08-30: 1
Event: mikay on 2025-08-07 (count: 6)
Event: uyan on 2025-08-07 (count: 6)
Event: odemil on 2025-08-07 (count: 6)
Event: sheryl on 2025-08-07 (count: 6)
Event: mikay on 2025-08-07 (count: 6)
Event: closherl on 2025-08-07 (count: 6)
Event: Maricar Bahala on 2025-08-08 (count: 1)
Event: Test User on 2025-08-15 (count: 2)
Event: 2323 on 2025-08-15 (count: 2)
Event: Test User6 on 2025-08-20 (count: 1)
Event: Samuel Seo on 2025-08-21 (count: 1)
Event: Daniel Park on 2025-08-22 (count: 1)
Event: Shingen Yamazaki on 2025-08-23 (count: 1)
Event: shikoy2 on 2025-08-30 (count: 1)
Events found: 14
Time: 2025-08-24 12:22:41 - Start: 2025-08-01, End: 2025-08-31, Server: /Pet_Track_revise-3/functions/get-appointments.php
Count for 2025-08-07: 6
Count for 2025-08-08: 1
Count for 2025-08-15: 2
Count for 2025-08-20: 1
Count for 2025-08-21: 1
Count for 2025-08-22: 1
Count for 2025-08-23: 1
Count for 2025-08-30: 1
Event: mikay on 2025-08-07 (count: 6)
Event: uyan on 2025-08-07 (count: 6)
Event: odemil on 2025-08-07 (count: 6)
Event: sheryl on 2025-08-07 (count: 6)
Event: mikay on 2025-08-07 (count: 6)
Event: closherl on 2025-08-07 (count: 6)
Event: Maricar Bahala on 2025-08-08 (count: 1)
Event: Test User on 2025-08-15 (count: 2)
Event: 2323 on 2025-08-15 (count: 2)
Event: Test User6 on 2025-08-20 (count: 1)
Event: Samuel Seo on 2025-08-21 (count: 1)
Event: Daniel Park on 2025-08-22 (count: 1)
Event: Shingen Yamazaki on 2025-08-23 (count: 1)
Event: shikoy2 on 2025-08-30 (count: 1)
Events found: 14
Time: 2025-08-24 12:22:41 - Start: 2025-08-01, End: 2025-08-31, Server: /Pet_Track_revise-3/functions/get-appointments.php
Count for 2025-08-07: 6
Count for 2025-08-08: 1
Count for 2025-08-15: 2
Count for 2025-08-20: 1
Count for 2025-08-21: 1
Count for 2025-08-22: 1
Count for 2025-08-23: 1
Count for 2025-08-30: 1
Event: mikay on 2025-08-07 (count: 6)
Event: uyan on 2025-08-07 (count: 6)
Event: odemil on 2025-08-07 (count: 6)
Event: sheryl on 2025-08-07 (count: 6)
Event: mikay on 2025-08-07 (count: 6)
Event: closherl on 2025-08-07 (count: 6)
Event: Maricar Bahala on 2025-08-08 (count: 1)
Event: Test User on 2025-08-15 (count: 2)
Event: 2323 on 2025-08-15 (count: 2)
Event: Test User6 on 2025-08-20 (count: 1)
Event: Samuel Seo on 2025-08-21 (count: 1)
Event: Daniel Park on 2025-08-22 (count: 1)
Event: Shingen Yamazaki on 2025-08-23 (count: 1)
Event: shikoy2 on 2025-08-30 (count: 1)
Events found: 14
Time: 2025-08-24 12:23:00 - Start: 2025-09-20, End: 2025-09-20, Server: /Pet_Track_revise-3/functions/get-appointments.php?start=2025-09-20&end=2025-09-20
Events found: 0
Script executed at 2025-08-24 12:23:08
Database connection successful.
Form data: Array
(
    [owner_name] => tikoy
    [contact_number] => 12391329801324
    [appointment_date] => 2025-09-20
    [appointment_time] => 13:30:00
    [reason] => Vaccination
)

Appointment logged: Guest tikoy booked an appointment on September 20, 2025 at 1:30 PM
Time: 2025-08-24 12:23:11 - Start: 2025-08-01, End: 2025-08-31, Server: /Pet_Track_revise-3/functions/get-appointments.php
Count for 2025-08-07: 6
Count for 2025-08-08: 1
Count for 2025-08-15: 2
Count for 2025-08-20: 1
Count for 2025-08-21: 1
Count for 2025-08-22: 1
Count for 2025-08-23: 1
Count for 2025-08-30: 1
Event: mikay on 2025-08-07 (count: 6)
Event: uyan on 2025-08-07 (count: 6)
Event: odemil on 2025-08-07 (count: 6)
Event: sheryl on 2025-08-07 (count: 6)
Event: mikay on 2025-08-07 (count: 6)
Event: closherl on 2025-08-07 (count: 6)
Event: Maricar Bahala on 2025-08-08 (count: 1)
Event: Test User on 2025-08-15 (count: 2)
Event: 2323 on 2025-08-15 (count: 2)
Event: Test User6 on 2025-08-20 (count: 1)
Event: Samuel Seo on 2025-08-21 (count: 1)
Event: Daniel Park on 2025-08-22 (count: 1)
Event: Shingen Yamazaki on 2025-08-23 (count: 1)
Event: shikoy2 on 2025-08-30 (count: 1)
Events found: 14
Time: 2025-08-24 12:23:13 - Start: 2025-08-01, End: 2025-08-31, Server: /Pet_Track_revise-3/functions/get-appointments.php
Count for 2025-08-07: 6
Count for 2025-08-08: 1
Count for 2025-08-15: 2
Count for 2025-08-20: 1
Count for 2025-08-21: 1
Count for 2025-08-22: 1
Count for 2025-08-23: 1
Count for 2025-08-30: 1
Event: mikay on 2025-08-07 (count: 6)
Event: uyan on 2025-08-07 (count: 6)
Event: odemil on 2025-08-07 (count: 6)
Event: sheryl on 2025-08-07 (count: 6)
Event: mikay on 2025-08-07 (count: 6)
Event: closherl on 2025-08-07 (count: 6)
Event: Maricar Bahala on 2025-08-08 (count: 1)
Event: Test User on 2025-08-15 (count: 2)
Event: 2323 on 2025-08-15 (count: 2)
Event: Test User6 on 2025-08-20 (count: 1)
Event: Samuel Seo on 2025-08-21 (count: 1)
Event: Daniel Park on 2025-08-22 (count: 1)
Event: Shingen Yamazaki on 2025-08-23 (count: 1)
Event: shikoy2 on 2025-08-30 (count: 1)
Events found: 14
Time: 2025-08-24 12:23:14 - Start: 2025-08-01, End: 2025-08-31, Server: /Pet_Track_revise-3/functions/get-appointments.php
Count for 2025-08-07: 6
Count for 2025-08-08: 1
Count for 2025-08-15: 2
Count for 2025-08-20: 1
Count for 2025-08-21: 1
Count for 2025-08-22: 1
Count for 2025-08-23: 1
Count for 2025-08-30: 1
Event: mikay on 2025-08-07 (count: 6)
Event: uyan on 2025-08-07 (count: 6)
Event: odemil on 2025-08-07 (count: 6)
Event: sheryl on 2025-08-07 (count: 6)
Event: mikay on 2025-08-07 (count: 6)
Event: closherl on 2025-08-07 (count: 6)
Event: Maricar Bahala on 2025-08-08 (count: 1)
Event: Test User on 2025-08-15 (count: 2)
Event: 2323 on 2025-08-15 (count: 2)
Event: Test User6 on 2025-08-20 (count: 1)
Event: Samuel Seo on 2025-08-21 (count: 1)
Event: Daniel Park on 2025-08-22 (count: 1)
Event: Shingen Yamazaki on 2025-08-23 (count: 1)
Event: shikoy2 on 2025-08-30 (count: 1)
Events found: 14
Time: 2025-08-24 12:23:16 - Start: 2025-08-01, End: 2025-08-31, Server: /Pet_Track_revise-3/functions/get-appointments.php
Count for 2025-08-07: 6
Count for 2025-08-08: 1
Count for 2025-08-15: 2
Count for 2025-08-20: 1
Count for 2025-08-21: 1
Count for 2025-08-22: 1
Count for 2025-08-23: 1
Count for 2025-08-30: 1
Event: mikay on 2025-08-07 (count: 6)
Event: uyan on 2025-08-07 (count: 6)
Event: odemil on 2025-08-07 (count: 6)
Event: sheryl on 2025-08-07 (count: 6)
Event: mikay on 2025-08-07 (count: 6)
Event: closherl on 2025-08-07 (count: 6)
Event: Maricar Bahala on 2025-08-08 (count: 1)
Event: Test User on 2025-08-15 (count: 2)
Event: 2323 on 2025-08-15 (count: 2)
Event: Test User6 on 2025-08-20 (count: 1)
Event: Samuel Seo on 2025-08-21 (count: 1)
Event: Daniel Park on 2025-08-22 (count: 1)
Event: Shingen Yamazaki on 2025-08-23 (count: 1)
Event: shikoy2 on 2025-08-30 (count: 1)
Events found: 14
Time: 2025-08-24 12:23:18 - Start: 2025-08-01, End: 2025-08-31, Server: /Pet_Track_revise-3/functions/get-appointments.php
Count for 2025-08-07: 6
Count for 2025-08-08: 1
Count for 2025-08-15: 2
Count for 2025-08-20: 1
Count for 2025-08-21: 1
Count for 2025-08-22: 1
Count for 2025-08-23: 1
Count for 2025-08-30: 1
Event: mikay on 2025-08-07 (count: 6)
Event: uyan on 2025-08-07 (count: 6)
Event: odemil on 2025-08-07 (count: 6)
Event: sheryl on 2025-08-07 (count: 6)
Event: mikay on 2025-08-07 (count: 6)
Event: closherl on 2025-08-07 (count: 6)
Event: Maricar Bahala on 2025-08-08 (count: 1)
Event: Test User on 2025-08-15 (count: 2)
Event: 2323 on 2025-08-15 (count: 2)
Event: Test User6 on 2025-08-20 (count: 1)
Event: Samuel Seo on 2025-08-21 (count: 1)
Event: Daniel Park on 2025-08-22 (count: 1)
Event: Shingen Yamazaki on 2025-08-23 (count: 1)
Event: shikoy2 on 2025-08-30 (count: 1)
Events found: 14
Time: 2025-08-24 12:23:20 - Start: 2025-08-01, End: 2025-08-31, Server: /Pet_Track_revise-3/functions/get-appointments.php
Count for 2025-08-07: 6
Count for 2025-08-08: 1
Count for 2025-08-15: 2
Count for 2025-08-20: 1
Count for 2025-08-21: 1
Count for 2025-08-22: 1
Count for 2025-08-23: 1
Count for 2025-08-30: 1
Event: mikay on 2025-08-07 (count: 6)
Event: uyan on 2025-08-07 (count: 6)
Event: odemil on 2025-08-07 (count: 6)
Event: sheryl on 2025-08-07 (count: 6)
Event: mikay on 2025-08-07 (count: 6)
Event: closherl on 2025-08-07 (count: 6)
Event: Maricar Bahala on 2025-08-08 (count: 1)
Event: Test User on 2025-08-15 (count: 2)
Event: 2323 on 2025-08-15 (count: 2)
Event: Test User6 on 2025-08-20 (count: 1)
Event: Samuel Seo on 2025-08-21 (count: 1)
Event: Daniel Park on 2025-08-22 (count: 1)
Event: Shingen Yamazaki on 2025-08-23 (count: 1)
Event: shikoy2 on 2025-08-30 (count: 1)
Events found: 14
Time: 2025-08-24 12:24:02 - Start: 2025-08-01, End: 2025-08-31, Server: /Pet_Track_revise-3/functions/get-appointments.php
Count for 2025-08-07: 6
Count for 2025-08-08: 1
Count for 2025-08-15: 2
Count for 2025-08-20: 1
Count for 2025-08-21: 1
Count for 2025-08-22: 1
Count for 2025-08-23: 1
Count for 2025-08-30: 1
Event: mikay on 2025-08-07 (count: 6)
Event: uyan on 2025-08-07 (count: 6)
Event: odemil on 2025-08-07 (count: 6)
Event: sheryl on 2025-08-07 (count: 6)
Event: mikay on 2025-08-07 (count: 6)
Event: closherl on 2025-08-07 (count: 6)
Event: Maricar Bahala on 2025-08-08 (count: 1)
Event: Test User on 2025-08-15 (count: 2)
Event: 2323 on 2025-08-15 (count: 2)
Event: Test User6 on 2025-08-20 (count: 1)
Event: Samuel Seo on 2025-08-21 (count: 1)
Event: Daniel Park on 2025-08-22 (count: 1)
Event: Shingen Yamazaki on 2025-08-23 (count: 1)
Event: shikoy2 on 2025-08-30 (count: 1)
Events found: 14
Time: 2025-08-24 12:51:20 - Start: 2025-08-01, End: 2025-08-31, Server: /Pet_Track_revise-3/functions/get-appointments.php
Count for 2025-08-07: 6
Count for 2025-08-08: 1
Count for 2025-08-15: 2
Count for 2025-08-20: 1
Count for 2025-08-21: 1
Count for 2025-08-22: 1
Count for 2025-08-23: 1
Count for 2025-08-30: 1
Event: mikay on 2025-08-07 (count: 6)
Event: uyan on 2025-08-07 (count: 6)
Event: odemil on 2025-08-07 (count: 6)
Event: sheryl on 2025-08-07 (count: 6)
Event: mikay on 2025-08-07 (count: 6)
Event: closherl on 2025-08-07 (count: 6)
Event: Maricar Bahala on 2025-08-08 (count: 1)
Event: Test User on 2025-08-15 (count: 2)
Event: 2323 on 2025-08-15 (count: 2)
Event: Test User6 on 2025-08-20 (count: 1)
Event: Samuel Seo on 2025-08-21 (count: 1)
Event: Daniel Park on 2025-08-22 (count: 1)
Event: Shingen Yamazaki on 2025-08-23 (count: 1)
Event: shikoy2 on 2025-08-30 (count: 1)
Events found: 14
Time: 2025-08-24 12:51:34 - Start: 2025-08-01, End: 2025-08-31, Server: /Pet_Track_revise-3/functions/get-appointments.php
Count for 2025-08-07: 6
Count for 2025-08-08: 1
Count for 2025-08-15: 2
Count for 2025-08-20: 1
Count for 2025-08-21: 1
Count for 2025-08-22: 1
Count for 2025-08-23: 1
Count for 2025-08-30: 1
Event: mikay on 2025-08-07 (count: 6)
Event: uyan on 2025-08-07 (count: 6)
Event: odemil on 2025-08-07 (count: 6)
Event: sheryl on 2025-08-07 (count: 6)
Event: mikay on 2025-08-07 (count: 6)
Event: closherl on 2025-08-07 (count: 6)
Event: Maricar Bahala on 2025-08-08 (count: 1)
Event: Test User on 2025-08-15 (count: 2)
Event: 2323 on 2025-08-15 (count: 2)
Event: Test User6 on 2025-08-20 (count: 1)
Event: Samuel Seo on 2025-08-21 (count: 1)
Event: Daniel Park on 2025-08-22 (count: 1)
Event: Shingen Yamazaki on 2025-08-23 (count: 1)
Event: shikoy2 on 2025-08-30 (count: 1)
Events found: 14
Time: 2025-08-24 12:59:58 - Start: 2025-08-01, End: 2025-09-01, Server: /Pet_Track_revise-3/functions/get-appointments.php?start=2025-08-01T00:00:00&end=2025-09-01T00:00:00
Count for 2025-08-07: 6
Count for 2025-08-08: 1
Count for 2025-08-15: 2
Count for 2025-08-20: 1
Count for 2025-08-21: 1
Count for 2025-08-22: 1
Count for 2025-08-23: 1
Count for 2025-08-30: 1
Event: mikay on 2025-08-07 at 12:22:00 (count: 6, duration: 30)
Event: uyan on 2025-08-07 at 12:31:00 (count: 6, duration: 30)
Event: odemil on 2025-08-07 at 12:34:00 (count: 6, duration: 30)
Event: sheryl on 2025-08-07 at 12:41:00 (count: 6, duration: 30)
Event: mikay on 2025-08-07 at 14:34:00 (count: 6, duration: 30)
Event: closherl on 2025-08-07 at 15:23:00 (count: 6, duration: 30)
Event: Maricar Bahala on 2025-08-08 at 10:08:00 (count: 1, duration: 30)
Event: Test User on 2025-08-15 at 15:23:00 (count: 2, duration: 30)
Event: 2323 on 2025-08-15 at 16:21:00 (count: 2, duration: 30)
Event: Test User6 on 2025-08-20 at 14:41:00 (count: 1, duration: 30)
Event: Samuel Seo on 2025-08-21 at 15:23:00 (count: 1, duration: 30)
Event: Daniel Park on 2025-08-22 at 14:23:00 (count: 1, duration: 30)
Event: Shingen Yamazaki on 2025-08-23 at 15:21:00 (count: 1, duration: 30)
Event: shikoy2 on 2025-08-30 at 14:12:00 (count: 1, duration: 30)
Events found: 14
Time: 2025-08-24 12:59:58 - Start: 2025-08-01, End: 2025-09-01, Server: /Pet_Track_revise-3/functions/get-appointments.php?start=2025-08-01T00:00:00&end=2025-09-01T00:00:00
Count for 2025-08-07: 6
Count for 2025-08-08: 1
Count for 2025-08-15: 2
Count for 2025-08-20: 1
Count for 2025-08-21: 1
Count for 2025-08-22: 1
Count for 2025-08-23: 1
Count for 2025-08-30: 1
Event: mikay on 2025-08-07 at 12:22:00 (count: 6, duration: 30)
Event: uyan on 2025-08-07 at 12:31:00 (count: 6, duration: 30)
Event: odemil on 2025-08-07 at 12:34:00 (count: 6, duration: 30)
Event: sheryl on 2025-08-07 at 12:41:00 (count: 6, duration: 30)
Event: mikay on 2025-08-07 at 14:34:00 (count: 6, duration: 30)
Event: closherl on 2025-08-07 at 15:23:00 (count: 6, duration: 30)
Event: Maricar Bahala on 2025-08-08 at 10:08:00 (count: 1, duration: 30)
Event: Test User on 2025-08-15 at 15:23:00 (count: 2, duration: 30)
Event: 2323 on 2025-08-15 at 16:21:00 (count: 2, duration: 30)
Event: Test User6 on 2025-08-20 at 14:41:00 (count: 1, duration: 30)
Event: Samuel Seo on 2025-08-21 at 15:23:00 (count: 1, duration: 30)
Event: Daniel Park on 2025-08-22 at 14:23:00 (count: 1, duration: 30)
Event: Shingen Yamazaki on 2025-08-23 at 15:21:00 (count: 1, duration: 30)
Event: shikoy2 on 2025-08-30 at 14:12:00 (count: 1, duration: 30)
Events found: 14
Time: 2025-08-24 13:00:00 - Start: 2025-08-01, End: 2025-09-01, Server: /Pet_Track_revise-3/functions/get-appointments.php?start=2025-08-01T00:00:00&end=2025-09-01T00:00:00
Count for 2025-08-07: 6
Count for 2025-08-08: 1
Count for 2025-08-15: 2
Count for 2025-08-20: 1
Count for 2025-08-21: 1
Count for 2025-08-22: 1
Count for 2025-08-23: 1
Count for 2025-08-30: 1
Event: mikay on 2025-08-07 at 12:22:00 (count: 6, duration: 30)
Event: uyan on 2025-08-07 at 12:31:00 (count: 6, duration: 30)
Event: odemil on 2025-08-07 at 12:34:00 (count: 6, duration: 30)
Event: sheryl on 2025-08-07 at 12:41:00 (count: 6, duration: 30)
Event: mikay on 2025-08-07 at 14:34:00 (count: 6, duration: 30)
Event: closherl on 2025-08-07 at 15:23:00 (count: 6, duration: 30)
Event: Maricar Bahala on 2025-08-08 at 10:08:00 (count: 1, duration: 30)
Event: Test User on 2025-08-15 at 15:23:00 (count: 2, duration: 30)
Event: 2323 on 2025-08-15 at 16:21:00 (count: 2, duration: 30)
Event: Test User6 on 2025-08-20 at 14:41:00 (count: 1, duration: 30)
Event: Samuel Seo on 2025-08-21 at 15:23:00 (count: 1, duration: 30)
Event: Daniel Park on 2025-08-22 at 14:23:00 (count: 1, duration: 30)
Event: Shingen Yamazaki on 2025-08-23 at 15:21:00 (count: 1, duration: 30)
Event: shikoy2 on 2025-08-30 at 14:12:00 (count: 1, duration: 30)
Events found: 14
Time: 2025-08-24 13:00:00 - Start: 2025-08-01, End: 2025-09-01, Server: /Pet_Track_revise-3/functions/get-appointments.php?start=2025-08-01T00:00:00&end=2025-09-01T00:00:00
Count for 2025-08-07: 6
Count for 2025-08-08: 1
Count for 2025-08-15: 2
Count for 2025-08-20: 1
Count for 2025-08-21: 1
Count for 2025-08-22: 1
Count for 2025-08-23: 1
Count for 2025-08-30: 1
Event: mikay on 2025-08-07 at 12:22:00 (count: 6, duration: 30)
Event: uyan on 2025-08-07 at 12:31:00 (count: 6, duration: 30)
Event: odemil on 2025-08-07 at 12:34:00 (count: 6, duration: 30)
Event: sheryl on 2025-08-07 at 12:41:00 (count: 6, duration: 30)
Event: mikay on 2025-08-07 at 14:34:00 (count: 6, duration: 30)
Event: closherl on 2025-08-07 at 15:23:00 (count: 6, duration: 30)
Event: Maricar Bahala on 2025-08-08 at 10:08:00 (count: 1, duration: 30)
Event: Test User on 2025-08-15 at 15:23:00 (count: 2, duration: 30)
Event: 2323 on 2025-08-15 at 16:21:00 (count: 2, duration: 30)
Event: Test User6 on 2025-08-20 at 14:41:00 (count: 1, duration: 30)
Event: Samuel Seo on 2025-08-21 at 15:23:00 (count: 1, duration: 30)
Event: Daniel Park on 2025-08-22 at 14:23:00 (count: 1, duration: 30)
Event: Shingen Yamazaki on 2025-08-23 at 15:21:00 (count: 1, duration: 30)
Event: shikoy2 on 2025-08-30 at 14:12:00 (count: 1, duration: 30)
Events found: 14
Time: 2025-08-24 13:00:03 - Start: 2025-09-01, End: 2025-10-01, Server: /Pet_Track_revise-3/functions/get-appointments.php?start=2025-09-01T00:00:00&end=2025-10-01T00:00:00
Count for 2025-09-10: 1
Count for 2025-09-11: 2
Count for 2025-09-12: 1
Count for 2025-09-20: 1
Event: Test User234 on 2025-09-10 at 14:45:00 (count: 1, duration: 30)
Event: Test User2 on 2025-09-11 at 14:42:00 (count: 2, duration: 30)
Event: janpaul25 on 2025-09-11 at 15:55:00 (count: 2, duration: 30)
Event: tikoy on 2025-09-12 at 14:00:00 (count: 1, duration: 30)
Event: tikoy on 2025-09-20 at 13:30:00 (count: 1, duration: 90)
Events found: 5
Time: 2025-08-24 13:00:05 - Start: 2025-10-01, End: 2025-11-01, Server: /Pet_Track_revise-3/functions/get-appointments.php?start=2025-10-01T00:00:00&end=2025-11-01T00:00:00
Events found: 0
Time: 2025-08-24 13:00:06 - Start: 2025-11-01, End: 2025-12-01, Server: /Pet_Track_revise-3/functions/get-appointments.php?start=2025-11-01T00:00:00&end=2025-12-01T00:00:00
Events found: 0
Time: 2025-08-24 13:00:07 - Start: 2025-10-01, End: 2025-11-01, Server: /Pet_Track_revise-3/functions/get-appointments.php?start=2025-10-01T00:00:00&end=2025-11-01T00:00:00
Events found: 0
Time: 2025-08-24 13:00:08 - Start: 2025-09-01, End: 2025-10-01, Server: /Pet_Track_revise-3/functions/get-appointments.php?start=2025-09-01T00:00:00&end=2025-10-01T00:00:00
Count for 2025-09-10: 1
Count for 2025-09-11: 2
Count for 2025-09-12: 1
Count for 2025-09-20: 1
Event: Test User234 on 2025-09-10 at 14:45:00 (count: 1, duration: 30)
Event: Test User2 on 2025-09-11 at 14:42:00 (count: 2, duration: 30)
Event: janpaul25 on 2025-09-11 at 15:55:00 (count: 2, duration: 30)
Event: tikoy on 2025-09-12 at 14:00:00 (count: 1, duration: 30)
Event: tikoy on 2025-09-20 at 13:30:00 (count: 1, duration: 90)
Events found: 5
Time: 2025-08-24 13:00:08 - Start: 2025-08-01, End: 2025-09-01, Server: /Pet_Track_revise-3/functions/get-appointments.php?start=2025-08-01T00:00:00&end=2025-09-01T00:00:00
Count for 2025-08-07: 6
Count for 2025-08-08: 1
Count for 2025-08-15: 2
Count for 2025-08-20: 1
Count for 2025-08-21: 1
Count for 2025-08-22: 1
Count for 2025-08-23: 1
Count for 2025-08-30: 1
Event: mikay on 2025-08-07 at 12:22:00 (count: 6, duration: 30)
Event: uyan on 2025-08-07 at 12:31:00 (count: 6, duration: 30)
Event: odemil on 2025-08-07 at 12:34:00 (count: 6, duration: 30)
Event: sheryl on 2025-08-07 at 12:41:00 (count: 6, duration: 30)
Event: mikay on 2025-08-07 at 14:34:00 (count: 6, duration: 30)
Event: closherl on 2025-08-07 at 15:23:00 (count: 6, duration: 30)
Event: Maricar Bahala on 2025-08-08 at 10:08:00 (count: 1, duration: 30)
Event: Test User on 2025-08-15 at 15:23:00 (count: 2, duration: 30)
Event: 2323 on 2025-08-15 at 16:21:00 (count: 2, duration: 30)
Event: Test User6 on 2025-08-20 at 14:41:00 (count: 1, duration: 30)
Event: Samuel Seo on 2025-08-21 at 15:23:00 (count: 1, duration: 30)
Event: Daniel Park on 2025-08-22 at 14:23:00 (count: 1, duration: 30)
Event: Shingen Yamazaki on 2025-08-23 at 15:21:00 (count: 1, duration: 30)
Event: shikoy2 on 2025-08-30 at 14:12:00 (count: 1, duration: 30)
Events found: 14
Time: 2025-08-24 13:00:30 - Start: 2025-08-01, End: 2025-09-01, Server: /Pet_Track_revise-3/functions/get-appointments.php?start=2025-08-01T00:00:00&end=2025-09-01T00:00:00
Count for 2025-08-07: 6
Count for 2025-08-08: 1
Count for 2025-08-15: 2
Count for 2025-08-20: 1
Count for 2025-08-21: 1
Count for 2025-08-22: 1
Count for 2025-08-23: 1
Count for 2025-08-30: 1
Event: mikay on 2025-08-07 at 12:22:00 (count: 6, duration: 30)
Event: uyan on 2025-08-07 at 12:31:00 (count: 6, duration: 30)
Event: odemil on 2025-08-07 at 12:34:00 (count: 6, duration: 30)
Event: sheryl on 2025-08-07 at 12:41:00 (count: 6, duration: 30)
Event: mikay on 2025-08-07 at 14:34:00 (count: 6, duration: 30)
Event: closherl on 2025-08-07 at 15:23:00 (count: 6, duration: 30)
Event: Maricar Bahala on 2025-08-08 at 10:08:00 (count: 1, duration: 30)
Event: Test User on 2025-08-15 at 15:23:00 (count: 2, duration: 30)
Event: 2323 on 2025-08-15 at 16:21:00 (count: 2, duration: 30)
Event: Test User6 on 2025-08-20 at 14:41:00 (count: 1, duration: 30)
Event: Samuel Seo on 2025-08-21 at 15:23:00 (count: 1, duration: 30)
Event: Daniel Park on 2025-08-22 at 14:23:00 (count: 1, duration: 30)
Event: Shingen Yamazaki on 2025-08-23 at 15:21:00 (count: 1, duration: 30)
Event: shikoy2 on 2025-08-30 at 14:12:00 (count: 1, duration: 30)
Events found: 14
Time: 2025-08-24 13:00:30 - Start: 2025-08-01, End: 2025-09-01, Server: /Pet_Track_revise-3/functions/get-appointments.php?start=2025-08-01T00:00:00&end=2025-09-01T00:00:00
Count for 2025-08-07: 6
Count for 2025-08-08: 1
Count for 2025-08-15: 2
Count for 2025-08-20: 1
Count for 2025-08-21: 1
Count for 2025-08-22: 1
Count for 2025-08-23: 1
Count for 2025-08-30: 1
Event: mikay on 2025-08-07 at 12:22:00 (count: 6, duration: 30)
Event: uyan on 2025-08-07 at 12:31:00 (count: 6, duration: 30)
Event: odemil on 2025-08-07 at 12:34:00 (count: 6, duration: 30)
Event: sheryl on 2025-08-07 at 12:41:00 (count: 6, duration: 30)
Event: mikay on 2025-08-07 at 14:34:00 (count: 6, duration: 30)
Event: closherl on 2025-08-07 at 15:23:00 (count: 6, duration: 30)
Event: Maricar Bahala on 2025-08-08 at 10:08:00 (count: 1, duration: 30)
Event: Test User on 2025-08-15 at 15:23:00 (count: 2, duration: 30)
Event: 2323 on 2025-08-15 at 16:21:00 (count: 2, duration: 30)
Event: Test User6 on 2025-08-20 at 14:41:00 (count: 1, duration: 30)
Event: Samuel Seo on 2025-08-21 at 15:23:00 (count: 1, duration: 30)
Event: Daniel Park on 2025-08-22 at 14:23:00 (count: 1, duration: 30)
Event: Shingen Yamazaki on 2025-08-23 at 15:21:00 (count: 1, duration: 30)
Event: shikoy2 on 2025-08-30 at 14:12:00 (count: 1, duration: 30)
Events found: 14
Time: 2025-08-24 13:00:32 - Start: 2025-08-01, End: 2025-09-01, Server: /Pet_Track_revise-3/functions/get-appointments.php?start=2025-08-01T00:00:00&end=2025-09-01T00:00:00
Count for 2025-08-07: 6
Count for 2025-08-08: 1
Count for 2025-08-15: 2
Count for 2025-08-20: 1
Count for 2025-08-21: 1
Count for 2025-08-22: 1
Count for 2025-08-23: 1
Count for 2025-08-30: 1
Event: mikay on 2025-08-07 at 12:22:00 (count: 6, duration: 30)
Event: uyan on 2025-08-07 at 12:31:00 (count: 6, duration: 30)
Event: odemil on 2025-08-07 at 12:34:00 (count: 6, duration: 30)
Event: sheryl on 2025-08-07 at 12:41:00 (count: 6, duration: 30)
Event: mikay on 2025-08-07 at 14:34:00 (count: 6, duration: 30)
Event: closherl on 2025-08-07 at 15:23:00 (count: 6, duration: 30)
Event: Maricar Bahala on 2025-08-08 at 10:08:00 (count: 1, duration: 30)
Event: Test User on 2025-08-15 at 15:23:00 (count: 2, duration: 30)
Event: 2323 on 2025-08-15 at 16:21:00 (count: 2, duration: 30)
Event: Test User6 on 2025-08-20 at 14:41:00 (count: 1, duration: 30)
Event: Samuel Seo on 2025-08-21 at 15:23:00 (count: 1, duration: 30)
Event: Daniel Park on 2025-08-22 at 14:23:00 (count: 1, duration: 30)
Event: Shingen Yamazaki on 2025-08-23 at 15:21:00 (count: 1, duration: 30)
Event: shikoy2 on 2025-08-30 at 14:12:00 (count: 1, duration: 30)
Events found: 14
Time: 2025-08-24 13:00:32 - Start: 2025-08-01, End: 2025-09-01, Server: /Pet_Track_revise-3/functions/get-appointments.php?start=2025-08-01T00:00:00&end=2025-09-01T00:00:00
Count for 2025-08-07: 6
Count for 2025-08-08: 1
Count for 2025-08-15: 2
Count for 2025-08-20: 1
Count for 2025-08-21: 1
Count for 2025-08-22: 1
Count for 2025-08-23: 1
Count for 2025-08-30: 1
Event: mikay on 2025-08-07 at 12:22:00 (count: 6, duration: 30)
Event: uyan on 2025-08-07 at 12:31:00 (count: 6, duration: 30)
Event: odemil on 2025-08-07 at 12:34:00 (count: 6, duration: 30)
Event: sheryl on 2025-08-07 at 12:41:00 (count: 6, duration: 30)
Event: mikay on 2025-08-07 at 14:34:00 (count: 6, duration: 30)
Event: closherl on 2025-08-07 at 15:23:00 (count: 6, duration: 30)
Event: Maricar Bahala on 2025-08-08 at 10:08:00 (count: 1, duration: 30)
Event: Test User on 2025-08-15 at 15:23:00 (count: 2, duration: 30)
Event: 2323 on 2025-08-15 at 16:21:00 (count: 2, duration: 30)
Event: Test User6 on 2025-08-20 at 14:41:00 (count: 1, duration: 30)
Event: Samuel Seo on 2025-08-21 at 15:23:00 (count: 1, duration: 30)
Event: Daniel Park on 2025-08-22 at 14:23:00 (count: 1, duration: 30)
Event: Shingen Yamazaki on 2025-08-23 at 15:21:00 (count: 1, duration: 30)
Event: shikoy2 on 2025-08-30 at 14:12:00 (count: 1, duration: 30)
Events found: 14
Time: 2025-08-24 13:10:31 - Start: 2025-08-01, End: 2025-09-01, Server: /Pet_Track_revise-3/functions/get-appointments.php?start=2025-08-01&end=2025-09-01
Count for 2025-08-07: 6
Count for 2025-08-08: 1
Count for 2025-08-15: 2
Count for 2025-08-20: 1
Count for 2025-08-21: 1
Count for 2025-08-22: 1
Count for 2025-08-23: 1
Count for 2025-08-30: 1
Event: mikay on 2025-08-07 at 12:22:00 (count: 6, duration: 30)
Event: uyan on 2025-08-07 at 12:31:00 (count: 6, duration: 30)
Event: odemil on 2025-08-07 at 12:34:00 (count: 6, duration: 30)
Event: sheryl on 2025-08-07 at 12:41:00 (count: 6, duration: 30)
Event: mikay on 2025-08-07 at 14:34:00 (count: 6, duration: 30)
Event: closherl on 2025-08-07 at 15:23:00 (count: 6, duration: 30)
Event: Maricar Bahala on 2025-08-08 at 10:08:00 (count: 1, duration: 30)
Event: Test User on 2025-08-15 at 15:23:00 (count: 2, duration: 30)
Event: 2323 on 2025-08-15 at 16:21:00 (count: 2, duration: 30)
Event: Test User6 on 2025-08-20 at 14:41:00 (count: 1, duration: 30)
Event: Samuel Seo on 2025-08-21 at 15:23:00 (count: 1, duration: 30)
Event: Daniel Park on 2025-08-22 at 14:23:00 (count: 1, duration: 30)
Event: Shingen Yamazaki on 2025-08-23 at 15:21:00 (count: 1, duration: 30)
Event: shikoy2 on 2025-08-30 at 14:12:00 (count: 1, duration: 30)
Events found: 14
Time: 2025-08-24 13:10:31 - Start: 2025-08-01, End: 2025-09-01, Server: /Pet_Track_revise-3/functions/get-appointments.php?start=2025-08-01&end=2025-09-01
Count for 2025-08-07: 6
Count for 2025-08-08: 1
Count for 2025-08-15: 2
Count for 2025-08-20: 1
Count for 2025-08-21: 1
Count for 2025-08-22: 1
Count for 2025-08-23: 1
Count for 2025-08-30: 1
Event: mikay on 2025-08-07 at 12:22:00 (count: 6, duration: 30)
Event: uyan on 2025-08-07 at 12:31:00 (count: 6, duration: 30)
Event: odemil on 2025-08-07 at 12:34:00 (count: 6, duration: 30)
Event: sheryl on 2025-08-07 at 12:41:00 (count: 6, duration: 30)
Event: mikay on 2025-08-07 at 14:34:00 (count: 6, duration: 30)
Event: closherl on 2025-08-07 at 15:23:00 (count: 6, duration: 30)
Event: Maricar Bahala on 2025-08-08 at 10:08:00 (count: 1, duration: 30)
Event: Test User on 2025-08-15 at 15:23:00 (count: 2, duration: 30)
Event: 2323 on 2025-08-15 at 16:21:00 (count: 2, duration: 30)
Event: Test User6 on 2025-08-20 at 14:41:00 (count: 1, duration: 30)
Event: Samuel Seo on 2025-08-21 at 15:23:00 (count: 1, duration: 30)
Event: Daniel Park on 2025-08-22 at 14:23:00 (count: 1, duration: 30)
Event: Shingen Yamazaki on 2025-08-23 at 15:21:00 (count: 1, duration: 30)
Event: shikoy2 on 2025-08-30 at 14:12:00 (count: 1, duration: 30)
Events found: 14
Time: 2025-08-24 13:10:34 - Start: 2025-07-01, End: 2025-08-01, Server: /Pet_Track_revise-3/functions/get-appointments.php?start=2025-07-01&end=2025-08-01
Events found: 0
Time: 2025-08-24 13:10:35 - Start: 2025-08-01, End: 2025-09-01, Server: /Pet_Track_revise-3/functions/get-appointments.php?start=2025-08-01&end=2025-09-01
Count for 2025-08-07: 6
Count for 2025-08-08: 1
Count for 2025-08-15: 2
Count for 2025-08-20: 1
Count for 2025-08-21: 1
Count for 2025-08-22: 1
Count for 2025-08-23: 1
Count for 2025-08-30: 1
Event: mikay on 2025-08-07 at 12:22:00 (count: 6, duration: 30)
Event: uyan on 2025-08-07 at 12:31:00 (count: 6, duration: 30)
Event: odemil on 2025-08-07 at 12:34:00 (count: 6, duration: 30)
Event: sheryl on 2025-08-07 at 12:41:00 (count: 6, duration: 30)
Event: mikay on 2025-08-07 at 14:34:00 (count: 6, duration: 30)
Event: closherl on 2025-08-07 at 15:23:00 (count: 6, duration: 30)
Event: Maricar Bahala on 2025-08-08 at 10:08:00 (count: 1, duration: 30)
Event: Test User on 2025-08-15 at 15:23:00 (count: 2, duration: 30)
Event: 2323 on 2025-08-15 at 16:21:00 (count: 2, duration: 30)
Event: Test User6 on 2025-08-20 at 14:41:00 (count: 1, duration: 30)
Event: Samuel Seo on 2025-08-21 at 15:23:00 (count: 1, duration: 30)
Event: Daniel Park on 2025-08-22 at 14:23:00 (count: 1, duration: 30)
Event: Shingen Yamazaki on 2025-08-23 at 15:21:00 (count: 1, duration: 30)
Event: shikoy2 on 2025-08-30 at 14:12:00 (count: 1, duration: 30)
Events found: 14
Time: 2025-08-24 13:10:36 - Start: 2025-09-01, End: 2025-10-01, Server: /Pet_Track_revise-3/functions/get-appointments.php?start=2025-09-01&end=2025-10-01
Count for 2025-09-10: 1
Count for 2025-09-11: 2
Count for 2025-09-12: 1
Count for 2025-09-20: 1
Event: Test User234 on 2025-09-10 at 14:45:00 (count: 1, duration: 30)
Event: Test User2 on 2025-09-11 at 14:42:00 (count: 2, duration: 30)
Event: janpaul25 on 2025-09-11 at 15:55:00 (count: 2, duration: 30)
Event: tikoy on 2025-09-12 at 14:00:00 (count: 1, duration: 30)
Event: tikoy on 2025-09-20 at 13:30:00 (count: 1, duration: 90)
Events found: 5
Time: 2025-08-24 13:10:37 - Start: 2025-10-01, End: 2025-11-01, Server: /Pet_Track_revise-3/functions/get-appointments.php?start=2025-10-01&end=2025-11-01
Events found: 0
Time: 2025-08-24 13:10:38 - Start: 2025-11-01, End: 2025-12-01, Server: /Pet_Track_revise-3/functions/get-appointments.php?start=2025-11-01&end=2025-12-01
Events found: 0
Time: 2025-08-24 13:10:38 - Start: 2025-12-01, End: 2026-01-01, Server: /Pet_Track_revise-3/functions/get-appointments.php?start=2025-12-01&end=2026-01-01
Events found: 0
Time: 2025-08-24 13:10:39 - Start: 2025-11-01, End: 2025-12-01, Server: /Pet_Track_revise-3/functions/get-appointments.php?start=2025-11-01&end=2025-12-01
Events found: 0
Time: 2025-08-24 13:10:39 - Start: 2025-10-01, End: 2025-11-01, Server: /Pet_Track_revise-3/functions/get-appointments.php?start=2025-10-01&end=2025-11-01
Events found: 0
Time: 2025-08-24 13:10:39 - Start: 2025-09-01, End: 2025-10-01, Server: /Pet_Track_revise-3/functions/get-appointments.php?start=2025-09-01&end=2025-10-01
Count for 2025-09-10: 1
Count for 2025-09-11: 2
Count for 2025-09-12: 1
Count for 2025-09-20: 1
Event: Test User234 on 2025-09-10 at 14:45:00 (count: 1, duration: 30)
Event: Test User2 on 2025-09-11 at 14:42:00 (count: 2, duration: 30)
Event: janpaul25 on 2025-09-11 at 15:55:00 (count: 2, duration: 30)
Event: tikoy on 2025-09-12 at 14:00:00 (count: 1, duration: 30)
Event: tikoy on 2025-09-20 at 13:30:00 (count: 1, duration: 90)
Events found: 5
Time: 2025-08-24 13:10:40 - Start: 2025-08-01, End: 2025-09-01, Server: /Pet_Track_revise-3/functions/get-appointments.php?start=2025-08-01&end=2025-09-01
Count for 2025-08-07: 6
Count for 2025-08-08: 1
Count for 2025-08-15: 2
Count for 2025-08-20: 1
Count for 2025-08-21: 1
Count for 2025-08-22: 1
Count for 2025-08-23: 1
Count for 2025-08-30: 1
Event: mikay on 2025-08-07 at 12:22:00 (count: 6, duration: 30)
Event: uyan on 2025-08-07 at 12:31:00 (count: 6, duration: 30)
Event: odemil on 2025-08-07 at 12:34:00 (count: 6, duration: 30)
Event: sheryl on 2025-08-07 at 12:41:00 (count: 6, duration: 30)
Event: mikay on 2025-08-07 at 14:34:00 (count: 6, duration: 30)
Event: closherl on 2025-08-07 at 15:23:00 (count: 6, duration: 30)
Event: Maricar Bahala on 2025-08-08 at 10:08:00 (count: 1, duration: 30)
Event: Test User on 2025-08-15 at 15:23:00 (count: 2, duration: 30)
Event: 2323 on 2025-08-15 at 16:21:00 (count: 2, duration: 30)
Event: Test User6 on 2025-08-20 at 14:41:00 (count: 1, duration: 30)
Event: Samuel Seo on 2025-08-21 at 15:23:00 (count: 1, duration: 30)
Event: Daniel Park on 2025-08-22 at 14:23:00 (count: 1, duration: 30)
Event: Shingen Yamazaki on 2025-08-23 at 15:21:00 (count: 1, duration: 30)
Event: shikoy2 on 2025-08-30 at 14:12:00 (count: 1, duration: 30)
Events found: 14
Time: 2025-08-24 13:12:11 - Start: 2025-08-28, End: 2025-08-28, Server: /Pet_Track_revise-3/functions/get-appointments.php?start=2025-08-28&end=2025-08-28
Events found: 0
Time: 2025-08-24 13:12:11 - Start: 2025-08-28, End: 2025-08-28, Server: /Pet_Track_revise-3/functions/get-appointments.php?start=2025-08-28&end=2025-08-28
Events found: 0
Time: 2025-08-24 13:12:11 - Start: 2025-08-28, End: 2025-08-28, Server: /Pet_Track_revise-3/functions/get-appointments.php?start=2025-08-28&end=2025-08-28
Events found: 0
Time: 2025-08-24 13:12:17 - Start: 2025-08-28, End: 2025-08-28, Server: /Pet_Track_revise-3/functions/get-appointments.php?start=2025-08-28&end=2025-08-28
Events found: 0
Time: 2025-08-24 13:12:17 - Start: 2025-08-28, End: 2025-08-28, Server: /Pet_Track_revise-3/functions/get-appointments.php?start=2025-08-28&end=2025-08-28
Events found: 0
Time: 2025-08-24 13:12:19 - Start: 2025-08-28, End: 2025-08-28, Server: /Pet_Track_revise-3/functions/get-appointments.php?start=2025-08-28&end=2025-08-28
Events found: 0
Time: 2025-08-24 13:12:19 - Start: 2025-08-28, End: 2025-08-28, Server: /Pet_Track_revise-3/functions/get-appointments.php?start=2025-08-28&end=2025-08-28
Events found: 0
Script executed at 2025-08-24 13:12:20
Database connection successful.
Form data: Array
(
    [owner_name] => tikoykoy
    [contact_number] => 132323
    [appointment_date] => 2025-08-28
    [appointment_time] => 14:30:00
    [reason] => Grooming
)

Appointment logged: Guest tikoykoy booked an appointment on August 28, 2025 at 2:30 PM
Time: 2025-08-24 13:12:22 - Start: 2025-08-01, End: 2025-09-01, Server: /Pet_Track_revise-3/functions/get-appointments.php?start=2025-08-01&end=2025-09-01
Count for 2025-08-07: 6
Count for 2025-08-08: 1
Count for 2025-08-15: 2
Count for 2025-08-20: 1
Count for 2025-08-21: 1
Count for 2025-08-22: 1
Count for 2025-08-23: 1
Count for 2025-08-28: 1
Count for 2025-08-30: 1
Event: mikay on 2025-08-07 at 12:22:00 (count: 6, duration: 30)
Event: uyan on 2025-08-07 at 12:31:00 (count: 6, duration: 30)
Event: odemil on 2025-08-07 at 12:34:00 (count: 6, duration: 30)
Event: sheryl on 2025-08-07 at 12:41:00 (count: 6, duration: 30)
Event: mikay on 2025-08-07 at 14:34:00 (count: 6, duration: 30)
Event: closherl on 2025-08-07 at 15:23:00 (count: 6, duration: 30)
Event: Maricar Bahala on 2025-08-08 at 10:08:00 (count: 1, duration: 30)
Event: Test User on 2025-08-15 at 15:23:00 (count: 2, duration: 30)
Event: 2323 on 2025-08-15 at 16:21:00 (count: 2, duration: 30)
Event: Test User6 on 2025-08-20 at 14:41:00 (count: 1, duration: 30)
Event: Samuel Seo on 2025-08-21 at 15:23:00 (count: 1, duration: 30)
Event: Daniel Park on 2025-08-22 at 14:23:00 (count: 1, duration: 30)
Event: Shingen Yamazaki on 2025-08-23 at 15:21:00 (count: 1, duration: 30)
Event: tikoykoy on 2025-08-28 at 14:30:00 (count: 1, duration: 90)
Event: shikoy2 on 2025-08-30 at 14:12:00 (count: 1, duration: 30)
Events found: 15
Time: 2025-08-24 13:12:22 - Start: 2025-08-01, End: 2025-09-01, Server: /Pet_Track_revise-3/functions/get-appointments.php?start=2025-08-01&end=2025-09-01
Count for 2025-08-07: 6
Count for 2025-08-08: 1
Count for 2025-08-15: 2
Count for 2025-08-20: 1
Count for 2025-08-21: 1
Count for 2025-08-22: 1
Count for 2025-08-23: 1
Count for 2025-08-28: 1
Count for 2025-08-30: 1
Event: mikay on 2025-08-07 at 12:22:00 (count: 6, duration: 30)
Event: uyan on 2025-08-07 at 12:31:00 (count: 6, duration: 30)
Event: odemil on 2025-08-07 at 12:34:00 (count: 6, duration: 30)
Event: sheryl on 2025-08-07 at 12:41:00 (count: 6, duration: 30)
Event: mikay on 2025-08-07 at 14:34:00 (count: 6, duration: 30)
Event: closherl on 2025-08-07 at 15:23:00 (count: 6, duration: 30)
Event: Maricar Bahala on 2025-08-08 at 10:08:00 (count: 1, duration: 30)
Event: Test User on 2025-08-15 at 15:23:00 (count: 2, duration: 30)
Event: 2323 on 2025-08-15 at 16:21:00 (count: 2, duration: 30)
Event: Test User6 on 2025-08-20 at 14:41:00 (count: 1, duration: 30)
Event: Samuel Seo on 2025-08-21 at 15:23:00 (count: 1, duration: 30)
Event: Daniel Park on 2025-08-22 at 14:23:00 (count: 1, duration: 30)
Event: Shingen Yamazaki on 2025-08-23 at 15:21:00 (count: 1, duration: 30)
Event: tikoykoy on 2025-08-28 at 14:30:00 (count: 1, duration: 90)
Event: shikoy2 on 2025-08-30 at 14:12:00 (count: 1, duration: 30)
Events found: 15
Time: 2025-08-24 13:22:32 - Start: 2025-08-01, End: 2025-09-01, Server: /Pet_Track_revise-3/functions/get-appointments.php?start=2025-08-01&end=2025-09-01
Count for 2025-08-07: 6
Count for 2025-08-08: 1
Count for 2025-08-15: 2
Count for 2025-08-20: 1
Count for 2025-08-21: 1
Count for 2025-08-22: 1
Count for 2025-08-23: 1
Count for 2025-08-28: 1
Count for 2025-08-30: 1
Event: mikay on 2025-08-07 at 12:22:00 (count: 6, duration: 30)
Event: uyan on 2025-08-07 at 12:31:00 (count: 6, duration: 30)
Event: odemil on 2025-08-07 at 12:34:00 (count: 6, duration: 30)
Event: sheryl on 2025-08-07 at 12:41:00 (count: 6, duration: 30)
Event: mikay on 2025-08-07 at 14:34:00 (count: 6, duration: 30)
Event: closherl on 2025-08-07 at 15:23:00 (count: 6, duration: 30)
Event: Maricar Bahala on 2025-08-08 at 10:08:00 (count: 1, duration: 30)
Event: Test User on 2025-08-15 at 15:23:00 (count: 2, duration: 30)
Event: 2323 on 2025-08-15 at 16:21:00 (count: 2, duration: 30)
Event: Test User6 on 2025-08-20 at 14:41:00 (count: 1, duration: 30)
Event: Samuel Seo on 2025-08-21 at 15:23:00 (count: 1, duration: 30)
Event: Daniel Park on 2025-08-22 at 14:23:00 (count: 1, duration: 30)
Event: Shingen Yamazaki on 2025-08-23 at 15:21:00 (count: 1, duration: 30)
Event: tikoykoy on 2025-08-28 at 14:30:00 (count: 1, duration: 90)
Event: shikoy2 on 2025-08-30 at 14:12:00 (count: 1, duration: 30)
Events found: 15
Time: 2025-08-24 13:22:32 - Start: 2025-08-01, End: 2025-09-01, Server: /Pet_Track_revise-3/functions/get-appointments.php?start=2025-08-01&end=2025-09-01
Count for 2025-08-07: 6
Count for 2025-08-08: 1
Count for 2025-08-15: 2
Count for 2025-08-20: 1
Count for 2025-08-21: 1
Count for 2025-08-22: 1
Count for 2025-08-23: 1
Count for 2025-08-28: 1
Count for 2025-08-30: 1
Event: mikay on 2025-08-07 at 12:22:00 (count: 6, duration: 30)
Event: uyan on 2025-08-07 at 12:31:00 (count: 6, duration: 30)
Event: odemil on 2025-08-07 at 12:34:00 (count: 6, duration: 30)
Event: sheryl on 2025-08-07 at 12:41:00 (count: 6, duration: 30)
Event: mikay on 2025-08-07 at 14:34:00 (count: 6, duration: 30)
Event: closherl on 2025-08-07 at 15:23:00 (count: 6, duration: 30)
Event: Maricar Bahala on 2025-08-08 at 10:08:00 (count: 1, duration: 30)
Event: Test User on 2025-08-15 at 15:23:00 (count: 2, duration: 30)
Event: 2323 on 2025-08-15 at 16:21:00 (count: 2, duration: 30)
Event: Test User6 on 2025-08-20 at 14:41:00 (count: 1, duration: 30)
Event: Samuel Seo on 2025-08-21 at 15:23:00 (count: 1, duration: 30)
Event: Daniel Park on 2025-08-22 at 14:23:00 (count: 1, duration: 30)
Event: Shingen Yamazaki on 2025-08-23 at 15:21:00 (count: 1, duration: 30)
Event: tikoykoy on 2025-08-28 at 14:30:00 (count: 1, duration: 90)
Event: shikoy2 on 2025-08-30 at 14:12:00 (count: 1, duration: 30)
Events found: 15
Time: 2025-08-24 13:37:22 - Start: 2025-08-01, End: 2025-09-01, Server: /Pet_Track_revise-3/functions/get-appointments.php?start=2025-08-01&end=2025-09-01
Events found: 0
Time: 2025-08-24 13:37:22 - Start: 2025-08-01, End: 2025-09-01, Server: /Pet_Track_revise-3/functions/get-appointments.php?start=2025-08-01&end=2025-09-01
Events found: 0
Time: 2025-08-24 13:37:24 - Start: 2025-07-01, End: 2025-08-01, Server: /Pet_Track_revise-3/functions/get-appointments.php?start=2025-07-01&end=2025-08-01
Events found: 0
Time: 2025-08-24 13:37:24 - Start: 2025-06-01, End: 2025-07-01, Server: /Pet_Track_revise-3/functions/get-appointments.php?start=2025-06-01&end=2025-07-01
Events found: 0
Time: 2025-08-24 13:37:25 - Start: 2025-07-01, End: 2025-08-01, Server: /Pet_Track_revise-3/functions/get-appointments.php?start=2025-07-01&end=2025-08-01
Events found: 0
Time: 2025-08-24 13:37:25 - Start: 2025-08-01, End: 2025-09-01, Server: /Pet_Track_revise-3/functions/get-appointments.php?start=2025-08-01&end=2025-09-01
Events found: 0
Time: 2025-08-24 13:37:26 - Start: 2025-09-01, End: 2025-10-01, Server: /Pet_Track_revise-3/functions/get-appointments.php?start=2025-09-01&end=2025-10-01
Events found: 0
Time: 2025-08-24 13:37:26 - Start: 2025-10-01, End: 2025-11-01, Server: /Pet_Track_revise-3/functions/get-appointments.php?start=2025-10-01&end=2025-11-01
Events found: 0
Time: 2025-08-24 13:37:26 - Start: 2025-09-01, End: 2025-10-01, Server: /Pet_Track_revise-3/functions/get-appointments.php?start=2025-09-01&end=2025-10-01
Events found: 0
Time: 2025-08-24 13:37:26 - Start: 2025-08-01, End: 2025-09-01, Server: /Pet_Track_revise-3/functions/get-appointments.php?start=2025-08-01&end=2025-09-01
Events found: 0
Time: 2025-08-24 13:37:26 - Start: 2025-07-01, End: 2025-08-01, Server: /Pet_Track_revise-3/functions/get-appointments.php?start=2025-07-01&end=2025-08-01
Events found: 0
Time: 2025-08-24 13:37:27 - Start: 2025-06-01, End: 2025-07-01, Server: /Pet_Track_revise-3/functions/get-appointments.php?start=2025-06-01&end=2025-07-01
Events found: 0
Time: 2025-08-24 13:37:27 - Start: 2025-05-01, End: 2025-06-01, Server: /Pet_Track_revise-3/functions/get-appointments.php?start=2025-05-01&end=2025-06-01
Events found: 0
Time: 2025-08-24 13:37:27 - Start: 2025-04-01, End: 2025-05-01, Server: /Pet_Track_revise-3/functions/get-appointments.php?start=2025-04-01&end=2025-05-01
Events found: 0
Time: 2025-08-24 13:37:28 - Start: 2025-05-01, End: 2025-06-01, Server: /Pet_Track_revise-3/functions/get-appointments.php?start=2025-05-01&end=2025-06-01
Events found: 0
Time: 2025-08-24 13:37:28 - Start: 2025-06-01, End: 2025-07-01, Server: /Pet_Track_revise-3/functions/get-appointments.php?start=2025-06-01&end=2025-07-01
Events found: 0
Time: 2025-08-24 13:37:28 - Start: 2025-07-01, End: 2025-08-01, Server: /Pet_Track_revise-3/functions/get-appointments.php?start=2025-07-01&end=2025-08-01
Events found: 0
Time: 2025-08-24 13:37:28 - Start: 2025-08-01, End: 2025-09-01, Server: /Pet_Track_revise-3/functions/get-appointments.php?start=2025-08-01&end=2025-09-01
Events found: 0
Time: 2025-08-24 13:37:28 - Start: 2025-09-01, End: 2025-10-01, Server: /Pet_Track_revise-3/functions/get-appointments.php?start=2025-09-01&end=2025-10-01
Events found: 0
Time: 2025-08-24 13:37:29 - Start: 2025-08-01, End: 2025-09-01, Server: /Pet_Track_revise-3/functions/get-appointments.php?start=2025-08-01&end=2025-09-01
Events found: 0
Time: 2025-08-24 13:37:30 - Start: 2025-09-01, End: 2025-10-01, Server: /Pet_Track_revise-3/functions/get-appointments.php?start=2025-09-01&end=2025-10-01
Events found: 0
Time: 2025-08-24 13:37:44 - Start: 2025-08-30, End: 2025-08-30, Server: /Pet_Track_revise-3/functions/get-appointments.php?start=2025-08-30&end=2025-08-30
Events found: 0
Time: 2025-08-24 13:37:45 - Start: 2025-08-30, End: 2025-08-30, Server: /Pet_Track_revise-3/functions/get-appointments.php?start=2025-08-30&end=2025-08-30
Events found: 0
Time: 2025-08-24 13:37:50 - Start: 2025-08-30, End: 2025-08-30, Server: /Pet_Track_revise-3/functions/get-appointments.php?start=2025-08-30&end=2025-08-30
Events found: 0
Script executed at 2025-08-24 13:37:52
Database connection successful.
Form data: Array
(
    [owner_name] => tikoy
    [contact_number] => 091230123
    [appointment_date] => 2025-08-30
    [appointment_time] => 13:00:00
    [reason] => Checkup
)

Appointment logged: Guest tikoy booked an appointment on August 30, 2025 at 1:00 PM
Time: 2025-08-24 13:37:55 - Start: 2025-08-01, End: 2025-09-01, Server: /Pet_Track_revise-3/functions/get-appointments.php?start=2025-08-01&end=2025-09-01
Count for 2025-08-30: 1
Event: tikoy on 2025-08-30 at 13:00:00 (count: 1, duration: 90)
Events found: 1
Time: 2025-08-24 13:37:55 - Start: 2025-08-01, End: 2025-09-01, Server: /Pet_Track_revise-3/functions/get-appointments.php?start=2025-08-01&end=2025-09-01
Count for 2025-08-30: 1
Event: tikoy on 2025-08-30 at 13:00:00 (count: 1, duration: 90)
Events found: 1
Time: 2025-08-24 13:38:16 - Start: 2025-08-30, End: 2025-08-30, Server: /Pet_Track_revise-3/functions/get-appointments.php?start=2025-08-30&end=2025-08-30
Count for 2025-08-30: 1
Event: tikoy on 2025-08-30 at 13:00:00 (count: 1, duration: 90)
Events found: 1
Time: 2025-08-24 13:38:17 - Start: 2025-08-30, End: 2025-08-30, Server: /Pet_Track_revise-3/functions/get-appointments.php?start=2025-08-30&end=2025-08-30
Count for 2025-08-30: 1
Event: tikoy on 2025-08-30 at 13:00:00 (count: 1, duration: 90)
Events found: 1
Time: 2025-08-24 13:38:18 - Start: 2025-08-30, End: 2025-08-30, Server: /Pet_Track_revise-3/functions/get-appointments.php?start=2025-08-30&end=2025-08-30
Count for 2025-08-30: 1
Event: tikoy on 2025-08-30 at 13:00:00 (count: 1, duration: 90)
Events found: 1
Time: 2025-08-24 13:38:19 - Start: 2025-08-30, End: 2025-08-30, Server: /Pet_Track_revise-3/functions/get-appointments.php?start=2025-08-30&end=2025-08-30
Count for 2025-08-30: 1
Event: tikoy on 2025-08-30 at 13:00:00 (count: 1, duration: 90)
Events found: 1
Time: 2025-08-24 13:38:19 - Start: 2025-08-30, End: 2025-08-30, Server: /Pet_Track_revise-3/functions/get-appointments.php?start=2025-08-30&end=2025-08-30
Count for 2025-08-30: 1
Event: tikoy on 2025-08-30 at 13:00:00 (count: 1, duration: 90)
Events found: 1
Time: 2025-08-24 13:38:20 - Start: 2025-08-30, End: 2025-08-30, Server: /Pet_Track_revise-3/functions/get-appointments.php?start=2025-08-30&end=2025-08-30
Count for 2025-08-30: 1
Event: tikoy on 2025-08-30 at 13:00:00 (count: 1, duration: 90)
Events found: 1
Time: 2025-08-24 13:38:20 - Start: 2025-08-30, End: 2025-08-30, Server: /Pet_Track_revise-3/functions/get-appointments.php?start=2025-08-30&end=2025-08-30
Count for 2025-08-30: 1
Event: tikoy on 2025-08-30 at 13:00:00 (count: 1, duration: 90)
Events found: 1
Time: 2025-08-24 13:38:26 - Start: 2025-08-30, End: 2025-08-30, Server: /Pet_Track_revise-3/functions/get-appointments.php?start=2025-08-30&end=2025-08-30
Count for 2025-08-30: 1
Event: tikoy on 2025-08-30 at 13:00:00 (count: 1, duration: 90)
Events found: 1
Time: 2025-08-24 13:38:27 - Start: 2025-08-30, End: 2025-08-30, Server: /Pet_Track_revise-3/functions/get-appointments.php?start=2025-08-30&end=2025-08-30
Count for 2025-08-30: 1
Event: tikoy on 2025-08-30 at 13:00:00 (count: 1, duration: 90)
Events found: 1
Time: 2025-08-24 13:38:28 - Start: 2025-08-30, End: 2025-08-30, Server: /Pet_Track_revise-3/functions/get-appointments.php?start=2025-08-30&end=2025-08-30
Count for 2025-08-30: 1
Event: tikoy on 2025-08-30 at 13:00:00 (count: 1, duration: 90)
Events found: 1
Time: 2025-08-24 13:38:32 - Start: 2025-08-30, End: 2025-08-30, Server: /Pet_Track_revise-3/functions/get-appointments.php?start=2025-08-30&end=2025-08-30
Count for 2025-08-30: 1
Event: tikoy on 2025-08-30 at 13:00:00 (count: 1, duration: 90)
Events found: 1
Time: 2025-08-24 13:40:28 - Start: 2025-08-30, End: 2025-08-30, Server: /Pet_Track_revise-3/functions/get-appointments.php?start=2025-08-30&end=2025-08-30
Count for 2025-08-30: 1
Event: tikoy on 2025-08-30 at 13:00:00 (count: 1, duration: 90)
Events found: 1
Time: 2025-08-24 13:40:29 - Start: 2025-08-30, End: 2025-08-30, Server: /Pet_Track_revise-3/functions/get-appointments.php?start=2025-08-30&end=2025-08-30
Count for 2025-08-30: 1
Event: tikoy on 2025-08-30 at 13:00:00 (count: 1, duration: 90)
Events found: 1
Time: 2025-08-24 13:40:30 - Start: 2025-08-30, End: 2025-08-30, Server: /Pet_Track_revise-3/functions/get-appointments.php?start=2025-08-30&end=2025-08-30
Count for 2025-08-30: 1
Event: tikoy on 2025-08-30 at 13:00:00 (count: 1, duration: 90)
Events found: 1
Time: 2025-08-24 13:40:31 - Start: 2025-08-30, End: 2025-08-30, Server: /Pet_Track_revise-3/functions/get-appointments.php?start=2025-08-30&end=2025-08-30
Count for 2025-08-30: 1
Event: tikoy on 2025-08-30 at 13:00:00 (count: 1, duration: 90)
Events found: 1
Script executed at 2025-08-24 13:40:33
Database connection successful.
Form data: Array
(
    [owner_name] => tikay
    [contact_number] => 1231242131
    [appointment_date] => 2025-08-30
    [appointment_time] => 15:00:00
    [reason] => Surgery
)

Appointment logged: Guest tikay booked an appointment on August 30, 2025 at 3:00 PM
Time: 2025-08-24 13:40:36 - Start: 2025-08-01, End: 2025-09-01, Server: /Pet_Track_revise-3/functions/get-appointments.php?start=2025-08-01&end=2025-09-01
Count for 2025-08-30: 2
Event: tikoy on 2025-08-30 at 13:00:00 (count: 2, duration: 90)
Event: tikay on 2025-08-30 at 15:00:00 (count: 2, duration: 90)
Events found: 2
Time: 2025-08-24 13:40:36 - Start: 2025-08-01, End: 2025-09-01, Server: /Pet_Track_revise-3/functions/get-appointments.php?start=2025-08-01&end=2025-09-01
Count for 2025-08-30: 2
Event: tikoy on 2025-08-30 at 13:00:00 (count: 2, duration: 90)
Event: tikay on 2025-08-30 at 15:00:00 (count: 2, duration: 90)
Events found: 2
Time: 2025-08-24 14:08:48 - Start: 2025-08-01, End: 2025-09-01, Server: /Pet_Track_revise-3/functions/get-appointments.php?start=2025-08-01&end=2025-09-01
Count for 2025-08-30: 2
Event: tikoy on 2025-08-30 at 13:00:00 (count: 2, duration: 90)
Event: tikay on 2025-08-30 at 15:00:00 (count: 2, duration: 90)
Events found: 2
Time: 2025-08-24 14:08:49 - Start: 2025-08-01, End: 2025-09-01, Server: /Pet_Track_revise-3/functions/get-appointments.php?start=2025-08-01&end=2025-09-01
Count for 2025-08-30: 2
Event: tikoy on 2025-08-30 at 13:00:00 (count: 2, duration: 90)
Event: tikay on 2025-08-30 at 15:00:00 (count: 2, duration: 90)
Events found: 2
Time: 2025-08-24 14:08:50 - Start: 2025-09-01, End: 2025-10-01, Server: /Pet_Track_revise-3/functions/get-appointments.php?start=2025-09-01&end=2025-10-01
Events found: 0
Time: 2025-08-24 14:08:51 - Start: 2025-10-01, End: 2025-11-01, Server: /Pet_Track_revise-3/functions/get-appointments.php?start=2025-10-01&end=2025-11-01
Events found: 0
Time: 2025-08-24 14:08:52 - Start: 2025-09-01, End: 2025-10-01, Server: /Pet_Track_revise-3/functions/get-appointments.php?start=2025-09-01&end=2025-10-01
Events found: 0
Time: 2025-08-24 14:08:53 - Start: 2025-08-01, End: 2025-09-01, Server: /Pet_Track_revise-3/functions/get-appointments.php?start=2025-08-01&end=2025-09-01
Count for 2025-08-30: 2
Event: tikoy on 2025-08-30 at 13:00:00 (count: 2, duration: 90)
Event: tikay on 2025-08-30 at 15:00:00 (count: 2, duration: 90)
Events found: 2
Time: 2025-08-24 14:08:53 - Start: 2025-08-01, End: 2025-09-01, Server: /Pet_Track_revise-3/functions/get-appointments.php?start=2025-08-01&end=2025-09-01
Count for 2025-08-30: 2
Event: tikoy on 2025-08-30 at 13:00:00 (count: 2, duration: 90)
Event: tikay on 2025-08-30 at 15:00:00 (count: 2, duration: 90)
Events found: 2
Time: 2025-08-24 14:29:51 - Start: 2025-09-01, End: 2025-10-01, Server: /Pet_Track_revise-3/functions/get-appointments.php?start=2025-09-01&end=2025-10-01
Events found: 0
Time: 2025-08-24 14:29:53 - Start: 2025-10-01, End: 2025-11-01, Server: /Pet_Track_revise-3/functions/get-appointments.php?start=2025-10-01&end=2025-11-01
Events found: 0
Time: 2025-08-24 14:29:54 - Start: 2025-09-01, End: 2025-10-01, Server: /Pet_Track_revise-3/functions/get-appointments.php?start=2025-09-01&end=2025-10-01
Events found: 0
Time: 2025-08-24 14:29:54 - Start: 2025-08-01, End: 2025-09-01, Server: /Pet_Track_revise-3/functions/get-appointments.php?start=2025-08-01&end=2025-09-01
Count for 2025-08-30: 2
Event: tikoy on 2025-08-30 at 13:00:00 (count: 2, duration: 90)
Event: tikay on 2025-08-30 at 15:00:00 (count: 2, duration: 90)
Events found: 2
Time: 2025-08-25 00:09:52 - Start: 2025-08-01, End: 2025-09-01, Server: /Pet_Track_revise-3/functions/get-appointments.php?start=2025-08-01&end=2025-09-01
Count for 2025-08-30: 2
Event: tikoy on 2025-08-30 at 13:00:00 (count: 2, duration: 90)
Event: tikay on 2025-08-30 at 15:00:00 (count: 2, duration: 90)
Events found: 2
Time: 2025-08-25 00:09:52 - Start: 2025-08-01, End: 2025-09-01, Server: /Pet_Track_revise-3/functions/get-appointments.php?start=2025-08-01&end=2025-09-01
Count for 2025-08-30: 2
Event: tikoy on 2025-08-30 at 13:00:00 (count: 2, duration: 90)
Event: tikay on 2025-08-30 at 15:00:00 (count: 2, duration: 90)
Events found: 2
Time: 2025-08-25 00:09:55 - Start: 2025-07-01, End: 2025-08-01, Server: /Pet_Track_revise-3/functions/get-appointments.php?start=2025-07-01&end=2025-08-01
Events found: 0
Time: 2025-08-25 00:09:56 - Start: 2025-08-01, End: 2025-09-01, Server: /Pet_Track_revise-3/functions/get-appointments.php?start=2025-08-01&end=2025-09-01
Count for 2025-08-30: 2
Event: tikoy on 2025-08-30 at 13:00:00 (count: 2, duration: 90)
Event: tikay on 2025-08-30 at 15:00:00 (count: 2, duration: 90)
Events found: 2
Time: 2025-08-25 00:09:57 - Start: 2025-09-01, End: 2025-10-01, Server: /Pet_Track_revise-3/functions/get-appointments.php?start=2025-09-01&end=2025-10-01
Events found: 0
Time: 2025-08-25 00:09:57 - Start: 2025-10-01, End: 2025-11-01, Server: /Pet_Track_revise-3/functions/get-appointments.php?start=2025-10-01&end=2025-11-01
Events found: 0
Time: 2025-08-25 00:09:58 - Start: 2025-09-01, End: 2025-10-01, Server: /Pet_Track_revise-3/functions/get-appointments.php?start=2025-09-01&end=2025-10-01
Events found: 0
Time: 2025-08-25 00:09:58 - Start: 2025-08-01, End: 2025-09-01, Server: /Pet_Track_revise-3/functions/get-appointments.php?start=2025-08-01&end=2025-09-01
Count for 2025-08-30: 2
Event: tikoy on 2025-08-30 at 13:00:00 (count: 2, duration: 90)
Event: tikay on 2025-08-30 at 15:00:00 (count: 2, duration: 90)
Events found: 2
Time: 2025-08-25 00:12:08 - Start: 2025-08-01, End: 2025-09-01, Server: /Pet_Track_revise-3/functions/get-appointments.php?start=2025-08-01&end=2025-09-01
Count for 2025-08-30: 2
Event: tikoy on 2025-08-30 at 13:00:00 (count: 2, duration: 90)
Event: tikay on 2025-08-30 at 15:00:00 (count: 2, duration: 90)
Events found: 2
Time: 2025-08-25 00:12:08 - Start: 2025-08-01, End: 2025-09-01, Server: /Pet_Track_revise-3/functions/get-appointments.php?start=2025-08-01&end=2025-09-01
Count for 2025-08-30: 2
Event: tikoy on 2025-08-30 at 13:00:00 (count: 2, duration: 90)
Event: tikay on 2025-08-30 at 15:00:00 (count: 2, duration: 90)
Events found: 2
Time: 2025-08-25 00:12:34 - Start: 2025-08-01, End: 2025-09-01, Server: /Pet_Track_revise-3/functions/get-appointments.php?start=2025-08-01&end=2025-09-01
Count for 2025-08-30: 2
Event: tikoy on 2025-08-30 at 13:00:00 (count: 2, duration: 90)
Event: tikay on 2025-08-30 at 15:00:00 (count: 2, duration: 90)
Events found: 2
Time: 2025-08-25 00:12:34 - Start: 2025-08-01, End: 2025-09-01, Server: /Pet_Track_revise-3/functions/get-appointments.php?start=2025-08-01&end=2025-09-01
Count for 2025-08-30: 2
Event: tikoy on 2025-08-30 at 13:00:00 (count: 2, duration: 90)
Event: tikay on 2025-08-30 at 15:00:00 (count: 2, duration: 90)
Events found: 2
Time: 2025-08-25 00:12:41 - Start: 2025-07-01, End: 2025-08-01, Server: /Pet_Track_revise-3/functions/get-appointments.php?start=2025-07-01&end=2025-08-01
Events found: 0
Time: 2025-08-25 00:12:43 - Start: 2025-08-01, End: 2025-09-01, Server: /Pet_Track_revise-3/functions/get-appointments.php?start=2025-08-01&end=2025-09-01
Count for 2025-08-30: 2
Event: tikoy on 2025-08-30 at 13:00:00 (count: 2, duration: 90)
Event: tikay on 2025-08-30 at 15:00:00 (count: 2, duration: 90)
Events found: 2
Time: 2025-08-25 00:13:12 - Start: 2025-08-01, End: 2025-09-01, Server: /Pet_Track_revise-3/functions/get-appointments.php?start=2025-08-01&end=2025-09-01
Count for 2025-08-30: 2
Event: tikoy on 2025-08-30 at 13:00:00 (count: 2, duration: 90)
Event: tikay on 2025-08-30 at 15:00:00 (count: 2, duration: 90)
Events found: 2
Time: 2025-08-25 00:13:12 - Start: 2025-08-01, End: 2025-09-01, Server: /Pet_Track_revise-3/functions/get-appointments.php?start=2025-08-01&end=2025-09-01
Count for 2025-08-30: 2
Event: tikoy on 2025-08-30 at 13:00:00 (count: 2, duration: 90)
Event: tikay on 2025-08-30 at 15:00:00 (count: 2, duration: 90)
Events found: 2
Time: 2025-08-27 22:57:37 - Start: 2025-09-10, End: 2025-09-10, Server: /Pet_Track_revise-3/functions/get-appointments.php?start=2025-09-10&end=2025-09-10
Events found: 0
Script executed at 2025-08-27 22:57:40
Database connection successful.
Form data: Array
(
    [owner_name] => James Lee
    [contact_number] => 09372841234
    [appointment_date] => 2025-09-10
    [appointment_time] => 14:30:00
    [reason] => Checkup
)

Appointment logged: Guest James Lee booked an appointment on September 10, 2025 at 2:30 PM
Time: 2025-08-27 23:01:04 - Start: 2025-09-10, End: 2025-09-10, Server: /Pet_Track_revise-3/functions/get-appointments.php?start=2025-09-10&end=2025-09-10
Count for 2025-09-10: 1
Event: James Lee on 2025-09-10 at 14:30:00 (count: 1, duration: 90)
Events found: 1
Time: 2025-08-27 23:01:13 - Start: 2025-09-10, End: 2025-09-10, Server: /Pet_Track_revise-3/functions/get-appointments.php?start=2025-09-10&end=2025-09-10
Count for 2025-09-10: 1
Event: James Lee on 2025-09-10 at 14:30:00 (count: 1, duration: 90)
Events found: 1
Time: 2025-08-27 23:01:28 - Start: 2025-09-10, End: 2025-09-10, Server: /Pet_Track_revise-3/functions/get-appointments.php?start=2025-09-10&end=2025-09-10
Count for 2025-09-10: 1
Event: James Lee on 2025-09-10 at 14:30:00 (count: 1, duration: 90)
Events found: 1
Time: 2025-08-27 23:01:42 - Start: 2025-09-10, End: 2025-09-10, Server: /Pet_Track_revise-3/functions/get-appointments.php?start=2025-09-10&end=2025-09-10
Count for 2025-09-10: 1
Event: James Lee on 2025-09-10 at 14:30:00 (count: 1, duration: 90)
Events found: 1
Script executed at 2025-08-27 23:01:44
Database connection successful.
Form data: Array
(
    [owner_name] => Mikaykay Abecia
    [contact_number] => 532324223123
    [appointment_date] => 2025-09-10
    [appointment_time] => 09:30:00
    [reason] => Grooming
)

Appointment logged: Guest Mikaykay Abecia booked an appointment on September 10, 2025 at 9:30 AM
Time: 2025-08-27 23:01:57 - Start: 2025-08-01, End: 2025-09-01, Server: /Pet_Track_revise-3/functions/get-appointments.php?start=2025-08-01&end=2025-09-01
Count for 2025-08-30: 2
Event: tikoy on 2025-08-30 at 13:00:00 (count: 2, duration: 90)
Event: tikay on 2025-08-30 at 15:00:00 (count: 2, duration: 90)
Events found: 2
Time: 2025-08-27 23:01:57 - Start: 2025-08-01, End: 2025-09-01, Server: /Pet_Track_revise-3/functions/get-appointments.php?start=2025-08-01&end=2025-09-01
Count for 2025-08-30: 2
Event: tikoy on 2025-08-30 at 13:00:00 (count: 2, duration: 90)
Event: tikay on 2025-08-30 at 15:00:00 (count: 2, duration: 90)
Events found: 2
Time: 2025-08-27 23:02:10 - Start: 2025-09-01, End: 2025-10-01, Server: /Pet_Track_revise-3/functions/get-appointments.php?start=2025-09-01&end=2025-10-01
Count for 2025-09-10: 2
Event: Mikaykay Abecia on 2025-09-10 at 09:30:00 (count: 2, duration: 90)
Event: James Lee on 2025-09-10 at 14:30:00 (count: 2, duration: 90)
Events found: 2
Time: 2025-08-27 23:02:11 - Start: 2025-08-01, End: 2025-09-01, Server: /Pet_Track_revise-3/functions/get-appointments.php?start=2025-08-01&end=2025-09-01
Count for 2025-08-30: 2
Event: tikoy on 2025-08-30 at 13:00:00 (count: 2, duration: 90)
Event: tikay on 2025-08-30 at 15:00:00 (count: 2, duration: 90)
Events found: 2
Time: 2025-08-27 23:02:15 - Start: 2025-08-01, End: 2025-09-01, Server: /Pet_Track_revise-3/functions/get-appointments.php?start=2025-08-01&end=2025-09-01
Count for 2025-08-30: 2
Event: tikoy on 2025-08-30 at 13:00:00 (count: 2, duration: 90)
Event: tikay on 2025-08-30 at 15:00:00 (count: 2, duration: 90)
Events found: 2
Time: 2025-08-27 23:02:15 - Start: 2025-08-01, End: 2025-09-01, Server: /Pet_Track_revise-3/functions/get-appointments.php?start=2025-08-01&end=2025-09-01
Count for 2025-08-30: 2
Event: tikoy on 2025-08-30 at 13:00:00 (count: 2, duration: 90)
Event: tikay on 2025-08-30 at 15:00:00 (count: 2, duration: 90)
Events found: 2
Time: 2025-08-27 23:02:17 - Start: 2025-08-01, End: 2025-09-01, Server: /Pet_Track_revise-3/functions/get-appointments.php?start=2025-08-01&end=2025-09-01
Count for 2025-08-30: 2
Event: tikoy on 2025-08-30 at 13:00:00 (count: 2, duration: 90)
Event: tikay on 2025-08-30 at 15:00:00 (count: 2, duration: 90)
Events found: 2
Time: 2025-08-27 23:02:17 - Start: 2025-08-01, End: 2025-09-01, Server: /Pet_Track_revise-3/functions/get-appointments.php?start=2025-08-01&end=2025-09-01
Count for 2025-08-30: 2
Event: tikoy on 2025-08-30 at 13:00:00 (count: 2, duration: 90)
Event: tikay on 2025-08-30 at 15:00:00 (count: 2, duration: 90)
Events found: 2
Time: 2025-08-27 23:02:21 - Start: 2025-09-01, End: 2025-10-01, Server: /Pet_Track_revise-3/functions/get-appointments.php?start=2025-09-01&end=2025-10-01
Count for 2025-09-10: 2
Event: Mikaykay Abecia on 2025-09-10 at 09:30:00 (count: 2, duration: 90)
Event: James Lee on 2025-09-10 at 14:30:00 (count: 2, duration: 90)
Events found: 2
Time: 2025-08-27 23:16:28 - Start: 2025-08-01, End: 2025-09-01, Server: /Pet_Track_revise-3/functions/get-appointments.php?start=2025-08-01&end=2025-09-01
Count for 2025-08-30: 2
Event: tikoy on 2025-08-30 at 13:00:00 (count: 2, duration: 90)
Event: tikay on 2025-08-30 at 15:00:00 (count: 2, duration: 90)
Events found: 2
Time: 2025-08-27 23:16:28 - Start: 2025-08-01, End: 2025-09-01, Server: /Pet_Track_revise-3/functions/get-appointments.php?start=2025-08-01&end=2025-09-01
Count for 2025-08-30: 2
Event: tikoy on 2025-08-30 at 13:00:00 (count: 2, duration: 90)
Event: tikay on 2025-08-30 at 15:00:00 (count: 2, duration: 90)
Events found: 2
Time: 2025-08-27 23:26:02 - Start: 2025-08-01, End: 2025-09-01, Server: /Pet_Track_revise-3/functions/get-appointments.php?start=2025-08-01&end=2025-09-01
Count for 2025-08-30: 2
Event: tikoy on 2025-08-30 at 13:00:00 (count: 2, duration: 90)
Event: tikay on 2025-08-30 at 15:00:00 (count: 2, duration: 90)
Events found: 2
Time: 2025-08-27 23:26:02 - Start: 2025-08-01, End: 2025-09-01, Server: /Pet_Track_revise-3/functions/get-appointments.php?start=2025-08-01&end=2025-09-01
Count for 2025-08-30: 2
Event: tikoy on 2025-08-30 at 13:00:00 (count: 2, duration: 90)
Event: tikay on 2025-08-30 at 15:00:00 (count: 2, duration: 90)
Events found: 2
Time: 2025-08-27 23:36:51 - Start: 2025-08-01, End: 2025-09-01, Server: /Pet_Track_revise-3/functions/get-appointments.php?start=2025-08-01&end=2025-09-01
Count for 2025-08-30: 2
Event: tikoy on 2025-08-30 at 13:00:00 (count: 2, duration: 90)
Event: tikay on 2025-08-30 at 15:00:00 (count: 2, duration: 90)
Events found: 2
Time: 2025-08-27 23:36:51 - Start: 2025-08-01, End: 2025-09-01, Server: /Pet_Track_revise-3/functions/get-appointments.php?start=2025-08-01&end=2025-09-01
Count for 2025-08-30: 2
Event: tikoy on 2025-08-30 at 13:00:00 (count: 2, duration: 90)
Event: tikay on 2025-08-30 at 15:00:00 (count: 2, duration: 90)
Events found: 2
Time: 2025-08-27 23:36:53 - Start: 2025-09-01, End: 2025-10-01, Server: /Pet_Track_revise-3/functions/get-appointments.php?start=2025-09-01&end=2025-10-01
Count for 2025-09-10: 2
Event: Mikaykay Abecia on 2025-09-10 at 09:30:00 (count: 2, duration: 90)
Event: James Lee on 2025-09-10 at 14:30:00 (count: 2, duration: 90)
Events found: 2
Time: 2025-08-27 23:36:56 - Start: 2025-08-01, End: 2025-09-01, Server: /Pet_Track_revise-3/functions/get-appointments.php?start=2025-08-01&end=2025-09-01
Count for 2025-08-30: 2
Event: tikoy on 2025-08-30 at 13:00:00 (count: 2, duration: 90)
Event: tikay on 2025-08-30 at 15:00:00 (count: 2, duration: 90)
Events found: 2
Time: 2025-08-27 23:36:57 - Start: 2025-09-01, End: 2025-10-01, Server: /Pet_Track_revise-3/functions/get-appointments.php?start=2025-09-01&end=2025-10-01
Count for 2025-09-10: 2
Event: Mikaykay Abecia on 2025-09-10 at 09:30:00 (count: 2, duration: 90)
Event: James Lee on 2025-09-10 at 14:30:00 (count: 2, duration: 90)
Events found: 2
Time: 2025-08-27 23:36:57 - Start: 2025-08-01, End: 2025-09-01, Server: /Pet_Track_revise-3/functions/get-appointments.php?start=2025-08-01&end=2025-09-01
Count for 2025-08-30: 2
Event: tikoy on 2025-08-30 at 13:00:00 (count: 2, duration: 90)
Event: tikay on 2025-08-30 at 15:00:00 (count: 2, duration: 90)
Events found: 2
Time: 2025-08-27 23:36:57 - Start: 2025-09-01, End: 2025-10-01, Server: /Pet_Track_revise-3/functions/get-appointments.php?start=2025-09-01&end=2025-10-01
Count for 2025-09-10: 2
Event: Mikaykay Abecia on 2025-09-10 at 09:30:00 (count: 2, duration: 90)
Event: James Lee on 2025-09-10 at 14:30:00 (count: 2, duration: 90)
Events found: 2
Time: 2025-08-27 23:36:58 - Start: 2025-08-01, End: 2025-09-01, Server: /Pet_Track_revise-3/functions/get-appointments.php?start=2025-08-01&end=2025-09-01
Count for 2025-08-30: 2
Event: tikoy on 2025-08-30 at 13:00:00 (count: 2, duration: 90)
Event: tikay on 2025-08-30 at 15:00:00 (count: 2, duration: 90)
Events found: 2
Time: 2025-08-27 23:36:58 - Start: 2025-09-01, End: 2025-10-01, Server: /Pet_Track_revise-3/functions/get-appointments.php?start=2025-09-01&end=2025-10-01
Count for 2025-09-10: 2
Event: Mikaykay Abecia on 2025-09-10 at 09:30:00 (count: 2, duration: 90)
Event: James Lee on 2025-09-10 at 14:30:00 (count: 2, duration: 90)
Events found: 2
Time: 2025-08-27 23:36:58 - Start: 2025-08-01, End: 2025-09-01, Server: /Pet_Track_revise-3/functions/get-appointments.php?start=2025-08-01&end=2025-09-01
Count for 2025-08-30: 2
Event: tikoy on 2025-08-30 at 13:00:00 (count: 2, duration: 90)
Event: tikay on 2025-08-30 at 15:00:00 (count: 2, duration: 90)
Events found: 2
Time: 2025-08-27 23:36:59 - Start: 2025-09-01, End: 2025-10-01, Server: /Pet_Track_revise-3/functions/get-appointments.php?start=2025-09-01&end=2025-10-01
Count for 2025-09-10: 2
Event: Mikaykay Abecia on 2025-09-10 at 09:30:00 (count: 2, duration: 90)
Event: James Lee on 2025-09-10 at 14:30:00 (count: 2, duration: 90)
Events found: 2
Time: 2025-08-27 23:36:59 - Start: 2025-08-01, End: 2025-09-01, Server: /Pet_Track_revise-3/functions/get-appointments.php?start=2025-08-01&end=2025-09-01
Count for 2025-08-30: 2
Event: tikoy on 2025-08-30 at 13:00:00 (count: 2, duration: 90)
Event: tikay on 2025-08-30 at 15:00:00 (count: 2, duration: 90)
Events found: 2
Time: 2025-08-27 23:36:59 - Start: 2025-09-01, End: 2025-10-01, Server: /Pet_Track_revise-3/functions/get-appointments.php?start=2025-09-01&end=2025-10-01
Count for 2025-09-10: 2
Event: Mikaykay Abecia on 2025-09-10 at 09:30:00 (count: 2, duration: 90)
Event: James Lee on 2025-09-10 at 14:30:00 (count: 2, duration: 90)
Events found: 2
Time: 2025-08-27 23:36:59 - Start: 2025-08-01, End: 2025-09-01, Server: /Pet_Track_revise-3/functions/get-appointments.php?start=2025-08-01&end=2025-09-01
Count for 2025-08-30: 2
Event: tikoy on 2025-08-30 at 13:00:00 (count: 2, duration: 90)
Event: tikay on 2025-08-30 at 15:00:00 (count: 2, duration: 90)
Events found: 2
Time: 2025-08-27 23:36:59 - Start: 2025-09-01, End: 2025-10-01, Server: /Pet_Track_revise-3/functions/get-appointments.php?start=2025-09-01&end=2025-10-01
Count for 2025-09-10: 2
Event: Mikaykay Abecia on 2025-09-10 at 09:30:00 (count: 2, duration: 90)
Event: James Lee on 2025-09-10 at 14:30:00 (count: 2, duration: 90)
Events found: 2
Time: 2025-08-27 23:37:00 - Start: 2025-08-01, End: 2025-09-01, Server: /Pet_Track_revise-3/functions/get-appointments.php?start=2025-08-01&end=2025-09-01
Count for 2025-08-30: 2
Event: tikoy on 2025-08-30 at 13:00:00 (count: 2, duration: 90)
Event: tikay on 2025-08-30 at 15:00:00 (count: 2, duration: 90)
Events found: 2
Time: 2025-08-27 23:37:00 - Start: 2025-09-01, End: 2025-10-01, Server: /Pet_Track_revise-3/functions/get-appointments.php?start=2025-09-01&end=2025-10-01
Count for 2025-09-10: 2
Event: Mikaykay Abecia on 2025-09-10 at 09:30:00 (count: 2, duration: 90)
Event: James Lee on 2025-09-10 at 14:30:00 (count: 2, duration: 90)
Events found: 2
Time: 2025-08-27 23:37:10 - Start: 2025-08-01, End: 2025-09-01, Server: /Pet_Track_revise-3/functions/get-appointments.php?start=2025-08-01&end=2025-09-01
Count for 2025-08-30: 2
Event: tikoy on 2025-08-30 at 13:00:00 (count: 2, duration: 90)
Event: tikay on 2025-08-30 at 15:00:00 (count: 2, duration: 90)
Events found: 2
Time: 2025-08-27 23:37:12 - Start: 2025-09-01, End: 2025-10-01, Server: /Pet_Track_revise-3/functions/get-appointments.php?start=2025-09-01&end=2025-10-01
Count for 2025-09-10: 2
Event: Mikaykay Abecia on 2025-09-10 at 09:30:00 (count: 2, duration: 90)
Event: James Lee on 2025-09-10 at 14:30:00 (count: 2, duration: 90)
Events found: 2
Time: 2025-08-27 23:37:17 - Start: 2025-08-01, End: 2025-09-01, Server: /Pet_Track_revise-3/functions/get-appointments.php?start=2025-08-01&end=2025-09-01
Count for 2025-08-30: 2
Event: tikoy on 2025-08-30 at 13:00:00 (count: 2, duration: 90)
Event: tikay on 2025-08-30 at 15:00:00 (count: 2, duration: 90)
Events found: 2
Time: 2025-08-27 23:37:41 - Start: 2025-08-28, End: 2025-08-28, Server: /Pet_Track_revise-3/functions/get-appointments.php?start=2025-08-28&end=2025-08-28
Events found: 0
Time: 2025-08-27 23:37:47 - Start: 2025-08-28, End: 2025-08-28, Server: /Pet_Track_revise-3/functions/get-appointments.php?start=2025-08-28&end=2025-08-28
Events found: 0
Time: 2025-08-27 23:37:47 - Start: 2025-08-28, End: 2025-08-28, Server: /Pet_Track_revise-3/functions/get-appointments.php?start=2025-08-28&end=2025-08-28
Events found: 0
Script executed at 2025-08-27 23:37:48
Database connection successful.
Form data: Array
(
    [owner_name] => Seongji Yeok
    [contact_number] => 093925166643
    [appointment_date] => 2025-08-28
    [appointment_time] => 14:30:00
    [reason] => Vaccination
)

Appointment logged: Guest Seongji Yeok booked an appointment on August 28, 2025 at 2:30 PM
Time: 2025-08-27 23:37:51 - Start: 2025-08-01, End: 2025-09-01, Server: /Pet_Track_revise-3/functions/get-appointments.php?start=2025-08-01&end=2025-09-01
Count for 2025-08-28: 1
Count for 2025-08-30: 2
Event: Seongji Yeok on 2025-08-28 at 14:30:00 (count: 1, duration: 90)
Event: tikoy on 2025-08-30 at 13:00:00 (count: 2, duration: 90)
Event: tikay on 2025-08-30 at 15:00:00 (count: 2, duration: 90)
Events found: 3
Time: 2025-08-27 23:37:51 - Start: 2025-08-01, End: 2025-09-01, Server: /Pet_Track_revise-3/functions/get-appointments.php?start=2025-08-01&end=2025-09-01
Count for 2025-08-28: 1
Count for 2025-08-30: 2
Event: Seongji Yeok on 2025-08-28 at 14:30:00 (count: 1, duration: 90)
Event: tikoy on 2025-08-30 at 13:00:00 (count: 2, duration: 90)
Event: tikay on 2025-08-30 at 15:00:00 (count: 2, duration: 90)
Events found: 3
Time: 2025-08-29 22:56:30 - Start: 2025-08-01, End: 2025-09-01, Server: /Pet_Track_revise-3/functions/get-appointments.php?start=2025-08-01&end=2025-09-01
Count for 2025-08-28: 1
Count for 2025-08-30: 2
Event: Seongji Yeok on 2025-08-28 at 14:30:00 (count: 1, duration: 90)
Event: tikoy on 2025-08-30 at 13:00:00 (count: 2, duration: 90)
Event: tikay on 2025-08-30 at 15:00:00 (count: 2, duration: 90)
Events found: 3
Time: 2025-08-29 22:56:30 - Start: 2025-08-01, End: 2025-09-01, Server: /Pet_Track_revise-3/functions/get-appointments.php?start=2025-08-01&end=2025-09-01
Count for 2025-08-28: 1
Count for 2025-08-30: 2
Event: Seongji Yeok on 2025-08-28 at 14:30:00 (count: 1, duration: 90)
Event: tikoy on 2025-08-30 at 13:00:00 (count: 2, duration: 90)
Event: tikay on 2025-08-30 at 15:00:00 (count: 2, duration: 90)
Events found: 3
Time: 2025-08-29 23:03:14 - Start: 2025-08-01, End: 2025-09-01, Server: /Pet_Track_revise-3/functions/get-appointments.php?start=2025-08-01&end=2025-09-01
Count for 2025-08-28: 1
Count for 2025-08-30: 2
Event: Seongji Yeok on 2025-08-28 at 14:30:00 (count: 1, duration: 90)
Event: tikoy on 2025-08-30 at 13:00:00 (count: 2, duration: 90)
Event: tikay on 2025-08-30 at 15:00:00 (count: 2, duration: 90)
Events found: 3
Time: 2025-08-29 23:03:14 - Start: 2025-08-01, End: 2025-09-01, Server: /Pet_Track_revise-3/functions/get-appointments.php?start=2025-08-01&end=2025-09-01
Count for 2025-08-28: 1
Count for 2025-08-30: 2
Event: Seongji Yeok on 2025-08-28 at 14:30:00 (count: 1, duration: 90)
Event: tikoy on 2025-08-30 at 13:00:00 (count: 2, duration: 90)
Event: tikay on 2025-08-30 at 15:00:00 (count: 2, duration: 90)
Events found: 3
Time: 2025-08-29 23:08:34 - Start: 2025-08-01, End: 2025-09-01, Server: /Pet_Track_revise-3/functions/get-appointments.php?start=2025-08-01&end=2025-09-01
Count for 2025-08-28: 1
Count for 2025-08-30: 2
Event: Seongji Yeok on 2025-08-28 at 14:30:00 (count: 1, duration: 90)
Event: tikoy on 2025-08-30 at 13:00:00 (count: 2, duration: 90)
Event: tikay on 2025-08-30 at 15:00:00 (count: 2, duration: 90)
Events found: 3
Time: 2025-08-29 23:08:34 - Start: 2025-08-01, End: 2025-09-01, Server: /Pet_Track_revise-3/functions/get-appointments.php?start=2025-08-01&end=2025-09-01
Count for 2025-08-28: 1
Count for 2025-08-30: 2
Event: Seongji Yeok on 2025-08-28 at 14:30:00 (count: 1, duration: 90)
Event: tikoy on 2025-08-30 at 13:00:00 (count: 2, duration: 90)
Event: tikay on 2025-08-30 at 15:00:00 (count: 2, duration: 90)
Events found: 3
Time: 2025-08-29 23:08:44 - Start: 2025-08-01, End: 2025-09-01, Server: /Pet_Track_revise-3/functions/get-appointments.php?start=2025-08-01&end=2025-09-01
Count for 2025-08-28: 1
Count for 2025-08-30: 2
Event: Seongji Yeok on 2025-08-28 at 14:30:00 (count: 1, duration: 90)
Event: tikoy on 2025-08-30 at 13:00:00 (count: 2, duration: 90)
Event: tikay on 2025-08-30 at 15:00:00 (count: 2, duration: 90)
Events found: 3
Time: 2025-08-29 23:08:45 - Start: 2025-08-01, End: 2025-09-01, Server: /Pet_Track_revise-3/functions/get-appointments.php?start=2025-08-01&end=2025-09-01
Count for 2025-08-28: 1
Count for 2025-08-30: 2
Event: Seongji Yeok on 2025-08-28 at 14:30:00 (count: 1, duration: 90)
Event: tikoy on 2025-08-30 at 13:00:00 (count: 2, duration: 90)
Event: tikay on 2025-08-30 at 15:00:00 (count: 2, duration: 90)
Events found: 3
Time: 2025-08-29 23:22:14 - Start: 2025-08-01, End: 2025-09-01, Server: /Pet_Track_revise-3/functions/get-appointments.php?start=2025-08-01&end=2025-09-01
Count for 2025-08-28: 1
Count for 2025-08-30: 2
Event: Seongji Yeok on 2025-08-28 at 14:30:00 (count: 1, duration: 90)
Event: tikoy on 2025-08-30 at 13:00:00 (count: 2, duration: 90)
Event: tikay on 2025-08-30 at 15:00:00 (count: 2, duration: 90)
Events found: 3
Time: 2025-08-29 23:22:14 - Start: 2025-08-01, End: 2025-09-01, Server: /Pet_Track_revise-3/functions/get-appointments.php?start=2025-08-01&end=2025-09-01
Count for 2025-08-28: 1
Count for 2025-08-30: 2
Event: Seongji Yeok on 2025-08-28 at 14:30:00 (count: 1, duration: 90)
Event: tikoy on 2025-08-30 at 13:00:00 (count: 2, duration: 90)
Event: tikay on 2025-08-30 at 15:00:00 (count: 2, duration: 90)
Events found: 3
Time: 2025-08-30 23:50:54 - Start: 2025-08-01, End: 2025-09-01, Server: /Pet_Track_revise-3/functions/get-appointments.php?start=2025-08-01&end=2025-09-01
Count for 2025-08-28: 1
Count for 2025-08-30: 2
Event: Seongji Yeok on 2025-08-28 at 14:30:00 (count: 1, duration: 90)
Event: tikoy on 2025-08-30 at 13:00:00 (count: 2, duration: 90)
Event: tikay on 2025-08-30 at 15:00:00 (count: 2, duration: 90)
Events found: 3
Time: 2025-08-30 23:50:54 - Start: 2025-08-01, End: 2025-09-01, Server: /Pet_Track_revise-3/functions/get-appointments.php?start=2025-08-01&end=2025-09-01
Count for 2025-08-28: 1
Count for 2025-08-30: 2
Event: Seongji Yeok on 2025-08-28 at 14:30:00 (count: 1, duration: 90)
Event: tikoy on 2025-08-30 at 13:00:00 (count: 2, duration: 90)
Event: tikay on 2025-08-30 at 15:00:00 (count: 2, duration: 90)
Events found: 3
Time: 2025-08-31 21:20:36 - Start: 2025-08-01, End: 2025-09-01, Server: /Pet_Track_revise-3/functions/get-appointments.php?start=2025-08-01&end=2025-09-01
Count for 2025-08-28: 1
Count for 2025-08-30: 2
Event: Seongji Yeok on 2025-08-28 at 14:30:00 (count: 1, duration: 90)
Event: tikoy on 2025-08-30 at 13:00:00 (count: 2, duration: 90)
Event: tikay on 2025-08-30 at 15:00:00 (count: 2, duration: 90)
Events found: 3
Time: 2025-08-31 21:20:36 - Start: 2025-08-01, End: 2025-09-01, Server: /Pet_Track_revise-3/functions/get-appointments.php?start=2025-08-01&end=2025-09-01
Count for 2025-08-28: 1
Count for 2025-08-30: 2
Event: Seongji Yeok on 2025-08-28 at 14:30:00 (count: 1, duration: 90)
Event: tikoy on 2025-08-30 at 13:00:00 (count: 2, duration: 90)
Event: tikay on 2025-08-30 at 15:00:00 (count: 2, duration: 90)
Events found: 3
Time: 2025-08-31 21:53:50 - Start: 2025-08-01, End: 2025-09-01, Server: /Pet_Track_revise-3/functions/get-appointments.php?start=2025-08-01&end=2025-09-01
Count for 2025-08-28: 1
Count for 2025-08-30: 2
Event: Seongji Yeok on 2025-08-28 at 14:30:00 (count: 1, duration: 90)
Event: tikoy on 2025-08-30 at 13:00:00 (count: 2, duration: 90)
Event: tikay on 2025-08-30 at 15:00:00 (count: 2, duration: 90)
Events found: 3
Time: 2025-08-31 21:53:50 - Start: 2025-08-01, End: 2025-09-01, Server: /Pet_Track_revise-3/functions/get-appointments.php?start=2025-08-01&end=2025-09-01
Count for 2025-08-28: 1
Count for 2025-08-30: 2
Event: Seongji Yeok on 2025-08-28 at 14:30:00 (count: 1, duration: 90)
Event: tikoy on 2025-08-30 at 13:00:00 (count: 2, duration: 90)
Event: tikay on 2025-08-30 at 15:00:00 (count: 2, duration: 90)
Events found: 3
Time: 2025-08-31 21:54:15 - Start: 2025-08-01, End: 2025-09-01, Server: /Pet_Track_revise-3/functions/get-appointments.php?start=2025-08-01&end=2025-09-01
Count for 2025-08-28: 1
Count for 2025-08-30: 2
Event: Seongji Yeok on 2025-08-28 at 14:30:00 (count: 1, duration: 90)
Event: tikoy on 2025-08-30 at 13:00:00 (count: 2, duration: 90)
Event: tikay on 2025-08-30 at 15:00:00 (count: 2, duration: 90)
Events found: 3
Time: 2025-08-31 21:54:15 - Start: 2025-08-01, End: 2025-09-01, Server: /Pet_Track_revise-3/functions/get-appointments.php?start=2025-08-01&end=2025-09-01
Count for 2025-08-28: 1
Count for 2025-08-30: 2
Event: Seongji Yeok on 2025-08-28 at 14:30:00 (count: 1, duration: 90)
Event: tikoy on 2025-08-30 at 13:00:00 (count: 2, duration: 90)
Event: tikay on 2025-08-30 at 15:00:00 (count: 2, duration: 90)
Events found: 3
Time: 2025-08-31 21:54:26 - Start: 2025-08-01, End: 2025-09-01, Server: /Pet_Track_revise-3/functions/get-appointments.php?start=2025-08-01&end=2025-09-01
Count for 2025-08-28: 1
Count for 2025-08-30: 2
Event: Seongji Yeok on 2025-08-28 at 14:30:00 (count: 1, duration: 90)
Event: tikoy on 2025-08-30 at 13:00:00 (count: 2, duration: 90)
Event: tikay on 2025-08-30 at 15:00:00 (count: 2, duration: 90)
Events found: 3
Time: 2025-08-31 21:54:26 - Start: 2025-08-01, End: 2025-09-01, Server: /Pet_Track_revise-3/functions/get-appointments.php?start=2025-08-01&end=2025-09-01
Count for 2025-08-28: 1
Count for 2025-08-30: 2
Event: Seongji Yeok on 2025-08-28 at 14:30:00 (count: 1, duration: 90)
Event: tikoy on 2025-08-30 at 13:00:00 (count: 2, duration: 90)
Event: tikay on 2025-08-30 at 15:00:00 (count: 2, duration: 90)
Events found: 3
Time: 2025-08-31 21:54:32 - Start: 2025-08-01, End: 2025-09-01, Server: /Pet_Track_revise-3/functions/get-appointments.php?start=2025-08-01&end=2025-09-01
Count for 2025-08-28: 1
Count for 2025-08-30: 2
Event: Seongji Yeok on 2025-08-28 at 14:30:00 (count: 1, duration: 90)
Event: tikoy on 2025-08-30 at 13:00:00 (count: 2, duration: 90)
Event: tikay on 2025-08-30 at 15:00:00 (count: 2, duration: 90)
Events found: 3
Time: 2025-08-31 21:54:32 - Start: 2025-08-01, End: 2025-09-01, Server: /Pet_Track_revise-3/functions/get-appointments.php?start=2025-08-01&end=2025-09-01
Count for 2025-08-28: 1
Count for 2025-08-30: 2
Event: Seongji Yeok on 2025-08-28 at 14:30:00 (count: 1, duration: 90)
Event: tikoy on 2025-08-30 at 13:00:00 (count: 2, duration: 90)
Event: tikay on 2025-08-30 at 15:00:00 (count: 2, duration: 90)
Events found: 3
Time: 2025-08-31 22:03:46 - Start: 2025-08-01, End: 2025-09-01, Server: /Pet_Track_revise-3/functions/get-appointments.php?start=2025-08-01&end=2025-09-01
Count for 2025-08-28: 1
Count for 2025-08-30: 2
Event: Seongji Yeok on 2025-08-28 at 14:30:00 (count: 1, duration: 90)
Event: tikoy on 2025-08-30 at 13:00:00 (count: 2, duration: 90)
Event: tikay on 2025-08-30 at 15:00:00 (count: 2, duration: 90)
Events found: 3
Time: 2025-08-31 22:03:46 - Start: 2025-08-01, End: 2025-09-01, Server: /Pet_Track_revise-3/functions/get-appointments.php?start=2025-08-01&end=2025-09-01
Count for 2025-08-28: 1
Count for 2025-08-30: 2
Event: Seongji Yeok on 2025-08-28 at 14:30:00 (count: 1, duration: 90)
Event: tikoy on 2025-08-30 at 13:00:00 (count: 2, duration: 90)
Event: tikay on 2025-08-30 at 15:00:00 (count: 2, duration: 90)
Events found: 3
Time: 2025-08-31 22:04:48 - Start: 2025-08-01, End: 2025-09-01, Server: /Pet_Track_revise-3/functions/get-appointments.php?start=2025-08-01&end=2025-09-01
Count for 2025-08-28: 1
Count for 2025-08-30: 2
Event: Seongji Yeok on 2025-08-28 at 14:30:00 (count: 1, duration: 90)
Event: tikoy on 2025-08-30 at 13:00:00 (count: 2, duration: 90)
Event: tikay on 2025-08-30 at 15:00:00 (count: 2, duration: 90)
Events found: 3
Time: 2025-08-31 22:04:48 - Start: 2025-08-01, End: 2025-09-01, Server: /Pet_Track_revise-3/functions/get-appointments.php?start=2025-08-01&end=2025-09-01
Count for 2025-08-28: 1
Count for 2025-08-30: 2
Event: Seongji Yeok on 2025-08-28 at 14:30:00 (count: 1, duration: 90)
Event: tikoy on 2025-08-30 at 13:00:00 (count: 2, duration: 90)
Event: tikay on 2025-08-30 at 15:00:00 (count: 2, duration: 90)
Events found: 3
Time: 2025-08-31 22:05:30 - Start: 2025-08-01, End: 2025-09-01, Server: /Pet_Track_revise-3/functions/get-appointments.php?start=2025-08-01&end=2025-09-01
Count for 2025-08-28: 1
Count for 2025-08-30: 2
Event: Seongji Yeok on 2025-08-28 at 14:30:00 (count: 1, duration: 90)
Event: tikoy on 2025-08-30 at 13:00:00 (count: 2, duration: 90)
Event: tikay on 2025-08-30 at 15:00:00 (count: 2, duration: 90)
Events found: 3
Time: 2025-08-31 22:05:30 - Start: 2025-08-01, End: 2025-09-01, Server: /Pet_Track_revise-3/functions/get-appointments.php?start=2025-08-01&end=2025-09-01
Count for 2025-08-28: 1
Count for 2025-08-30: 2
Event: Seongji Yeok on 2025-08-28 at 14:30:00 (count: 1, duration: 90)
Event: tikoy on 2025-08-30 at 13:00:00 (count: 2, duration: 90)
Event: tikay on 2025-08-30 at 15:00:00 (count: 2, duration: 90)
Events found: 3
Time: 2025-08-31 22:05:55 - Start: 2025-08-01, End: 2025-09-01, Server: /Pet_Track_revise-3/functions/get-appointments.php?start=2025-08-01&end=2025-09-01
Count for 2025-08-28: 1
Count for 2025-08-30: 2
Event: Seongji Yeok on 2025-08-28 at 14:30:00 (count: 1, duration: 90)
Event: tikoy on 2025-08-30 at 13:00:00 (count: 2, duration: 90)
Event: tikay on 2025-08-30 at 15:00:00 (count: 2, duration: 90)
Events found: 3
Time: 2025-08-31 22:05:55 - Start: 2025-08-01, End: 2025-09-01, Server: /Pet_Track_revise-3/functions/get-appointments.php?start=2025-08-01&end=2025-09-01
Count for 2025-08-28: 1
Count for 2025-08-30: 2
Event: Seongji Yeok on 2025-08-28 at 14:30:00 (count: 1, duration: 90)
Event: tikoy on 2025-08-30 at 13:00:00 (count: 2, duration: 90)
Event: tikay on 2025-08-30 at 15:00:00 (count: 2, duration: 90)
Events found: 3
Time: 2025-08-31 22:06:29 - Start: 2025-08-01, End: 2025-09-01, Server: /Pet_Track_revise-3/functions/get-appointments.php?start=2025-08-01&end=2025-09-01
Count for 2025-08-28: 1
Count for 2025-08-30: 2
Event: Seongji Yeok on 2025-08-28 at 14:30:00 (count: 1, duration: 90)
Event: tikoy on 2025-08-30 at 13:00:00 (count: 2, duration: 90)
Event: tikay on 2025-08-30 at 15:00:00 (count: 2, duration: 90)
Events found: 3
Time: 2025-08-31 22:06:29 - Start: 2025-08-01, End: 2025-09-01, Server: /Pet_Track_revise-3/functions/get-appointments.php?start=2025-08-01&end=2025-09-01
Count for 2025-08-28: 1
Count for 2025-08-30: 2
Event: Seongji Yeok on 2025-08-28 at 14:30:00 (count: 1, duration: 90)
Event: tikoy on 2025-08-30 at 13:00:00 (count: 2, duration: 90)
Event: tikay on 2025-08-30 at 15:00:00 (count: 2, duration: 90)
Events found: 3
Time: 2025-08-31 22:06:37 - Start: 2025-09-01, End: 2025-10-01, Server: /Pet_Track_revise-3/functions/get-appointments.php?start=2025-09-01&end=2025-10-01
Count for 2025-09-10: 2
Event: Mikaykay Abecia on 2025-09-10 at 09:30:00 (count: 2, duration: 90)
Event: James Lee on 2025-09-10 at 14:30:00 (count: 2, duration: 90)
Events found: 2
Time: 2025-08-31 22:06:43 - Start: 2025-08-01, End: 2025-09-01, Server: /Pet_Track_revise-3/functions/get-appointments.php?start=2025-08-01&end=2025-09-01
Count for 2025-08-28: 1
Count for 2025-08-30: 2
Event: Seongji Yeok on 2025-08-28 at 14:30:00 (count: 1, duration: 90)
Event: tikoy on 2025-08-30 at 13:00:00 (count: 2, duration: 90)
Event: tikay on 2025-08-30 at 15:00:00 (count: 2, duration: 90)
Events found: 3
Time: 2025-08-31 22:06:45 - Start: 2025-09-01, End: 2025-10-01, Server: /Pet_Track_revise-3/functions/get-appointments.php?start=2025-09-01&end=2025-10-01
Count for 2025-09-10: 2
Event: Mikaykay Abecia on 2025-09-10 at 09:30:00 (count: 2, duration: 90)
Event: James Lee on 2025-09-10 at 14:30:00 (count: 2, duration: 90)
Events found: 2
Time: 2025-08-31 22:06:46 - Start: 2025-10-01, End: 2025-11-01, Server: /Pet_Track_revise-3/functions/get-appointments.php?start=2025-10-01&end=2025-11-01
Events found: 0
Time: 2025-08-31 22:06:48 - Start: 2025-08-01, End: 2025-09-01, Server: /Pet_Track_revise-3/functions/get-appointments.php?start=2025-08-01&end=2025-09-01
Count for 2025-08-28: 1
Count for 2025-08-30: 2
Event: Seongji Yeok on 2025-08-28 at 14:30:00 (count: 1, duration: 90)
Event: tikoy on 2025-08-30 at 13:00:00 (count: 2, duration: 90)
Event: tikay on 2025-08-30 at 15:00:00 (count: 2, duration: 90)
Events found: 3
Time: 2025-08-31 22:06:48 - Start: 2025-08-01, End: 2025-09-01, Server: /Pet_Track_revise-3/functions/get-appointments.php?start=2025-08-01&end=2025-09-01
Count for 2025-08-28: 1
Count for 2025-08-30: 2
Event: Seongji Yeok on 2025-08-28 at 14:30:00 (count: 1, duration: 90)
Event: tikoy on 2025-08-30 at 13:00:00 (count: 2, duration: 90)
Event: tikay on 2025-08-30 at 15:00:00 (count: 2, duration: 90)
Events found: 3
Time: 2025-08-31 22:06:57 - Start: 2025-09-01, End: 2025-10-01, Server: /Pet_Track_revise-3/functions/get-appointments.php?start=2025-09-01&end=2025-10-01
Count for 2025-09-10: 2
Event: Mikaykay Abecia on 2025-09-10 at 09:30:00 (count: 2, duration: 90)
Event: James Lee on 2025-09-10 at 14:30:00 (count: 2, duration: 90)
Events found: 2
Time: 2025-08-31 22:07:05 - Start: 2025-08-01, End: 2025-09-01, Server: /Pet_Track_revise-3/functions/get-appointments.php?start=2025-08-01&end=2025-09-01
Count for 2025-08-28: 1
Count for 2025-08-30: 2
Event: Seongji Yeok on 2025-08-28 at 14:30:00 (count: 1, duration: 90)
Event: tikoy on 2025-08-30 at 13:00:00 (count: 2, duration: 90)
Event: tikay on 2025-08-30 at 15:00:00 (count: 2, duration: 90)
Events found: 3
Time: 2025-09-01 16:03:30 - Start: 2025-09-01, End: 2025-10-01, Server: /Pet_Track_revise-3/functions/get-appointments.php?start=2025-09-01&end=2025-10-01
Count for 2025-09-10: 2
Event: Mikaykay Abecia on 2025-09-10 at 09:30:00 (count: 2, duration: 90)
Event: James Lee on 2025-09-10 at 14:30:00 (count: 2, duration: 90)
Events found: 2
Time: 2025-09-01 16:03:30 - Start: 2025-09-01, End: 2025-10-01, Server: /Pet_Track_revise-3/functions/get-appointments.php?start=2025-09-01&end=2025-10-01
Count for 2025-09-10: 2
Event: Mikaykay Abecia on 2025-09-10 at 09:30:00 (count: 2, duration: 90)
Event: James Lee on 2025-09-10 at 14:30:00 (count: 2, duration: 90)
Events found: 2
Time: 2025-09-01 21:44:53 - Start: 2025-09-01, End: 2025-10-01, Server: /functions/get-appointments.php?start=2025-09-01&end=2025-10-01
Count for 2025-09-10: 2
Event: Mikaykay Abecia on 2025-09-10 at 09:30:00 (count: 2, duration: 90)
Event: James Lee on 2025-09-10 at 14:30:00 (count: 2, duration: 90)
Events found: 2
Time: 2025-09-01 21:44:53 - Start: 2025-09-01, End: 2025-10-01, Server: /functions/get-appointments.php?start=2025-09-01&end=2025-10-01
Count for 2025-09-10: 2
Event: Mikaykay Abecia on 2025-09-10 at 09:30:00 (count: 2, duration: 90)
Event: James Lee on 2025-09-10 at 14:30:00 (count: 2, duration: 90)
Events found: 2
Time: 2025-09-01 21:56:48 - Start: 2025-09-01, End: 2025-10-01, Server: /functions/get-appointments.php?start=2025-09-01&end=2025-10-01
Count for 2025-09-10: 2
Event: Mikaykay Abecia on 2025-09-10 at 09:30:00 (count: 2, duration: 90)
Event: James Lee on 2025-09-10 at 14:30:00 (count: 2, duration: 90)
Events found: 2
Time: 2025-09-01 21:56:48 - Start: 2025-09-01, End: 2025-10-01, Server: /functions/get-appointments.php?start=2025-09-01&end=2025-10-01
Count for 2025-09-10: 2
Event: Mikaykay Abecia on 2025-09-10 at 09:30:00 (count: 2, duration: 90)
Event: James Lee on 2025-09-10 at 14:30:00 (count: 2, duration: 90)
Events found: 2
Time: 2025-09-04 09:25:23 - Start: 2025-09-25, End: 2025-09-25, Server: /functions/get-appointments.php?start=2025-09-25&end=2025-09-25
Events found: 0
Time: 2025-09-04 09:25:43 - Start: 2025-09-25, End: 2025-09-25, Server: /functions/get-appointments.php?start=2025-09-25&end=2025-09-25
Events found: 0
Time: 2025-09-04 09:26:20 - Start: 2025-09-01, End: 2025-10-01, Server: /functions/get-appointments.php?start=2025-09-01&end=2025-10-01
Count for 2025-09-10: 2
Event: Mikaykay Abecia on 2025-09-10 at 09:30:00 (count: 2, duration: 90)
Event: James Lee on 2025-09-10 at 14:30:00 (count: 2, duration: 90)
Events found: 2
Time: 2025-09-04 09:26:20 - Start: 2025-09-01, End: 2025-10-01, Server: /functions/get-appointments.php?start=2025-09-01&end=2025-10-01
Count for 2025-09-10: 2
Event: Mikaykay Abecia on 2025-09-10 at 09:30:00 (count: 2, duration: 90)
Event: James Lee on 2025-09-10 at 14:30:00 (count: 2, duration: 90)
Events found: 2
Time: 2025-09-04 09:26:48 - Start: 2025-09-10, End: 2025-09-10, Server: /functions/get-appointments.php?start=2025-09-10&end=2025-09-10
Count for 2025-09-10: 2
Event: Mikaykay Abecia on 2025-09-10 at 09:30:00 (count: 2, duration: 90)
Event: James Lee on 2025-09-10 at 14:30:00 (count: 2, duration: 90)
Events found: 2
Time: 2025-09-04 09:26:55 - Start: 2025-09-10, End: 2025-09-10, Server: /functions/get-appointments.php?start=2025-09-10&end=2025-09-10
Count for 2025-09-10: 2
Event: Mikaykay Abecia on 2025-09-10 at 09:30:00 (count: 2, duration: 90)
Event: James Lee on 2025-09-10 at 14:30:00 (count: 2, duration: 90)
Events found: 2
Time: 2025-09-04 09:29:49 - Start: 2025-09-01, End: 2025-10-01, Server: /functions/get-appointments.php?start=2025-09-01&end=2025-10-01
Count for 2025-09-10: 2
Event: Mikaykay Abecia on 2025-09-10 at 09:30:00 (count: 2, duration: 90)
Event: James Lee on 2025-09-10 at 14:30:00 (count: 2, duration: 90)
Events found: 2
Time: 2025-09-04 09:29:49 - Start: 2025-09-01, End: 2025-10-01, Server: /functions/get-appointments.php?start=2025-09-01&end=2025-10-01
Count for 2025-09-10: 2
Event: Mikaykay Abecia on 2025-09-10 at 09:30:00 (count: 2, duration: 90)
Event: James Lee on 2025-09-10 at 14:30:00 (count: 2, duration: 90)
Events found: 2
Time: 2025-09-04 09:40:10 - Start: 2025-09-01, End: 2025-10-01, Server: /functions/get-appointments.php?start=2025-09-01&end=2025-10-01
Count for 2025-09-10: 2
Event: Mikaykay Abecia on 2025-09-10 at 09:30:00 (count: 2, duration: 90)
Event: James Lee on 2025-09-10 at 14:30:00 (count: 2, duration: 90)
Events found: 2
Time: 2025-09-04 09:40:10 - Start: 2025-09-01, End: 2025-10-01, Server: /functions/get-appointments.php?start=2025-09-01&end=2025-10-01
Count for 2025-09-10: 2
Event: Mikaykay Abecia on 2025-09-10 at 09:30:00 (count: 2, duration: 90)
Event: James Lee on 2025-09-10 at 14:30:00 (count: 2, duration: 90)
Events found: 2
Time: 2025-09-04 09:40:50 - Start: 2025-09-10, End: 2025-09-10, Server: /functions/get-appointments.php?start=2025-09-10&end=2025-09-10
Count for 2025-09-10: 2
Event: Mikaykay Abecia on 2025-09-10 at 09:30:00 (count: 2, duration: 90)
Event: James Lee on 2025-09-10 at 14:30:00 (count: 2, duration: 90)
Events found: 2
Time: 2025-09-06 19:28:59 - Start: 2025-09-01, End: 2025-10-01, Server: /functions/get-appointments.php?start=2025-09-01&end=2025-10-01
Count for 2025-09-10: 2
Event: Mikaykay Abecia on 2025-09-10 at 09:30:00 (count: 2, duration: 90)
Event: James Lee on 2025-09-10 at 14:30:00 (count: 2, duration: 90)
Events found: 2
Time: 2025-09-06 19:28:59 - Start: 2025-09-01, End: 2025-10-01, Server: /functions/get-appointments.php?start=2025-09-01&end=2025-10-01
Count for 2025-09-10: 2
Event: Mikaykay Abecia on 2025-09-10 at 09:30:00 (count: 2, duration: 90)
Event: James Lee on 2025-09-10 at 14:30:00 (count: 2, duration: 90)
Events found: 2
Time: 2025-09-06 19:29:15 - Start: 2025-09-01, End: 2025-10-01, Server: /functions/get-appointments.php?start=2025-09-01&end=2025-10-01
Count for 2025-09-10: 2
Event: Mikaykay Abecia on 2025-09-10 at 09:30:00 (count: 2, duration: 90)
Event: James Lee on 2025-09-10 at 14:30:00 (count: 2, duration: 90)
Events found: 2
Time: 2025-09-06 19:29:15 - Start: 2025-09-01, End: 2025-10-01, Server: /functions/get-appointments.php?start=2025-09-01&end=2025-10-01
Count for 2025-09-10: 2
Event: Mikaykay Abecia on 2025-09-10 at 09:30:00 (count: 2, duration: 90)
Event: James Lee on 2025-09-10 at 14:30:00 (count: 2, duration: 90)
Events found: 2
Time: 2025-09-06 19:39:54 - Start: 2025-09-01, End: 2025-10-01, Server: /functions/get-appointments.php?start=2025-09-01&end=2025-10-01
Count for 2025-09-10: 2
Event: Mikaykay Abecia on 2025-09-10 at 09:30:00 (count: 2, duration: 90)
Event: James Lee on 2025-09-10 at 14:30:00 (count: 2, duration: 90)
Events found: 2
Time: 2025-09-06 19:39:54 - Start: 2025-09-01, End: 2025-10-01, Server: /functions/get-appointments.php?start=2025-09-01&end=2025-10-01
Count for 2025-09-10: 2
Event: Mikaykay Abecia on 2025-09-10 at 09:30:00 (count: 2, duration: 90)
Event: James Lee on 2025-09-10 at 14:30:00 (count: 2, duration: 90)
Events found: 2
Time: 2025-09-06 19:40:11 - Start: 2025-09-01, End: 2025-10-01, Server: /functions/get-appointments.php?start=2025-09-01&end=2025-10-01
Count for 2025-09-10: 2
Event: Mikaykay Abecia on 2025-09-10 at 09:30:00 (count: 2, duration: 90)
Event: James Lee on 2025-09-10 at 14:30:00 (count: 2, duration: 90)
Events found: 2
Time: 2025-09-06 19:40:11 - Start: 2025-09-01, End: 2025-10-01, Server: /functions/get-appointments.php?start=2025-09-01&end=2025-10-01
Count for 2025-09-10: 2
Event: Mikaykay Abecia on 2025-09-10 at 09:30:00 (count: 2, duration: 90)
Event: James Lee on 2025-09-10 at 14:30:00 (count: 2, duration: 90)
Events found: 2
Time: 2025-09-06 19:40:28 - Start: 2025-09-01, End: 2025-10-01, Server: /functions/get-appointments.php?start=2025-09-01&end=2025-10-01
Count for 2025-09-10: 2
Event: Mikaykay Abecia on 2025-09-10 at 09:30:00 (count: 2, duration: 90)
Event: James Lee on 2025-09-10 at 14:30:00 (count: 2, duration: 90)
Events found: 2
Time: 2025-09-06 19:40:28 - Start: 2025-09-01, End: 2025-10-01, Server: /functions/get-appointments.php?start=2025-09-01&end=2025-10-01
Count for 2025-09-10: 2
Event: Mikaykay Abecia on 2025-09-10 at 09:30:00 (count: 2, duration: 90)
Event: James Lee on 2025-09-10 at 14:30:00 (count: 2, duration: 90)
Events found: 2
Time: 2025-09-06 19:42:52 - Start: 2025-09-01, End: 2025-10-01, Server: /functions/get-appointments.php?start=2025-09-01&end=2025-10-01
Count for 2025-09-10: 2
Event: Mikaykay Abecia on 2025-09-10 at 09:30:00 (count: 2, duration: 90)
Event: James Lee on 2025-09-10 at 14:30:00 (count: 2, duration: 90)
Events found: 2
Time: 2025-09-06 19:42:52 - Start: 2025-09-01, End: 2025-10-01, Server: /functions/get-appointments.php?start=2025-09-01&end=2025-10-01
Count for 2025-09-10: 2
Event: Mikaykay Abecia on 2025-09-10 at 09:30:00 (count: 2, duration: 90)
Event: James Lee on 2025-09-10 at 14:30:00 (count: 2, duration: 90)
Events found: 2
Time: 2025-09-06 19:43:30 - Start: 2025-09-01, End: 2025-10-01, Server: /functions/get-appointments.php?start=2025-09-01&end=2025-10-01
Count for 2025-09-10: 2
Event: Mikaykay Abecia on 2025-09-10 at 09:30:00 (count: 2, duration: 90)
Event: James Lee on 2025-09-10 at 14:30:00 (count: 2, duration: 90)
Events found: 2
Time: 2025-09-06 19:43:30 - Start: 2025-09-01, End: 2025-10-01, Server: /functions/get-appointments.php?start=2025-09-01&end=2025-10-01
Count for 2025-09-10: 2
Event: Mikaykay Abecia on 2025-09-10 at 09:30:00 (count: 2, duration: 90)
Event: James Lee on 2025-09-10 at 14:30:00 (count: 2, duration: 90)
Events found: 2
Time: 2025-09-06 19:43:36 - Start: 2025-09-01, End: 2025-10-01, Server: /functions/get-appointments.php?start=2025-09-01&end=2025-10-01
Count for 2025-09-10: 2
Event: Mikaykay Abecia on 2025-09-10 at 09:30:00 (count: 2, duration: 90)
Event: James Lee on 2025-09-10 at 14:30:00 (count: 2, duration: 90)
Events found: 2
Time: 2025-09-06 19:43:36 - Start: 2025-09-01, End: 2025-10-01, Server: /functions/get-appointments.php?start=2025-09-01&end=2025-10-01
Count for 2025-09-10: 2
Event: Mikaykay Abecia on 2025-09-10 at 09:30:00 (count: 2, duration: 90)
Event: James Lee on 2025-09-10 at 14:30:00 (count: 2, duration: 90)
Events found: 2
Time: 2025-09-06 19:43:50 - Start: 2025-09-01, End: 2025-10-01, Server: /functions/get-appointments.php?start=2025-09-01&end=2025-10-01
Count for 2025-09-10: 2
Event: Mikaykay Abecia on 2025-09-10 at 09:30:00 (count: 2, duration: 90)
Event: James Lee on 2025-09-10 at 14:30:00 (count: 2, duration: 90)
Events found: 2
Time: 2025-09-06 19:43:50 - Start: 2025-09-01, End: 2025-10-01, Server: /functions/get-appointments.php?start=2025-09-01&end=2025-10-01
Count for 2025-09-10: 2
Event: Mikaykay Abecia on 2025-09-10 at 09:30:00 (count: 2, duration: 90)
Event: James Lee on 2025-09-10 at 14:30:00 (count: 2, duration: 90)
Events found: 2
Time: 2025-09-06 21:55:41 - Start: 2025-09-01, End: 2025-10-01, Server: /functions/get-appointments.php?start=2025-09-01&end=2025-10-01
Count for 2025-09-10: 2
Event: Mikaykay Abecia on 2025-09-10 at 09:30:00 (count: 2, duration: 90)
Event: James Lee on 2025-09-10 at 14:30:00 (count: 2, duration: 90)
Events found: 2
Time: 2025-09-06 21:55:41 - Start: 2025-09-01, End: 2025-10-01, Server: /functions/get-appointments.php?start=2025-09-01&end=2025-10-01
Count for 2025-09-10: 2
Event: Mikaykay Abecia on 2025-09-10 at 09:30:00 (count: 2, duration: 90)
Event: James Lee on 2025-09-10 at 14:30:00 (count: 2, duration: 90)
Events found: 2
Time: 2025-09-06 22:06:31 - Start: 2025-09-01, End: 2025-10-01, Server: /functions/get-appointments.php?start=2025-09-01&end=2025-10-01
Count for 2025-09-10: 2
Event: Mikaykay Abecia on 2025-09-10 at 09:30:00 (count: 2, duration: 90)
Event: James Lee on 2025-09-10 at 14:30:00 (count: 2, duration: 90)
Events found: 2
Time: 2025-09-06 22:06:31 - Start: 2025-09-01, End: 2025-10-01, Server: /functions/get-appointments.php?start=2025-09-01&end=2025-10-01
Count for 2025-09-10: 2
Event: Mikaykay Abecia on 2025-09-10 at 09:30:00 (count: 2, duration: 90)
Event: James Lee on 2025-09-10 at 14:30:00 (count: 2, duration: 90)
Events found: 2
Time: 2025-09-06 22:06:33 - Start: 2025-09-01, End: 2025-10-01, Server: /functions/get-appointments.php?start=2025-09-01&end=2025-10-01
Count for 2025-09-10: 2
Event: Mikaykay Abecia on 2025-09-10 at 09:30:00 (count: 2, duration: 90)
Event: James Lee on 2025-09-10 at 14:30:00 (count: 2, duration: 90)
Events found: 2
Time: 2025-09-06 22:06:33 - Start: 2025-09-01, End: 2025-10-01, Server: /functions/get-appointments.php?start=2025-09-01&end=2025-10-01
Count for 2025-09-10: 2
Event: Mikaykay Abecia on 2025-09-10 at 09:30:00 (count: 2, duration: 90)
Event: James Lee on 2025-09-10 at 14:30:00 (count: 2, duration: 90)
Events found: 2
Time: 2025-09-06 22:06:33 - Start: 2025-09-01, End: 2025-10-01, Server: /functions/get-appointments.php?start=2025-09-01&end=2025-10-01
Count for 2025-09-10: 2
Event: Mikaykay Abecia on 2025-09-10 at 09:30:00 (count: 2, duration: 90)
Event: James Lee on 2025-09-10 at 14:30:00 (count: 2, duration: 90)
Events found: 2
Time: 2025-09-06 22:06:33 - Start: 2025-09-01, End: 2025-10-01, Server: /functions/get-appointments.php?start=2025-09-01&end=2025-10-01
Count for 2025-09-10: 2
Event: Mikaykay Abecia on 2025-09-10 at 09:30:00 (count: 2, duration: 90)
Event: James Lee on 2025-09-10 at 14:30:00 (count: 2, duration: 90)
Events found: 2
Time: 2025-09-06 22:06:33 - Start: 2025-09-01, End: 2025-10-01, Server: /functions/get-appointments.php?start=2025-09-01&end=2025-10-01
Count for 2025-09-10: 2
Event: Mikaykay Abecia on 2025-09-10 at 09:30:00 (count: 2, duration: 90)
Event: James Lee on 2025-09-10 at 14:30:00 (count: 2, duration: 90)
Events found: 2
Time: 2025-09-06 22:06:33 - Start: 2025-09-01, End: 2025-10-01, Server: /functions/get-appointments.php?start=2025-09-01&end=2025-10-01
Count for 2025-09-10: 2
Event: Mikaykay Abecia on 2025-09-10 at 09:30:00 (count: 2, duration: 90)
Event: James Lee on 2025-09-10 at 14:30:00 (count: 2, duration: 90)
Events found: 2
Time: 2025-09-06 22:06:34 - Start: 2025-09-01, End: 2025-10-01, Server: /functions/get-appointments.php?start=2025-09-01&end=2025-10-01
Count for 2025-09-10: 2
Event: Mikaykay Abecia on 2025-09-10 at 09:30:00 (count: 2, duration: 90)
Event: James Lee on 2025-09-10 at 14:30:00 (count: 2, duration: 90)
Events found: 2
Time: 2025-09-06 22:06:34 - Start: 2025-09-01, End: 2025-10-01, Server: /functions/get-appointments.php?start=2025-09-01&end=2025-10-01
Count for 2025-09-10: 2
Event: Mikaykay Abecia on 2025-09-10 at 09:30:00 (count: 2, duration: 90)
Event: James Lee on 2025-09-10 at 14:30:00 (count: 2, duration: 90)
Events found: 2
Time: 2025-09-06 22:06:34 - Start: 2025-09-01, End: 2025-10-01, Server: /functions/get-appointments.php?start=2025-09-01&end=2025-10-01
Count for 2025-09-10: 2
Event: Mikaykay Abecia on 2025-09-10 at 09:30:00 (count: 2, duration: 90)
Event: James Lee on 2025-09-10 at 14:30:00 (count: 2, duration: 90)
Events found: 2
Time: 2025-09-06 22:06:34 - Start: 2025-09-01, End: 2025-10-01, Server: /functions/get-appointments.php?start=2025-09-01&end=2025-10-01
Count for 2025-09-10: 2
Event: Mikaykay Abecia on 2025-09-10 at 09:30:00 (count: 2, duration: 90)
Event: James Lee on 2025-09-10 at 14:30:00 (count: 2, duration: 90)
Events found: 2
Time: 2025-09-06 22:06:35 - Start: 2025-09-01, End: 2025-10-01, Server: /functions/get-appointments.php?start=2025-09-01&end=2025-10-01
Count for 2025-09-10: 2
Event: Mikaykay Abecia on 2025-09-10 at 09:30:00 (count: 2, duration: 90)
Event: James Lee on 2025-09-10 at 14:30:00 (count: 2, duration: 90)
Events found: 2
Time: 2025-09-06 22:06:35 - Start: 2025-09-01, End: 2025-10-01, Server: /functions/get-appointments.php?start=2025-09-01&end=2025-10-01
Count for 2025-09-10: 2
Event: Mikaykay Abecia on 2025-09-10 at 09:30:00 (count: 2, duration: 90)
Event: James Lee on 2025-09-10 at 14:30:00 (count: 2, duration: 90)
Events found: 2
Time: 2025-09-06 22:06:35 - Start: 2025-09-01, End: 2025-10-01, Server: /functions/get-appointments.php?start=2025-09-01&end=2025-10-01
Count for 2025-09-10: 2
Event: Mikaykay Abecia on 2025-09-10 at 09:30:00 (count: 2, duration: 90)
Event: James Lee on 2025-09-10 at 14:30:00 (count: 2, duration: 90)
Events found: 2
Time: 2025-09-06 22:06:35 - Start: 2025-09-01, End: 2025-10-01, Server: /functions/get-appointments.php?start=2025-09-01&end=2025-10-01
Count for 2025-09-10: 2
Event: Mikaykay Abecia on 2025-09-10 at 09:30:00 (count: 2, duration: 90)
Event: James Lee on 2025-09-10 at 14:30:00 (count: 2, duration: 90)
Events found: 2
Time: 2025-09-06 22:06:36 - Start: 2025-09-01, End: 2025-10-01, Server: /functions/get-appointments.php?start=2025-09-01&end=2025-10-01
Count for 2025-09-10: 2
Event: Mikaykay Abecia on 2025-09-10 at 09:30:00 (count: 2, duration: 90)
Event: James Lee on 2025-09-10 at 14:30:00 (count: 2, duration: 90)
Events found: 2
Time: 2025-09-06 22:06:36 - Start: 2025-09-01, End: 2025-10-01, Server: /functions/get-appointments.php?start=2025-09-01&end=2025-10-01
Count for 2025-09-10: 2
Event: Mikaykay Abecia on 2025-09-10 at 09:30:00 (count: 2, duration: 90)
Event: James Lee on 2025-09-10 at 14:30:00 (count: 2, duration: 90)
Events found: 2
Time: 2025-09-06 22:06:36 - Start: 2025-09-01, End: 2025-10-01, Server: /functions/get-appointments.php?start=2025-09-01&end=2025-10-01
Count for 2025-09-10: 2
Event: Mikaykay Abecia on 2025-09-10 at 09:30:00 (count: 2, duration: 90)
Event: James Lee on 2025-09-10 at 14:30:00 (count: 2, duration: 90)
Events found: 2
Time: 2025-09-06 22:06:36 - Start: 2025-09-01, End: 2025-10-01, Server: /functions/get-appointments.php?start=2025-09-01&end=2025-10-01
Count for 2025-09-10: 2
Event: Mikaykay Abecia on 2025-09-10 at 09:30:00 (count: 2, duration: 90)
Event: James Lee on 2025-09-10 at 14:30:00 (count: 2, duration: 90)
Events found: 2
Time: 2025-09-06 22:06:37 - Start: 2025-09-01, End: 2025-10-01, Server: /functions/get-appointments.php?start=2025-09-01&end=2025-10-01
Count for 2025-09-10: 2
Event: Mikaykay Abecia on 2025-09-10 at 09:30:00 (count: 2, duration: 90)
Event: James Lee on 2025-09-10 at 14:30:00 (count: 2, duration: 90)
Events found: 2
Time: 2025-09-06 22:06:37 - Start: 2025-09-01, End: 2025-10-01, Server: /functions/get-appointments.php?start=2025-09-01&end=2025-10-01
Count for 2025-09-10: 2
Event: Mikaykay Abecia on 2025-09-10 at 09:30:00 (count: 2, duration: 90)
Event: James Lee on 2025-09-10 at 14:30:00 (count: 2, duration: 90)
Events found: 2
Time: 2025-09-06 22:06:37 - Start: 2025-09-01, End: 2025-10-01, Server: /functions/get-appointments.php?start=2025-09-01&end=2025-10-01
Count for 2025-09-10: 2
Event: Mikaykay Abecia on 2025-09-10 at 09:30:00 (count: 2, duration: 90)
Event: James Lee on 2025-09-10 at 14:30:00 (count: 2, duration: 90)
Events found: 2
Time: 2025-09-06 22:06:38 - Start: 2025-09-01, End: 2025-10-01, Server: /functions/get-appointments.php?start=2025-09-01&end=2025-10-01
Count for 2025-09-10: 2
Event: Mikaykay Abecia on 2025-09-10 at 09:30:00 (count: 2, duration: 90)
Event: James Lee on 2025-09-10 at 14:30:00 (count: 2, duration: 90)
Events found: 2
Time: 2025-09-06 22:06:38 - Start: 2025-09-01, End: 2025-10-01, Server: /functions/get-appointments.php?start=2025-09-01&end=2025-10-01
Count for 2025-09-10: 2
Event: Mikaykay Abecia on 2025-09-10 at 09:30:00 (count: 2, duration: 90)
Event: James Lee on 2025-09-10 at 14:30:00 (count: 2, duration: 90)
Events found: 2
Time: 2025-09-06 22:06:38 - Start: 2025-09-01, End: 2025-10-01, Server: /functions/get-appointments.php?start=2025-09-01&end=2025-10-01
Count for 2025-09-10: 2
Event: Mikaykay Abecia on 2025-09-10 at 09:30:00 (count: 2, duration: 90)
Event: James Lee on 2025-09-10 at 14:30:00 (count: 2, duration: 90)
Events found: 2
Time: 2025-09-06 22:06:38 - Start: 2025-09-01, End: 2025-10-01, Server: /functions/get-appointments.php?start=2025-09-01&end=2025-10-01
Count for 2025-09-10: 2
Event: Mikaykay Abecia on 2025-09-10 at 09:30:00 (count: 2, duration: 90)
Event: James Lee on 2025-09-10 at 14:30:00 (count: 2, duration: 90)
Events found: 2
Time: 2025-09-06 22:06:38 - Start: 2025-09-01, End: 2025-10-01, Server: /functions/get-appointments.php?start=2025-09-01&end=2025-10-01
Count for 2025-09-10: 2
Event: Mikaykay Abecia on 2025-09-10 at 09:30:00 (count: 2, duration: 90)
Event: James Lee on 2025-09-10 at 14:30:00 (count: 2, duration: 90)
Events found: 2
Time: 2025-09-06 22:07:30 - Start: 2025-09-01, End: 2025-10-01, Server: /functions/get-appointments.php?start=2025-09-01&end=2025-10-01
Count for 2025-09-10: 2
Event: Mikaykay Abecia on 2025-09-10 at 09:30:00 (count: 2, duration: 90)
Event: James Lee on 2025-09-10 at 14:30:00 (count: 2, duration: 90)
Events found: 2
Time: 2025-09-06 22:07:30 - Start: 2025-09-01, End: 2025-10-01, Server: /functions/get-appointments.php?start=2025-09-01&end=2025-10-01
Count for 2025-09-10: 2
Event: Mikaykay Abecia on 2025-09-10 at 09:30:00 (count: 2, duration: 90)
Event: James Lee on 2025-09-10 at 14:30:00 (count: 2, duration: 90)
Events found: 2
Time: 2025-09-06 22:07:44 - Start: 2025-09-01, End: 2025-10-01, Server: /functions/get-appointments.php?start=2025-09-01&end=2025-10-01
Count for 2025-09-10: 2
Event: Mikaykay Abecia on 2025-09-10 at 09:30:00 (count: 2, duration: 90)
Event: James Lee on 2025-09-10 at 14:30:00 (count: 2, duration: 90)
Events found: 2
Time: 2025-09-06 22:07:44 - Start: 2025-09-01, End: 2025-10-01, Server: /functions/get-appointments.php?start=2025-09-01&end=2025-10-01
Count for 2025-09-10: 2
Event: Mikaykay Abecia on 2025-09-10 at 09:30:00 (count: 2, duration: 90)
Event: James Lee on 2025-09-10 at 14:30:00 (count: 2, duration: 90)
Events found: 2
Time: 2025-09-06 22:07:45 - Start: 2025-09-01, End: 2025-10-01, Server: /functions/get-appointments.php?start=2025-09-01&end=2025-10-01
Count for 2025-09-10: 2
Event: Mikaykay Abecia on 2025-09-10 at 09:30:00 (count: 2, duration: 90)
Event: James Lee on 2025-09-10 at 14:30:00 (count: 2, duration: 90)
Events found: 2
Time: 2025-09-06 22:07:46 - Start: 2025-09-01, End: 2025-10-01, Server: /functions/get-appointments.php?start=2025-09-01&end=2025-10-01
Count for 2025-09-10: 2
Event: Mikaykay Abecia on 2025-09-10 at 09:30:00 (count: 2, duration: 90)
Event: James Lee on 2025-09-10 at 14:30:00 (count: 2, duration: 90)
Events found: 2
Time: 2025-09-06 22:07:46 - Start: 2025-09-01, End: 2025-10-01, Server: /functions/get-appointments.php?start=2025-09-01&end=2025-10-01
Count for 2025-09-10: 2
Event: Mikaykay Abecia on 2025-09-10 at 09:30:00 (count: 2, duration: 90)
Event: James Lee on 2025-09-10 at 14:30:00 (count: 2, duration: 90)
Events found: 2
Time: 2025-09-06 22:07:46 - Start: 2025-09-01, End: 2025-10-01, Server: /functions/get-appointments.php?start=2025-09-01&end=2025-10-01
Count for 2025-09-10: 2
Event: Mikaykay Abecia on 2025-09-10 at 09:30:00 (count: 2, duration: 90)
Event: James Lee on 2025-09-10 at 14:30:00 (count: 2, duration: 90)
Events found: 2
Time: 2025-09-06 22:07:47 - Start: 2025-09-01, End: 2025-10-01, Server: /functions/get-appointments.php?start=2025-09-01&end=2025-10-01
Count for 2025-09-10: 2
Event: Mikaykay Abecia on 2025-09-10 at 09:30:00 (count: 2, duration: 90)
Event: James Lee on 2025-09-10 at 14:30:00 (count: 2, duration: 90)
Events found: 2
Time: 2025-09-06 22:07:47 - Start: 2025-09-01, End: 2025-10-01, Server: /functions/get-appointments.php?start=2025-09-01&end=2025-10-01
Count for 2025-09-10: 2
Event: Mikaykay Abecia on 2025-09-10 at 09:30:00 (count: 2, duration: 90)
Event: James Lee on 2025-09-10 at 14:30:00 (count: 2, duration: 90)
Events found: 2
Time: 2025-09-06 22:08:06 - Start: 2025-09-01, End: 2025-10-01, Server: /functions/get-appointments.php?start=2025-09-01&end=2025-10-01
Count for 2025-09-10: 2
Event: Mikaykay Abecia on 2025-09-10 at 09:30:00 (count: 2, duration: 90)
Event: James Lee on 2025-09-10 at 14:30:00 (count: 2, duration: 90)
Events found: 2
Time: 2025-09-06 22:08:06 - Start: 2025-09-01, End: 2025-10-01, Server: /functions/get-appointments.php?start=2025-09-01&end=2025-10-01
Count for 2025-09-10: 2
Event: Mikaykay Abecia on 2025-09-10 at 09:30:00 (count: 2, duration: 90)
Event: James Lee on 2025-09-10 at 14:30:00 (count: 2, duration: 90)
Events found: 2
Time: 2025-09-06 22:08:06 - Start: 2025-09-01, End: 2025-10-01, Server: /functions/get-appointments.php?start=2025-09-01&end=2025-10-01
Count for 2025-09-10: 2
Event: Mikaykay Abecia on 2025-09-10 at 09:30:00 (count: 2, duration: 90)
Event: James Lee on 2025-09-10 at 14:30:00 (count: 2, duration: 90)
Events found: 2
Time: 2025-09-06 22:08:06 - Start: 2025-09-01, End: 2025-10-01, Server: /functions/get-appointments.php?start=2025-09-01&end=2025-10-01
Count for 2025-09-10: 2
Event: Mikaykay Abecia on 2025-09-10 at 09:30:00 (count: 2, duration: 90)
Event: James Lee on 2025-09-10 at 14:30:00 (count: 2, duration: 90)
Events found: 2
Time: 2025-09-06 22:08:09 - Start: 2025-09-01, End: 2025-10-01, Server: /functions/get-appointments.php?start=2025-09-01&end=2025-10-01
Count for 2025-09-10: 2
Event: Mikaykay Abecia on 2025-09-10 at 09:30:00 (count: 2, duration: 90)
Event: James Lee on 2025-09-10 at 14:30:00 (count: 2, duration: 90)
Events found: 2
Time: 2025-09-06 22:08:09 - Start: 2025-09-01, End: 2025-10-01, Server: /functions/get-appointments.php?start=2025-09-01&end=2025-10-01
Count for 2025-09-10: 2
Event: Mikaykay Abecia on 2025-09-10 at 09:30:00 (count: 2, duration: 90)
Event: James Lee on 2025-09-10 at 14:30:00 (count: 2, duration: 90)
Events found: 2
Time: 2025-09-06 22:08:25 - Start: 2025-09-01, End: 2025-10-01, Server: /functions/get-appointments.php?start=2025-09-01&end=2025-10-01
Count for 2025-09-10: 2
Event: Mikaykay Abecia on 2025-09-10 at 09:30:00 (count: 2, duration: 90)
Event: James Lee on 2025-09-10 at 14:30:00 (count: 2, duration: 90)
Events found: 2
Time: 2025-09-06 22:08:25 - Start: 2025-09-01, End: 2025-10-01, Server: /functions/get-appointments.php?start=2025-09-01&end=2025-10-01
Count for 2025-09-10: 2
Event: Mikaykay Abecia on 2025-09-10 at 09:30:00 (count: 2, duration: 90)
Event: James Lee on 2025-09-10 at 14:30:00 (count: 2, duration: 90)
Events found: 2
Time: 2025-09-06 22:08:25 - Start: 2025-09-01, End: 2025-10-01, Server: /functions/get-appointments.php?start=2025-09-01&end=2025-10-01
Count for 2025-09-10: 2
Event: Mikaykay Abecia on 2025-09-10 at 09:30:00 (count: 2, duration: 90)
Event: James Lee on 2025-09-10 at 14:30:00 (count: 2, duration: 90)
Events found: 2
Time: 2025-09-06 22:08:25 - Start: 2025-09-01, End: 2025-10-01, Server: /functions/get-appointments.php?start=2025-09-01&end=2025-10-01
Count for 2025-09-10: 2
Event: Mikaykay Abecia on 2025-09-10 at 09:30:00 (count: 2, duration: 90)
Event: James Lee on 2025-09-10 at 14:30:00 (count: 2, duration: 90)
Events found: 2
Time: 2025-09-06 22:08:26 - Start: 2025-09-01, End: 2025-10-01, Server: /functions/get-appointments.php?start=2025-09-01&end=2025-10-01
Count for 2025-09-10: 2
Event: Mikaykay Abecia on 2025-09-10 at 09:30:00 (count: 2, duration: 90)
Event: James Lee on 2025-09-10 at 14:30:00 (count: 2, duration: 90)
Events found: 2
Time: 2025-09-06 22:08:26 - Start: 2025-09-01, End: 2025-10-01, Server: /functions/get-appointments.php?start=2025-09-01&end=2025-10-01
Count for 2025-09-10: 2
Event: Mikaykay Abecia on 2025-09-10 at 09:30:00 (count: 2, duration: 90)
Event: James Lee on 2025-09-10 at 14:30:00 (count: 2, duration: 90)
Events found: 2
Time: 2025-09-06 22:08:26 - Start: 2025-09-01, End: 2025-10-01, Server: /functions/get-appointments.php?start=2025-09-01&end=2025-10-01
Count for 2025-09-10: 2
Event: Mikaykay Abecia on 2025-09-10 at 09:30:00 (count: 2, duration: 90)
Event: James Lee on 2025-09-10 at 14:30:00 (count: 2, duration: 90)
Events found: 2
Time: 2025-09-06 22:08:26 - Start: 2025-09-01, End: 2025-10-01, Server: /functions/get-appointments.php?start=2025-09-01&end=2025-10-01
Count for 2025-09-10: 2
Event: Mikaykay Abecia on 2025-09-10 at 09:30:00 (count: 2, duration: 90)
Event: James Lee on 2025-09-10 at 14:30:00 (count: 2, duration: 90)
Events found: 2
Time: 2025-09-06 22:08:27 - Start: 2025-09-01, End: 2025-10-01, Server: /functions/get-appointments.php?start=2025-09-01&end=2025-10-01
Count for 2025-09-10: 2
Event: Mikaykay Abecia on 2025-09-10 at 09:30:00 (count: 2, duration: 90)
Event: James Lee on 2025-09-10 at 14:30:00 (count: 2, duration: 90)
Events found: 2
Time: 2025-09-06 22:08:27 - Start: 2025-09-01, End: 2025-10-01, Server: /functions/get-appointments.php?start=2025-09-01&end=2025-10-01
Count for 2025-09-10: 2
Event: Mikaykay Abecia on 2025-09-10 at 09:30:00 (count: 2, duration: 90)
Event: James Lee on 2025-09-10 at 14:30:00 (count: 2, duration: 90)
Events found: 2
Time: 2025-09-06 22:08:27 - Start: 2025-09-01, End: 2025-10-01, Server: /functions/get-appointments.php?start=2025-09-01&end=2025-10-01
Count for 2025-09-10: 2
Event: Mikaykay Abecia on 2025-09-10 at 09:30:00 (count: 2, duration: 90)
Event: James Lee on 2025-09-10 at 14:30:00 (count: 2, duration: 90)
Events found: 2
Time: 2025-09-06 22:08:27 - Start: 2025-09-01, End: 2025-10-01, Server: /functions/get-appointments.php?start=2025-09-01&end=2025-10-01
Count for 2025-09-10: 2
Event: Mikaykay Abecia on 2025-09-10 at 09:30:00 (count: 2, duration: 90)
Event: James Lee on 2025-09-10 at 14:30:00 (count: 2, duration: 90)
Events found: 2
Time: 2025-09-06 22:18:48 - Start: 2025-09-01, End: 2025-10-01, Server: /functions/get-appointments.php?start=2025-09-01&end=2025-10-01
Count for 2025-09-10: 2
Event: Mikaykay Abecia on 2025-09-10 at 09:30:00 (count: 2, duration: 90)
Event: James Lee on 2025-09-10 at 14:30:00 (count: 2, duration: 90)
Events found: 2
Time: 2025-09-06 22:18:48 - Start: 2025-09-01, End: 2025-10-01, Server: /functions/get-appointments.php?start=2025-09-01&end=2025-10-01
Count for 2025-09-10: 2
Event: Mikaykay Abecia on 2025-09-10 at 09:30:00 (count: 2, duration: 90)
Event: James Lee on 2025-09-10 at 14:30:00 (count: 2, duration: 90)
Events found: 2
Time: 2025-09-06 22:18:49 - Start: 2025-09-01, End: 2025-10-01, Server: /functions/get-appointments.php?start=2025-09-01&end=2025-10-01
Count for 2025-09-10: 2
Event: Mikaykay Abecia on 2025-09-10 at 09:30:00 (count: 2, duration: 90)
Event: James Lee on 2025-09-10 at 14:30:00 (count: 2, duration: 90)
Events found: 2
Time: 2025-09-06 22:18:49 - Start: 2025-09-01, End: 2025-10-01, Server: /functions/get-appointments.php?start=2025-09-01&end=2025-10-01
Count for 2025-09-10: 2
Event: Mikaykay Abecia on 2025-09-10 at 09:30:00 (count: 2, duration: 90)
Event: James Lee on 2025-09-10 at 14:30:00 (count: 2, duration: 90)
Events found: 2
Time: 2025-09-06 22:18:50 - Start: 2025-09-01, End: 2025-10-01, Server: /functions/get-appointments.php?start=2025-09-01&end=2025-10-01
Count for 2025-09-10: 2
Event: Mikaykay Abecia on 2025-09-10 at 09:30:00 (count: 2, duration: 90)
Event: James Lee on 2025-09-10 at 14:30:00 (count: 2, duration: 90)
Events found: 2
Time: 2025-09-06 22:18:50 - Start: 2025-09-01, End: 2025-10-01, Server: /functions/get-appointments.php?start=2025-09-01&end=2025-10-01
Count for 2025-09-10: 2
Event: Mikaykay Abecia on 2025-09-10 at 09:30:00 (count: 2, duration: 90)
Event: James Lee on 2025-09-10 at 14:30:00 (count: 2, duration: 90)
Events found: 2
Time: 2025-09-06 22:18:51 - Start: 2025-09-01, End: 2025-10-01, Server: /functions/get-appointments.php?start=2025-09-01&end=2025-10-01
Count for 2025-09-10: 2
Event: Mikaykay Abecia on 2025-09-10 at 09:30:00 (count: 2, duration: 90)
Event: James Lee on 2025-09-10 at 14:30:00 (count: 2, duration: 90)
Events found: 2
Time: 2025-09-06 22:18:51 - Start: 2025-09-01, End: 2025-10-01, Server: /functions/get-appointments.php?start=2025-09-01&end=2025-10-01
Count for 2025-09-10: 2
Event: Mikaykay Abecia on 2025-09-10 at 09:30:00 (count: 2, duration: 90)
Event: James Lee on 2025-09-10 at 14:30:00 (count: 2, duration: 90)
Events found: 2
Time: 2025-09-06 22:18:56 - Start: 2025-09-01, End: 2025-10-01, Server: /functions/get-appointments.php?start=2025-09-01&end=2025-10-01
Count for 2025-09-10: 2
Event: Mikaykay Abecia on 2025-09-10 at 09:30:00 (count: 2, duration: 90)
Event: James Lee on 2025-09-10 at 14:30:00 (count: 2, duration: 90)
Events found: 2
Time: 2025-09-06 22:18:56 - Start: 2025-09-01, End: 2025-10-01, Server: /functions/get-appointments.php?start=2025-09-01&end=2025-10-01
Count for 2025-09-10: 2
Event: Mikaykay Abecia on 2025-09-10 at 09:30:00 (count: 2, duration: 90)
Event: James Lee on 2025-09-10 at 14:30:00 (count: 2, duration: 90)
Events found: 2
Time: 2025-09-06 22:19:02 - Start: 2025-09-01, End: 2025-10-01, Server: /functions/get-appointments.php?start=2025-09-01&end=2025-10-01
Count for 2025-09-10: 2
Event: Mikaykay Abecia on 2025-09-10 at 09:30:00 (count: 2, duration: 90)
Event: James Lee on 2025-09-10 at 14:30:00 (count: 2, duration: 90)
Events found: 2
Time: 2025-09-06 22:19:03 - Start: 2025-09-01, End: 2025-10-01, Server: /functions/get-appointments.php?start=2025-09-01&end=2025-10-01
Count for 2025-09-10: 2
Event: Mikaykay Abecia on 2025-09-10 at 09:30:00 (count: 2, duration: 90)
Event: James Lee on 2025-09-10 at 14:30:00 (count: 2, duration: 90)
Events found: 2
Time: 2025-09-06 23:30:18 - Start: 2025-09-01, End: 2025-10-01, Server: /functions/get-appointments.php?start=2025-09-01&end=2025-10-01
Count for 2025-09-10: 2
Event: Mikaykay Abecia on 2025-09-10 at 09:30:00 (count: 2, duration: 90)
Event: James Lee on 2025-09-10 at 14:30:00 (count: 2, duration: 90)
Events found: 2
Time: 2025-09-06 23:30:18 - Start: 2025-09-01, End: 2025-10-01, Server: /functions/get-appointments.php?start=2025-09-01&end=2025-10-01
Count for 2025-09-10: 2
Event: Mikaykay Abecia on 2025-09-10 at 09:30:00 (count: 2, duration: 90)
Event: James Lee on 2025-09-10 at 14:30:00 (count: 2, duration: 90)
Events found: 2
Time: 2025-09-06 23:30:18 - Start: 2025-09-01, End: 2025-10-01, Server: /functions/get-appointments.php?start=2025-09-01&end=2025-10-01
Count for 2025-09-10: 2
Event: Mikaykay Abecia on 2025-09-10 at 09:30:00 (count: 2, duration: 90)
Event: James Lee on 2025-09-10 at 14:30:00 (count: 2, duration: 90)
Events found: 2
Time: 2025-09-06 23:30:18 - Start: 2025-09-01, End: 2025-10-01, Server: /functions/get-appointments.php?start=2025-09-01&end=2025-10-01
Count for 2025-09-10: 2
Event: Mikaykay Abecia on 2025-09-10 at 09:30:00 (count: 2, duration: 90)
Event: James Lee on 2025-09-10 at 14:30:00 (count: 2, duration: 90)
Events found: 2
Time: 2025-09-06 23:30:19 - Start: 2025-09-01, End: 2025-10-01, Server: /functions/get-appointments.php?start=2025-09-01&end=2025-10-01
Count for 2025-09-10: 2
Event: Mikaykay Abecia on 2025-09-10 at 09:30:00 (count: 2, duration: 90)
Event: James Lee on 2025-09-10 at 14:30:00 (count: 2, duration: 90)
Events found: 2
Time: 2025-09-06 23:30:19 - Start: 2025-09-01, End: 2025-10-01, Server: /functions/get-appointments.php?start=2025-09-01&end=2025-10-01
Count for 2025-09-10: 2
Event: Mikaykay Abecia on 2025-09-10 at 09:30:00 (count: 2, duration: 90)
Event: James Lee on 2025-09-10 at 14:30:00 (count: 2, duration: 90)
Events found: 2
Time: 2025-09-06 23:30:19 - Start: 2025-09-01, End: 2025-10-01, Server: /functions/get-appointments.php?start=2025-09-01&end=2025-10-01
Count for 2025-09-10: 2
Event: Mikaykay Abecia on 2025-09-10 at 09:30:00 (count: 2, duration: 90)
Event: James Lee on 2025-09-10 at 14:30:00 (count: 2, duration: 90)
Events found: 2
Time: 2025-09-06 23:30:19 - Start: 2025-09-01, End: 2025-10-01, Server: /functions/get-appointments.php?start=2025-09-01&end=2025-10-01
Count for 2025-09-10: 2
Event: Mikaykay Abecia on 2025-09-10 at 09:30:00 (count: 2, duration: 90)
Event: James Lee on 2025-09-10 at 14:30:00 (count: 2, duration: 90)
Events found: 2
Time: 2025-09-06 23:30:20 - Start: 2025-09-01, End: 2025-10-01, Server: /functions/get-appointments.php?start=2025-09-01&end=2025-10-01
Count for 2025-09-10: 2
Event: Mikaykay Abecia on 2025-09-10 at 09:30:00 (count: 2, duration: 90)
Event: James Lee on 2025-09-10 at 14:30:00 (count: 2, duration: 90)
Events found: 2
Time: 2025-09-06 23:30:20 - Start: 2025-09-01, End: 2025-10-01, Server: /functions/get-appointments.php?start=2025-09-01&end=2025-10-01
Count for 2025-09-10: 2
Event: Mikaykay Abecia on 2025-09-10 at 09:30:00 (count: 2, duration: 90)
Event: James Lee on 2025-09-10 at 14:30:00 (count: 2, duration: 90)
Events found: 2
Time: 2025-09-06 23:30:50 - Start: 2025-09-01, End: 2025-10-01, Server: /functions/get-appointments.php?start=2025-09-01&end=2025-10-01
Count for 2025-09-10: 2
Event: Mikaykay Abecia on 2025-09-10 at 09:30:00 (count: 2, duration: 90)
Event: James Lee on 2025-09-10 at 14:30:00 (count: 2, duration: 90)
Events found: 2
Time: 2025-09-06 23:30:50 - Start: 2025-09-01, End: 2025-10-01, Server: /functions/get-appointments.php?start=2025-09-01&end=2025-10-01
Count for 2025-09-10: 2
Event: Mikaykay Abecia on 2025-09-10 at 09:30:00 (count: 2, duration: 90)
Event: James Lee on 2025-09-10 at 14:30:00 (count: 2, duration: 90)
Events found: 2
Time: 2025-09-06 23:30:50 - Start: 2025-09-01, End: 2025-10-01, Server: /functions/get-appointments.php?start=2025-09-01&end=2025-10-01
Count for 2025-09-10: 2
Event: Mikaykay Abecia on 2025-09-10 at 09:30:00 (count: 2, duration: 90)
Event: James Lee on 2025-09-10 at 14:30:00 (count: 2, duration: 90)
Events found: 2
Time: 2025-09-06 23:30:51 - Start: 2025-09-01, End: 2025-10-01, Server: /functions/get-appointments.php?start=2025-09-01&end=2025-10-01
Count for 2025-09-10: 2
Event: Mikaykay Abecia on 2025-09-10 at 09:30:00 (count: 2, duration: 90)
Event: James Lee on 2025-09-10 at 14:30:00 (count: 2, duration: 90)
Events found: 2
Time: 2025-09-06 23:30:51 - Start: 2025-09-01, End: 2025-10-01, Server: /functions/get-appointments.php?start=2025-09-01&end=2025-10-01
Count for 2025-09-10: 2
Event: Mikaykay Abecia on 2025-09-10 at 09:30:00 (count: 2, duration: 90)
Event: James Lee on 2025-09-10 at 14:30:00 (count: 2, duration: 90)
Events found: 2
Time: 2025-09-06 23:30:51 - Start: 2025-09-01, End: 2025-10-01, Server: /functions/get-appointments.php?start=2025-09-01&end=2025-10-01
Count for 2025-09-10: 2
Event: Mikaykay Abecia on 2025-09-10 at 09:30:00 (count: 2, duration: 90)
Event: James Lee on 2025-09-10 at 14:30:00 (count: 2, duration: 90)
Events found: 2
Time: 2025-09-06 23:30:51 - Start: 2025-09-01, End: 2025-10-01, Server: /functions/get-appointments.php?start=2025-09-01&end=2025-10-01
Count for 2025-09-10: 2
Event: Mikaykay Abecia on 2025-09-10 at 09:30:00 (count: 2, duration: 90)
Event: James Lee on 2025-09-10 at 14:30:00 (count: 2, duration: 90)
Events found: 2
Time: 2025-09-06 23:30:51 - Start: 2025-09-01, End: 2025-10-01, Server: /functions/get-appointments.php?start=2025-09-01&end=2025-10-01
Count for 2025-09-10: 2
Event: Mikaykay Abecia on 2025-09-10 at 09:30:00 (count: 2, duration: 90)
Event: James Lee on 2025-09-10 at 14:30:00 (count: 2, duration: 90)
Events found: 2
Time: 2025-09-06 23:30:52 - Start: 2025-09-01, End: 2025-10-01, Server: /functions/get-appointments.php?start=2025-09-01&end=2025-10-01
Count for 2025-09-10: 2
Event: Mikaykay Abecia on 2025-09-10 at 09:30:00 (count: 2, duration: 90)
Event: James Lee on 2025-09-10 at 14:30:00 (count: 2, duration: 90)
Events found: 2
Time: 2025-09-06 23:30:52 - Start: 2025-09-01, End: 2025-10-01, Server: /functions/get-appointments.php?start=2025-09-01&end=2025-10-01
Count for 2025-09-10: 2
Event: Mikaykay Abecia on 2025-09-10 at 09:30:00 (count: 2, duration: 90)
Event: James Lee on 2025-09-10 at 14:30:00 (count: 2, duration: 90)
Events found: 2
Time: 2025-09-06 23:30:53 - Start: 2025-09-01, End: 2025-10-01, Server: /functions/get-appointments.php?start=2025-09-01&end=2025-10-01
Count for 2025-09-10: 2
Event: Mikaykay Abecia on 2025-09-10 at 09:30:00 (count: 2, duration: 90)
Event: James Lee on 2025-09-10 at 14:30:00 (count: 2, duration: 90)
Events found: 2
Time: 2025-09-06 23:30:53 - Start: 2025-09-01, End: 2025-10-01, Server: /functions/get-appointments.php?start=2025-09-01&end=2025-10-01
Count for 2025-09-10: 2
Event: Mikaykay Abecia on 2025-09-10 at 09:30:00 (count: 2, duration: 90)
Event: James Lee on 2025-09-10 at 14:30:00 (count: 2, duration: 90)
Events found: 2
Time: 2025-09-06 23:35:30 - Start: 2025-09-01, End: 2025-10-01, Server: /functions/get-appointments.php?start=2025-09-01&end=2025-10-01
Count for 2025-09-10: 2
Event: Mikaykay Abecia on 2025-09-10 at 09:30:00 (count: 2, duration: 90)
Event: James Lee on 2025-09-10 at 14:30:00 (count: 2, duration: 90)
Events found: 2
Time: 2025-09-06 23:35:30 - Start: 2025-09-01, End: 2025-10-01, Server: /functions/get-appointments.php?start=2025-09-01&end=2025-10-01
Count for 2025-09-10: 2
Event: Mikaykay Abecia on 2025-09-10 at 09:30:00 (count: 2, duration: 90)
Event: James Lee on 2025-09-10 at 14:30:00 (count: 2, duration: 90)
Events found: 2
Time: 2025-09-06 23:35:31 - Start: 2025-09-01, End: 2025-10-01, Server: /functions/get-appointments.php?start=2025-09-01&end=2025-10-01
Count for 2025-09-10: 2
Event: Mikaykay Abecia on 2025-09-10 at 09:30:00 (count: 2, duration: 90)
Event: James Lee on 2025-09-10 at 14:30:00 (count: 2, duration: 90)
Events found: 2
Time: 2025-09-06 23:35:31 - Start: 2025-09-01, End: 2025-10-01, Server: /functions/get-appointments.php?start=2025-09-01&end=2025-10-01
Count for 2025-09-10: 2
Event: Mikaykay Abecia on 2025-09-10 at 09:30:00 (count: 2, duration: 90)
Event: James Lee on 2025-09-10 at 14:30:00 (count: 2, duration: 90)
Events found: 2
Time: 2025-09-06 23:35:42 - Start: 2025-09-01, End: 2025-10-01, Server: /functions/get-appointments.php?start=2025-09-01&end=2025-10-01
Count for 2025-09-10: 2
Event: Mikaykay Abecia on 2025-09-10 at 09:30:00 (count: 2, duration: 90)
Event: James Lee on 2025-09-10 at 14:30:00 (count: 2, duration: 90)
Events found: 2
Time: 2025-09-06 23:35:43 - Start: 2025-09-01, End: 2025-10-01, Server: /functions/get-appointments.php?start=2025-09-01&end=2025-10-01
Count for 2025-09-10: 2
Event: Mikaykay Abecia on 2025-09-10 at 09:30:00 (count: 2, duration: 90)
Event: James Lee on 2025-09-10 at 14:30:00 (count: 2, duration: 90)
Events found: 2
Time: 2025-09-06 23:35:43 - Start: 2025-09-01, End: 2025-10-01, Server: /functions/get-appointments.php?start=2025-09-01&end=2025-10-01
Count for 2025-09-10: 2
Event: Mikaykay Abecia on 2025-09-10 at 09:30:00 (count: 2, duration: 90)
Event: James Lee on 2025-09-10 at 14:30:00 (count: 2, duration: 90)
Events found: 2
Time: 2025-09-06 23:35:43 - Start: 2025-09-01, End: 2025-10-01, Server: /functions/get-appointments.php?start=2025-09-01&end=2025-10-01
Count for 2025-09-10: 2
Event: Mikaykay Abecia on 2025-09-10 at 09:30:00 (count: 2, duration: 90)
Event: James Lee on 2025-09-10 at 14:30:00 (count: 2, duration: 90)
Events found: 2
Time: 2025-09-06 23:35:43 - Start: 2025-09-01, End: 2025-10-01, Server: /functions/get-appointments.php?start=2025-09-01&end=2025-10-01
Count for 2025-09-10: 2
Event: Mikaykay Abecia on 2025-09-10 at 09:30:00 (count: 2, duration: 90)
Event: James Lee on 2025-09-10 at 14:30:00 (count: 2, duration: 90)
Events found: 2
Time: 2025-09-06 23:35:43 - Start: 2025-09-01, End: 2025-10-01, Server: /functions/get-appointments.php?start=2025-09-01&end=2025-10-01
Count for 2025-09-10: 2
Event: Mikaykay Abecia on 2025-09-10 at 09:30:00 (count: 2, duration: 90)
Event: James Lee on 2025-09-10 at 14:30:00 (count: 2, duration: 90)
Events found: 2
Time: 2025-09-06 23:35:44 - Start: 2025-09-01, End: 2025-10-01, Server: /functions/get-appointments.php?start=2025-09-01&end=2025-10-01
Count for 2025-09-10: 2
Event: Mikaykay Abecia on 2025-09-10 at 09:30:00 (count: 2, duration: 90)
Event: James Lee on 2025-09-10 at 14:30:00 (count: 2, duration: 90)
Events found: 2
Time: 2025-09-06 23:35:44 - Start: 2025-09-01, End: 2025-10-01, Server: /functions/get-appointments.php?start=2025-09-01&end=2025-10-01
Count for 2025-09-10: 2
Event: Mikaykay Abecia on 2025-09-10 at 09:30:00 (count: 2, duration: 90)
Event: James Lee on 2025-09-10 at 14:30:00 (count: 2, duration: 90)
Events found: 2
Time: 2025-09-06 23:35:45 - Start: 2025-09-01, End: 2025-10-01, Server: /functions/get-appointments.php?start=2025-09-01&end=2025-10-01
Count for 2025-09-10: 2
Event: Mikaykay Abecia on 2025-09-10 at 09:30:00 (count: 2, duration: 90)
Event: James Lee on 2025-09-10 at 14:30:00 (count: 2, duration: 90)
Events found: 2
Time: 2025-09-06 23:35:45 - Start: 2025-09-01, End: 2025-10-01, Server: /functions/get-appointments.php?start=2025-09-01&end=2025-10-01
Count for 2025-09-10: 2
Event: Mikaykay Abecia on 2025-09-10 at 09:30:00 (count: 2, duration: 90)
Event: James Lee on 2025-09-10 at 14:30:00 (count: 2, duration: 90)
Events found: 2
Time: 2025-09-06 23:35:49 - Start: 2025-09-01, End: 2025-10-01, Server: /functions/get-appointments.php?start=2025-09-01&end=2025-10-01
Count for 2025-09-10: 2
Event: Mikaykay Abecia on 2025-09-10 at 09:30:00 (count: 2, duration: 90)
Event: James Lee on 2025-09-10 at 14:30:00 (count: 2, duration: 90)
Events found: 2
Time: 2025-09-06 23:35:49 - Start: 2025-09-01, End: 2025-10-01, Server: /functions/get-appointments.php?start=2025-09-01&end=2025-10-01
Count for 2025-09-10: 2
Event: Mikaykay Abecia on 2025-09-10 at 09:30:00 (count: 2, duration: 90)
Event: James Lee on 2025-09-10 at 14:30:00 (count: 2, duration: 90)
Events found: 2
Time: 2025-09-06 23:36:19 - Start: 2025-10-01, End: 2025-11-01, Server: /functions/get-appointments.php?start=2025-10-01&end=2025-11-01
Events found: 0
Time: 2025-09-06 23:36:20 - Start: 2025-09-01, End: 2025-10-01, Server: /functions/get-appointments.php?start=2025-09-01&end=2025-10-01
Count for 2025-09-10: 2
Event: Mikaykay Abecia on 2025-09-10 at 09:30:00 (count: 2, duration: 90)
Event: James Lee on 2025-09-10 at 14:30:00 (count: 2, duration: 90)
Events found: 2
Time: 2025-09-06 23:36:21 - Start: 2025-08-01, End: 2025-09-01, Server: /functions/get-appointments.php?start=2025-08-01&end=2025-09-01
Count for 2025-08-28: 1
Count for 2025-08-30: 2
Event: Seongji Yeok on 2025-08-28 at 14:30:00 (count: 1, duration: 90)
Event: tikoy on 2025-08-30 at 13:00:00 (count: 2, duration: 90)
Event: tikay on 2025-08-30 at 15:00:00 (count: 2, duration: 90)
Events found: 3
Time: 2025-09-06 23:36:24 - Start: 2025-09-01, End: 2025-10-01, Server: /functions/get-appointments.php?start=2025-09-01&end=2025-10-01
Count for 2025-09-10: 2
Event: Mikaykay Abecia on 2025-09-10 at 09:30:00 (count: 2, duration: 90)
Event: James Lee on 2025-09-10 at 14:30:00 (count: 2, duration: 90)
Events found: 2
Time: 2025-09-06 23:36:25 - Start: 2025-09-01, End: 2025-10-01, Server: /functions/get-appointments.php?start=2025-09-01&end=2025-10-01
Count for 2025-09-10: 2
Event: Mikaykay Abecia on 2025-09-10 at 09:30:00 (count: 2, duration: 90)
Event: James Lee on 2025-09-10 at 14:30:00 (count: 2, duration: 90)
Events found: 2
Time: 2025-09-06 23:36:25 - Start: 2025-09-01, End: 2025-10-01, Server: /functions/get-appointments.php?start=2025-09-01&end=2025-10-01
Count for 2025-09-10: 2
Event: Mikaykay Abecia on 2025-09-10 at 09:30:00 (count: 2, duration: 90)
Event: James Lee on 2025-09-10 at 14:30:00 (count: 2, duration: 90)
Events found: 2
Time: 2025-09-06 23:41:16 - Start: 2025-09-01, End: 2025-10-01, Server: /functions/get-appointments.php?start=2025-09-01&end=2025-10-01
Count for 2025-09-10: 2
Event: Mikaykay Abecia on 2025-09-10 at 09:30:00 (count: 2, duration: 90)
Event: James Lee on 2025-09-10 at 14:30:00 (count: 2, duration: 90)
Events found: 2
Time: 2025-09-06 23:41:16 - Start: 2025-09-01, End: 2025-10-01, Server: /functions/get-appointments.php?start=2025-09-01&end=2025-10-01
Count for 2025-09-10: 2
Event: Mikaykay Abecia on 2025-09-10 at 09:30:00 (count: 2, duration: 90)
Event: James Lee on 2025-09-10 at 14:30:00 (count: 2, duration: 90)
Events found: 2
Time: 2025-09-06 23:41:17 - Start: 2025-09-01, End: 2025-10-01, Server: /functions/get-appointments.php?start=2025-09-01&end=2025-10-01
Count for 2025-09-10: 2
Event: Mikaykay Abecia on 2025-09-10 at 09:30:00 (count: 2, duration: 90)
Event: James Lee on 2025-09-10 at 14:30:00 (count: 2, duration: 90)
Events found: 2
Time: 2025-09-06 23:41:17 - Start: 2025-09-01, End: 2025-10-01, Server: /functions/get-appointments.php?start=2025-09-01&end=2025-10-01
Count for 2025-09-10: 2
Event: Mikaykay Abecia on 2025-09-10 at 09:30:00 (count: 2, duration: 90)
Event: James Lee on 2025-09-10 at 14:30:00 (count: 2, duration: 90)
Events found: 2
Time: 2025-09-06 23:41:17 - Start: 2025-09-01, End: 2025-10-01, Server: /functions/get-appointments.php?start=2025-09-01&end=2025-10-01
Count for 2025-09-10: 2
Event: Mikaykay Abecia on 2025-09-10 at 09:30:00 (count: 2, duration: 90)
Event: James Lee on 2025-09-10 at 14:30:00 (count: 2, duration: 90)
Events found: 2
Time: 2025-09-06 23:41:17 - Start: 2025-09-01, End: 2025-10-01, Server: /functions/get-appointments.php?start=2025-09-01&end=2025-10-01
Count for 2025-09-10: 2
Event: Mikaykay Abecia on 2025-09-10 at 09:30:00 (count: 2, duration: 90)
Event: James Lee on 2025-09-10 at 14:30:00 (count: 2, duration: 90)
Events found: 2
Time: 2025-09-07 18:15:15 - Start: 2025-09-01, End: 2025-10-01, Server: /Pet_Track_revise-3/functions/get-appointments.php?start=2025-09-01&end=2025-10-01
Count for 2025-09-10: 2
Event: Mikaykay Abecia on 2025-09-10 at 09:30:00 (count: 2, duration: 90)
Event: James Lee on 2025-09-10 at 14:30:00 (count: 2, duration: 90)
Events found: 2
Time: 2025-09-07 18:15:15 - Start: 2025-09-01, End: 2025-10-01, Server: /Pet_Track_revise-3/functions/get-appointments.php?start=2025-09-01&end=2025-10-01
Count for 2025-09-10: 2
Event: Mikaykay Abecia on 2025-09-10 at 09:30:00 (count: 2, duration: 90)
Event: James Lee on 2025-09-10 at 14:30:00 (count: 2, duration: 90)
Events found: 2
Time: 2025-09-07 18:27:28 - Start: 2025-09-01, End: 2025-10-01, Server: /Pet_Track_revise-3/functions/get-appointments.php?start=2025-09-01&end=2025-10-01
Count for 2025-09-10: 2
Event: Mikaykay Abecia on 2025-09-10 at 09:30:00 (count: 2, duration: 90)
Event: James Lee on 2025-09-10 at 14:30:00 (count: 2, duration: 90)
Events found: 2
Time: 2025-09-07 18:27:28 - Start: 2025-09-01, End: 2025-10-01, Server: /Pet_Track_revise-3/functions/get-appointments.php?start=2025-09-01&end=2025-10-01
Count for 2025-09-10: 2
Event: Mikaykay Abecia on 2025-09-10 at 09:30:00 (count: 2, duration: 90)
Event: James Lee on 2025-09-10 at 14:30:00 (count: 2, duration: 90)
Events found: 2
Time: 2025-09-07 18:27:30 - Start: 2025-09-01, End: 2025-10-01, Server: /Pet_Track_revise-3/functions/get-appointments.php?start=2025-09-01&end=2025-10-01
Count for 2025-09-10: 2
Event: Mikaykay Abecia on 2025-09-10 at 09:30:00 (count: 2, duration: 90)
Event: James Lee on 2025-09-10 at 14:30:00 (count: 2, duration: 90)
Events found: 2
Time: 2025-09-07 18:27:30 - Start: 2025-09-01, End: 2025-10-01, Server: /Pet_Track_revise-3/functions/get-appointments.php?start=2025-09-01&end=2025-10-01
Count for 2025-09-10: 2
Event: Mikaykay Abecia on 2025-09-10 at 09:30:00 (count: 2, duration: 90)
Event: James Lee on 2025-09-10 at 14:30:00 (count: 2, duration: 90)
Events found: 2
Time: 2025-09-07 22:10:45 - Start: 2025-09-01, End: 2025-10-01, Server: /Pet_Track_revise-3/functions/get-appointments.php?start=2025-09-01&end=2025-10-01
Count for 2025-09-10: 2
Event: Mikaykay Abecia on 2025-09-10 at 09:30:00 (count: 2, duration: 90)
Event: James Lee on 2025-09-10 at 14:30:00 (count: 2, duration: 90)
Events found: 2
Time: 2025-09-07 22:10:45 - Start: 2025-09-01, End: 2025-10-01, Server: /Pet_Track_revise-3/functions/get-appointments.php?start=2025-09-01&end=2025-10-01
Count for 2025-09-10: 2
Event: Mikaykay Abecia on 2025-09-10 at 09:30:00 (count: 2, duration: 90)
Event: James Lee on 2025-09-10 at 14:30:00 (count: 2, duration: 90)
Events found: 2
Time: 2025-09-07 22:20:15 - Start: 2025-09-01, End: 2025-10-01, Server: /Pet_Track_revise-3/functions/get-appointments.php?start=2025-09-01&end=2025-10-01
Count for 2025-09-10: 2
Event: Mikaykay Abecia on 2025-09-10 at 09:30:00 (count: 2, duration: 90)
Event: James Lee on 2025-09-10 at 14:30:00 (count: 2, duration: 90)
Events found: 2
Time: 2025-09-07 22:20:15 - Start: 2025-09-01, End: 2025-10-01, Server: /Pet_Track_revise-3/functions/get-appointments.php?start=2025-09-01&end=2025-10-01
Count for 2025-09-10: 2
Event: Mikaykay Abecia on 2025-09-10 at 09:30:00 (count: 2, duration: 90)
Event: James Lee on 2025-09-10 at 14:30:00 (count: 2, duration: 90)
Events found: 2
Time: 2025-09-07 22:33:48 - Start: 2025-09-01, End: 2025-10-01, Server: /Pet_Track_revise-3/functions/get-appointments.php?start=2025-09-01&end=2025-10-01
Count for 2025-09-10: 2
Event: Mikaykay Abecia on 2025-09-10 at 09:30:00 (count: 2, duration: 90)
Event: James Lee on 2025-09-10 at 14:30:00 (count: 2, duration: 90)
Events found: 2
Time: 2025-09-07 22:33:48 - Start: 2025-09-01, End: 2025-10-01, Server: /Pet_Track_revise-3/functions/get-appointments.php?start=2025-09-01&end=2025-10-01
Count for 2025-09-10: 2
Event: Mikaykay Abecia on 2025-09-10 at 09:30:00 (count: 2, duration: 90)
Event: James Lee on 2025-09-10 at 14:30:00 (count: 2, duration: 90)
Events found: 2
Time: 2025-09-07 22:33:59 - Start: 2025-09-01, End: 2025-10-01, Server: /Pet_Track_revise-3/functions/get-appointments.php?start=2025-09-01&end=2025-10-01
Count for 2025-09-10: 2
Event: Mikaykay Abecia on 2025-09-10 at 09:30:00 (count: 2, duration: 90)
Event: James Lee on 2025-09-10 at 14:30:00 (count: 2, duration: 90)
Events found: 2
Time: 2025-09-07 22:33:59 - Start: 2025-09-01, End: 2025-10-01, Server: /Pet_Track_revise-3/functions/get-appointments.php?start=2025-09-01&end=2025-10-01
Count for 2025-09-10: 2
Event: Mikaykay Abecia on 2025-09-10 at 09:30:00 (count: 2, duration: 90)
Event: James Lee on 2025-09-10 at 14:30:00 (count: 2, duration: 90)
Events found: 2
Time: 2025-09-07 22:44:20 - Start: 2025-09-01, End: 2025-10-01, Server: /Pet_Track_revise-3/functions/get-appointments.php?start=2025-09-01&end=2025-10-01
Count for 2025-09-10: 2
Event: Mikaykay Abecia on 2025-09-10 at 09:30:00 (count: 2, duration: 90)
Event: James Lee on 2025-09-10 at 14:30:00 (count: 2, duration: 90)
Events found: 2
Time: 2025-09-07 22:44:20 - Start: 2025-09-01, End: 2025-10-01, Server: /Pet_Track_revise-3/functions/get-appointments.php?start=2025-09-01&end=2025-10-01
Count for 2025-09-10: 2
Event: Mikaykay Abecia on 2025-09-10 at 09:30:00 (count: 2, duration: 90)
Event: James Lee on 2025-09-10 at 14:30:00 (count: 2, duration: 90)
Events found: 2
Time: 2025-09-07 22:44:50 - Start: 2025-09-01, End: 2025-10-01, Server: /Pet_Track_revise-3/functions/get-appointments.php?start=2025-09-01&end=2025-10-01
Count for 2025-09-10: 2
Event: Mikaykay Abecia on 2025-09-10 at 09:30:00 (count: 2, duration: 90)
Event: James Lee on 2025-09-10 at 14:30:00 (count: 2, duration: 90)
Events found: 2
Time: 2025-09-07 22:44:50 - Start: 2025-09-01, End: 2025-10-01, Server: /Pet_Track_revise-3/functions/get-appointments.php?start=2025-09-01&end=2025-10-01
Count for 2025-09-10: 2
Event: Mikaykay Abecia on 2025-09-10 at 09:30:00 (count: 2, duration: 90)
Event: James Lee on 2025-09-10 at 14:30:00 (count: 2, duration: 90)
Events found: 2
Time: 2025-09-07 22:46:04 - Start: 2025-09-01, End: 2025-10-01, Server: /Pet_Track_revise-3/functions/get-appointments.php?start=2025-09-01&end=2025-10-01
Count for 2025-09-10: 2
Event: Mikaykay Abecia on 2025-09-10 at 09:30:00 (count: 2, duration: 90)
Event: James Lee on 2025-09-10 at 14:30:00 (count: 2, duration: 90)
Events found: 2
Time: 2025-09-07 22:46:04 - Start: 2025-09-01, End: 2025-10-01, Server: /Pet_Track_revise-3/functions/get-appointments.php?start=2025-09-01&end=2025-10-01
Count for 2025-09-10: 2
Event: Mikaykay Abecia on 2025-09-10 at 09:30:00 (count: 2, duration: 90)
Event: James Lee on 2025-09-10 at 14:30:00 (count: 2, duration: 90)
Events found: 2
Time: 2025-09-07 22:46:05 - Start: 2025-09-01, End: 2025-10-01, Server: /Pet_Track_revise-3/functions/get-appointments.php?start=2025-09-01&end=2025-10-01
Count for 2025-09-10: 2
Event: Mikaykay Abecia on 2025-09-10 at 09:30:00 (count: 2, duration: 90)
Event: James Lee on 2025-09-10 at 14:30:00 (count: 2, duration: 90)
Events found: 2
Time: 2025-09-07 22:46:05 - Start: 2025-09-01, End: 2025-10-01, Server: /Pet_Track_revise-3/functions/get-appointments.php?start=2025-09-01&end=2025-10-01
Count for 2025-09-10: 2
Event: Mikaykay Abecia on 2025-09-10 at 09:30:00 (count: 2, duration: 90)
Event: James Lee on 2025-09-10 at 14:30:00 (count: 2, duration: 90)
Events found: 2
Time: 2025-09-07 22:46:07 - Start: 2025-09-01, End: 2025-10-01, Server: /Pet_Track_revise-3/functions/get-appointments.php?start=2025-09-01&end=2025-10-01
Count for 2025-09-10: 2
Event: Mikaykay Abecia on 2025-09-10 at 09:30:00 (count: 2, duration: 90)
Event: James Lee on 2025-09-10 at 14:30:00 (count: 2, duration: 90)
Events found: 2
Time: 2025-09-07 22:46:07 - Start: 2025-09-01, End: 2025-10-01, Server: /Pet_Track_revise-3/functions/get-appointments.php?start=2025-09-01&end=2025-10-01
Count for 2025-09-10: 2
Event: Mikaykay Abecia on 2025-09-10 at 09:30:00 (count: 2, duration: 90)
Event: James Lee on 2025-09-10 at 14:30:00 (count: 2, duration: 90)
Events found: 2
Time: 2025-09-07 23:30:18 - Start: 2025-09-01, End: 2025-10-01, Server: /Pet_Track_revise-3/functions/get-appointments.php?start=2025-09-01&end=2025-10-01
Count for 2025-09-10: 2
Event: Mikaykay Abecia on 2025-09-10 at 09:30:00 (count: 2, duration: 90)
Event: James Lee on 2025-09-10 at 14:30:00 (count: 2, duration: 90)
Events found: 2
Time: 2025-09-07 23:30:18 - Start: 2025-09-01, End: 2025-10-01, Server: /Pet_Track_revise-3/functions/get-appointments.php?start=2025-09-01&end=2025-10-01
Count for 2025-09-10: 2
Event: Mikaykay Abecia on 2025-09-10 at 09:30:00 (count: 2, duration: 90)
Event: James Lee on 2025-09-10 at 14:30:00 (count: 2, duration: 90)
Events found: 2
Time: 2025-09-08 00:14:33 - Start: 2025-09-01, End: 2025-10-01, Server: /Pet_Track_revise-3/functions/get-appointments.php?start=2025-09-01&end=2025-10-01
Count for 2025-09-10: 2
Event: Mikaykay Abecia on 2025-09-10 at 09:30:00 (count: 2, duration: 90)
Event: James Lee on 2025-09-10 at 14:30:00 (count: 2, duration: 90)
Events found: 2
Time: 2025-09-08 00:14:33 - Start: 2025-09-01, End: 2025-10-01, Server: /Pet_Track_revise-3/functions/get-appointments.php?start=2025-09-01&end=2025-10-01
Count for 2025-09-10: 2
Event: Mikaykay Abecia on 2025-09-10 at 09:30:00 (count: 2, duration: 90)
Event: James Lee on 2025-09-10 at 14:30:00 (count: 2, duration: 90)
Events found: 2
Time: 2025-09-08 09:56:47 - Start: 2025-09-18, End: 2025-09-18, Server: /Pet_Track_revise-3/functions/get-appointments.php?start=2025-09-18&end=2025-09-18
Events found: 0
Time: 2025-09-08 09:56:56 - Start: 2025-09-18, End: 2025-09-18, Server: /Pet_Track_revise-3/functions/get-appointments.php?start=2025-09-18&end=2025-09-18
Events found: 0
Time: 2025-09-08 09:56:56 - Start: 2025-09-18, End: 2025-09-18, Server: /Pet_Track_revise-3/functions/get-appointments.php?start=2025-09-18&end=2025-09-18
Events found: 0
Time: 2025-09-08 09:57:14 - Start: 2025-09-18, End: 2025-09-18, Server: /Pet_Track_revise-3/functions/get-appointments.php?start=2025-09-18&end=2025-09-18
Events found: 0
Script executed at 2025-09-08 09:57:16
Database connection successful.
Form data: Array
(
    [owner_name] => Sheryl Lozano
    [contact_number] => 21312421312
    [appointment_date] => 2025-09-18
    [appointment_time] => 14:30:00
    [reason] => Grooming
)

Appointment logged: Guest Sheryl Lozano booked an appointment on September 18, 2025 at 2:30 PM
Time: 2025-09-08 09:57:27 - Start: 2025-09-01, End: 2025-10-01, Server: /Pet_Track_revise-3/functions/get-appointments.php?start=2025-09-01&end=2025-10-01
Count for 2025-09-10: 2
Count for 2025-09-18: 1
Event: Mikaykay Abecia on 2025-09-10 at 09:30:00 (count: 2, duration: 90)
Event: James Lee on 2025-09-10 at 14:30:00 (count: 2, duration: 90)
Event: Sheryl Lozano on 2025-09-18 at 14:30:00 (count: 1, duration: 90)
Events found: 3
Time: 2025-09-08 09:57:27 - Start: 2025-09-01, End: 2025-10-01, Server: /Pet_Track_revise-3/functions/get-appointments.php?start=2025-09-01&end=2025-10-01
Count for 2025-09-10: 2
Count for 2025-09-18: 1
Event: Mikaykay Abecia on 2025-09-10 at 09:30:00 (count: 2, duration: 90)
Event: James Lee on 2025-09-10 at 14:30:00 (count: 2, duration: 90)
Event: Sheryl Lozano on 2025-09-18 at 14:30:00 (count: 1, duration: 90)
Events found: 3
Time: 2025-09-09 09:50:15 - Start: 2025-09-01, End: 2025-10-01, Server: /Pet_Track_revise-3/functions/get-appointments.php?start=2025-09-01&end=2025-10-01
Count for 2025-09-10: 2
Count for 2025-09-18: 1
Event: Mikaykay Abecia on 2025-09-10 at 09:30:00 (count: 2, duration: 90)
Event: James Lee on 2025-09-10 at 14:30:00 (count: 2, duration: 90)
Event: Sheryl Lozano on 2025-09-18 at 14:30:00 (count: 1, duration: 90)
Events found: 3
Time: 2025-09-09 09:50:15 - Start: 2025-09-01, End: 2025-10-01, Server: /Pet_Track_revise-3/functions/get-appointments.php?start=2025-09-01&end=2025-10-01
Count for 2025-09-10: 2
Count for 2025-09-18: 1
Event: Mikaykay Abecia on 2025-09-10 at 09:30:00 (count: 2, duration: 90)
Event: James Lee on 2025-09-10 at 14:30:00 (count: 2, duration: 90)
Event: Sheryl Lozano on 2025-09-18 at 14:30:00 (count: 1, duration: 90)
Events found: 3
Time: 2025-09-09 10:23:04 - Start: 2025-09-01, End: 2025-10-01, Server: /Pet_Track_revise-3/functions/get-appointments.php?start=2025-09-01&end=2025-10-01
Count for 2025-09-10: 2
Count for 2025-09-18: 1
Event: Mikaykay Abecia on 2025-09-10 at 09:30:00 (count: 2, duration: 90)
Event: James Lee on 2025-09-10 at 14:30:00 (count: 2, duration: 90)
Event: Sheryl Lozano on 2025-09-18 at 14:30:00 (count: 1, duration: 90)
Events found: 3
Time: 2025-09-09 10:23:04 - Start: 2025-09-01, End: 2025-10-01, Server: /Pet_Track_revise-3/functions/get-appointments.php?start=2025-09-01&end=2025-10-01
Count for 2025-09-10: 2
Count for 2025-09-18: 1
Event: Mikaykay Abecia on 2025-09-10 at 09:30:00 (count: 2, duration: 90)
Event: James Lee on 2025-09-10 at 14:30:00 (count: 2, duration: 90)
Event: Sheryl Lozano on 2025-09-18 at 14:30:00 (count: 1, duration: 90)
Events found: 3
Time: 2025-09-09 10:23:13 - Start: 2025-09-01, End: 2025-10-01, Server: /Pet_Track_revise-3/functions/get-appointments.php?start=2025-09-01&end=2025-10-01
Count for 2025-09-10: 2
Count for 2025-09-18: 1
Event: Mikaykay Abecia on 2025-09-10 at 09:30:00 (count: 2, duration: 90)
Event: James Lee on 2025-09-10 at 14:30:00 (count: 2, duration: 90)
Event: Sheryl Lozano on 2025-09-18 at 14:30:00 (count: 1, duration: 90)
Events found: 3
Time: 2025-09-09 10:23:13 - Start: 2025-09-01, End: 2025-10-01, Server: /Pet_Track_revise-3/functions/get-appointments.php?start=2025-09-01&end=2025-10-01
Count for 2025-09-10: 2
Count for 2025-09-18: 1
Event: Mikaykay Abecia on 2025-09-10 at 09:30:00 (count: 2, duration: 90)
Event: James Lee on 2025-09-10 at 14:30:00 (count: 2, duration: 90)
Event: Sheryl Lozano on 2025-09-18 at 14:30:00 (count: 1, duration: 90)
Events found: 3
Time: 2025-09-09 10:23:50 - Start: 2025-09-01, End: 2025-10-01, Server: /Pet_Track_revise-3/functions/get-appointments.php?start=2025-09-01&end=2025-10-01
Count for 2025-09-10: 2
Count for 2025-09-18: 1
Event: Mikaykay Abecia on 2025-09-10 at 09:30:00 (count: 2, duration: 90)
Event: James Lee on 2025-09-10 at 14:30:00 (count: 2, duration: 90)
Event: Sheryl Lozano on 2025-09-18 at 14:30:00 (count: 1, duration: 90)
Events found: 3
Time: 2025-09-09 10:23:50 - Start: 2025-09-01, End: 2025-10-01, Server: /Pet_Track_revise-3/functions/get-appointments.php?start=2025-09-01&end=2025-10-01
Count for 2025-09-10: 2
Count for 2025-09-18: 1
Event: Mikaykay Abecia on 2025-09-10 at 09:30:00 (count: 2, duration: 90)
Event: James Lee on 2025-09-10 at 14:30:00 (count: 2, duration: 90)
Event: Sheryl Lozano on 2025-09-18 at 14:30:00 (count: 1, duration: 90)
Events found: 3
Time: 2025-09-09 10:26:14 - Start: 2025-09-01, End: 2025-10-01, Server: /Pet_Track_revise-3/functions/get-appointments.php?start=2025-09-01&end=2025-10-01
Count for 2025-09-10: 2
Count for 2025-09-18: 1
Event: Mikaykay Abecia on 2025-09-10 at 09:30:00 (count: 2, duration: 90)
Event: James Lee on 2025-09-10 at 14:30:00 (count: 2, duration: 90)
Event: Sheryl Lozano on 2025-09-18 at 14:30:00 (count: 1, duration: 90)
Events found: 3
Time: 2025-09-09 10:26:14 - Start: 2025-09-01, End: 2025-10-01, Server: /Pet_Track_revise-3/functions/get-appointments.php?start=2025-09-01&end=2025-10-01
Count for 2025-09-10: 2
Count for 2025-09-18: 1
Event: Mikaykay Abecia on 2025-09-10 at 09:30:00 (count: 2, duration: 90)
Event: James Lee on 2025-09-10 at 14:30:00 (count: 2, duration: 90)
Event: Sheryl Lozano on 2025-09-18 at 14:30:00 (count: 1, duration: 90)
Events found: 3
Time: 2025-09-09 10:27:27 - Start: 2025-09-01, End: 2025-10-01, Server: /Pet_Track_revise-3/functions/get-appointments.php?start=2025-09-01&end=2025-10-01
Count for 2025-09-10: 2
Count for 2025-09-18: 1
Event: Mikaykay Abecia on 2025-09-10 at 09:30:00 (count: 2, duration: 90)
Event: James Lee on 2025-09-10 at 14:30:00 (count: 2, duration: 90)
Event: Sheryl Lozano on 2025-09-18 at 14:30:00 (count: 1, duration: 90)
Events found: 3
Time: 2025-09-09 10:27:27 - Start: 2025-09-01, End: 2025-10-01, Server: /Pet_Track_revise-3/functions/get-appointments.php?start=2025-09-01&end=2025-10-01
Count for 2025-09-10: 2
Count for 2025-09-18: 1
Event: Mikaykay Abecia on 2025-09-10 at 09:30:00 (count: 2, duration: 90)
Event: James Lee on 2025-09-10 at 14:30:00 (count: 2, duration: 90)
Event: Sheryl Lozano on 2025-09-18 at 14:30:00 (count: 1, duration: 90)
Events found: 3
Time: 2025-09-09 10:27:28 - Start: 2025-10-01, End: 2025-11-01, Server: /Pet_Track_revise-3/functions/get-appointments.php?start=2025-10-01&end=2025-11-01
Events found: 0
Time: 2025-09-09 10:27:30 - Start: 2025-09-01, End: 2025-10-01, Server: /Pet_Track_revise-3/functions/get-appointments.php?start=2025-09-01&end=2025-10-01
Count for 2025-09-10: 2
Count for 2025-09-18: 1
Event: Mikaykay Abecia on 2025-09-10 at 09:30:00 (count: 2, duration: 90)
Event: James Lee on 2025-09-10 at 14:30:00 (count: 2, duration: 90)
Event: Sheryl Lozano on 2025-09-18 at 14:30:00 (count: 1, duration: 90)
Events found: 3
Time: 2025-09-09 10:27:32 - Start: 2025-09-01, End: 2025-10-01, Server: /Pet_Track_revise-3/functions/get-appointments.php?start=2025-09-01&end=2025-10-01
Count for 2025-09-10: 2
Count for 2025-09-18: 1
Event: Mikaykay Abecia on 2025-09-10 at 09:30:00 (count: 2, duration: 90)
Event: James Lee on 2025-09-10 at 14:30:00 (count: 2, duration: 90)
Event: Sheryl Lozano on 2025-09-18 at 14:30:00 (count: 1, duration: 90)
Events found: 3
Time: 2025-09-09 10:27:32 - Start: 2025-09-01, End: 2025-10-01, Server: /Pet_Track_revise-3/functions/get-appointments.php?start=2025-09-01&end=2025-10-01
Count for 2025-09-10: 2
Count for 2025-09-18: 1
Event: Mikaykay Abecia on 2025-09-10 at 09:30:00 (count: 2, duration: 90)
Event: James Lee on 2025-09-10 at 14:30:00 (count: 2, duration: 90)
Event: Sheryl Lozano on 2025-09-18 at 14:30:00 (count: 1, duration: 90)
Events found: 3
Time: 2025-09-10 21:23:43 - Start: 2025-09-01, End: 2025-10-01, Server: /Pet_Track_revise-3/functions/get-appointments.php?start=2025-09-01&end=2025-10-01
Count for 2025-09-10: 2
Count for 2025-09-18: 1
Event: Mikaykay Abecia on 2025-09-10 at 09:30:00 (count: 2, duration: 90)
Event: James Lee on 2025-09-10 at 14:30:00 (count: 2, duration: 90)
Event: Sheryl Lozano on 2025-09-18 at 14:30:00 (count: 1, duration: 90)
Events found: 3
Time: 2025-09-10 21:23:43 - Start: 2025-09-01, End: 2025-10-01, Server: /Pet_Track_revise-3/functions/get-appointments.php?start=2025-09-01&end=2025-10-01
Count for 2025-09-10: 2
Count for 2025-09-18: 1
Event: Mikaykay Abecia on 2025-09-10 at 09:30:00 (count: 2, duration: 90)
Event: James Lee on 2025-09-10 at 14:30:00 (count: 2, duration: 90)
Event: Sheryl Lozano on 2025-09-18 at 14:30:00 (count: 1, duration: 90)
Events found: 3
Time: 2025-09-10 21:24:11 - Start: 2025-09-01, End: 2025-10-01, Server: /Pet_Track_revise-3/functions/get-appointments.php?start=2025-09-01&end=2025-10-01
Count for 2025-09-10: 2
Count for 2025-09-18: 1
Event: Mikaykay Abecia on 2025-09-10 at 09:30:00 (count: 2, duration: 90)
Event: James Lee on 2025-09-10 at 14:30:00 (count: 2, duration: 90)
Event: Sheryl Lozano on 2025-09-18 at 14:30:00 (count: 1, duration: 90)
Events found: 3
Time: 2025-09-10 21:24:11 - Start: 2025-09-01, End: 2025-10-01, Server: /Pet_Track_revise-3/functions/get-appointments.php?start=2025-09-01&end=2025-10-01
Count for 2025-09-10: 2
Count for 2025-09-18: 1
Event: Mikaykay Abecia on 2025-09-10 at 09:30:00 (count: 2, duration: 90)
Event: James Lee on 2025-09-10 at 14:30:00 (count: 2, duration: 90)
Event: Sheryl Lozano on 2025-09-18 at 14:30:00 (count: 1, duration: 90)
Events found: 3
Time: 2025-09-10 21:26:27 - Start: 2025-09-01, End: 2025-10-01, Server: /Pet_Track_revise-3/functions/get-appointments.php?start=2025-09-01&end=2025-10-01
Count for 2025-09-10: 2
Count for 2025-09-18: 1
Event: Mikaykay Abecia on 2025-09-10 at 09:30:00 (count: 2, duration: 90)
Event: James Lee on 2025-09-10 at 14:30:00 (count: 2, duration: 90)
Event: Sheryl Lozano on 2025-09-18 at 14:30:00 (count: 1, duration: 90)
Events found: 3
Time: 2025-09-10 21:26:27 - Start: 2025-09-01, End: 2025-10-01, Server: /Pet_Track_revise-3/functions/get-appointments.php?start=2025-09-01&end=2025-10-01
Count for 2025-09-10: 2
Count for 2025-09-18: 1
Event: Mikaykay Abecia on 2025-09-10 at 09:30:00 (count: 2, duration: 90)
Event: James Lee on 2025-09-10 at 14:30:00 (count: 2, duration: 90)
Event: Sheryl Lozano on 2025-09-18 at 14:30:00 (count: 1, duration: 90)
Events found: 3
Time: 2025-09-10 21:44:23 - Start: 2025-09-01, End: 2025-10-01, Server: /Pet_Track_revise-3/functions/get-appointments.php?start=2025-09-01&end=2025-10-01
Count for 2025-09-10: 2
Count for 2025-09-18: 1
Event: Mikaykay Abecia on 2025-09-10 at 09:30:00 (count: 2, duration: 90)
Event: James Lee on 2025-09-10 at 14:30:00 (count: 2, duration: 90)
Event: Sheryl Lozano on 2025-09-18 at 14:30:00 (count: 1, duration: 90)
Events found: 3
Time: 2025-09-10 21:44:23 - Start: 2025-09-01, End: 2025-10-01, Server: /Pet_Track_revise-3/functions/get-appointments.php?start=2025-09-01&end=2025-10-01
Count for 2025-09-10: 2
Count for 2025-09-18: 1
Event: Mikaykay Abecia on 2025-09-10 at 09:30:00 (count: 2, duration: 90)
Event: James Lee on 2025-09-10 at 14:30:00 (count: 2, duration: 90)
Event: Sheryl Lozano on 2025-09-18 at 14:30:00 (count: 1, duration: 90)
Events found: 3
Time: 2025-09-10 22:12:21 - Start: 2025-09-01, End: 2025-10-01, Server: /Pet_Track_revise-3/functions/get-appointments.php?start=2025-09-01&end=2025-10-01
Count for 2025-09-10: 2
Count for 2025-09-18: 1
Event: Mikaykay Abecia on 2025-09-10 at 09:30:00 (count: 2, duration: 90)
Event: James Lee on 2025-09-10 at 14:30:00 (count: 2, duration: 90)
Event: Sheryl Lozano on 2025-09-18 at 14:30:00 (count: 1, duration: 90)
Events found: 3
Time: 2025-09-10 22:12:21 - Start: 2025-09-01, End: 2025-10-01, Server: /Pet_Track_revise-3/functions/get-appointments.php?start=2025-09-01&end=2025-10-01
Count for 2025-09-10: 2
Count for 2025-09-18: 1
Event: Mikaykay Abecia on 2025-09-10 at 09:30:00 (count: 2, duration: 90)
Event: James Lee on 2025-09-10 at 14:30:00 (count: 2, duration: 90)
Event: Sheryl Lozano on 2025-09-18 at 14:30:00 (count: 1, duration: 90)
Events found: 3
Time: 2025-09-10 22:13:21 - Start: 2025-09-01, End: 2025-10-01, Server: /Pet_Track_revise-3/functions/get-appointments.php?start=2025-09-01&end=2025-10-01
Count for 2025-09-10: 2
Count for 2025-09-18: 1
Event: Mikaykay Abecia on 2025-09-10 at 09:30:00 (count: 2, duration: 90)
Event: James Lee on 2025-09-10 at 14:30:00 (count: 2, duration: 90)
Event: Sheryl Lozano on 2025-09-18 at 14:30:00 (count: 1, duration: 90)
Events found: 3
Time: 2025-09-10 22:13:21 - Start: 2025-09-01, End: 2025-10-01, Server: /Pet_Track_revise-3/functions/get-appointments.php?start=2025-09-01&end=2025-10-01
Count for 2025-09-10: 2
Count for 2025-09-18: 1
Event: Mikaykay Abecia on 2025-09-10 at 09:30:00 (count: 2, duration: 90)
Event: James Lee on 2025-09-10 at 14:30:00 (count: 2, duration: 90)
Event: Sheryl Lozano on 2025-09-18 at 14:30:00 (count: 1, duration: 90)
Events found: 3
Time: 2025-09-10 22:34:05 - Start: 2025-09-01, End: 2025-10-01, Server: /Pet_Track_revise-3/functions/get-appointments.php?start=2025-09-01&end=2025-10-01
Count for 2025-09-10: 2
Count for 2025-09-18: 1
Event: Mikaykay Abecia on 2025-09-10 at 09:30:00 (count: 2, duration: 90)
Event: James Lee on 2025-09-10 at 14:30:00 (count: 2, duration: 90)
Event: Sheryl Lozano on 2025-09-18 at 14:30:00 (count: 1, duration: 90)
Events found: 3
Time: 2025-09-10 22:34:05 - Start: 2025-09-01, End: 2025-10-01, Server: /Pet_Track_revise-3/functions/get-appointments.php?start=2025-09-01&end=2025-10-01
Count for 2025-09-10: 2
Count for 2025-09-18: 1
Event: Mikaykay Abecia on 2025-09-10 at 09:30:00 (count: 2, duration: 90)
Event: James Lee on 2025-09-10 at 14:30:00 (count: 2, duration: 90)
Event: Sheryl Lozano on 2025-09-18 at 14:30:00 (count: 1, duration: 90)
Events found: 3
Time: 2025-09-11 10:10:06 - Start: 2025-09-01, End: 2025-10-01, Server: /Pet_Track_revise-3/functions/get-appointments.php?start=2025-09-01&end=2025-10-01
Count for 2025-09-10: 2
Count for 2025-09-18: 1
Event: Mikaykay Abecia on 2025-09-10 at 09:30:00 (count: 2, duration: 90)
Event: James Lee on 2025-09-10 at 14:30:00 (count: 2, duration: 90)
Event: Sheryl Lozano on 2025-09-18 at 14:30:00 (count: 1, duration: 90)
Events found: 3
Time: 2025-09-11 10:10:06 - Start: 2025-09-01, End: 2025-10-01, Server: /Pet_Track_revise-3/functions/get-appointments.php?start=2025-09-01&end=2025-10-01
Count for 2025-09-10: 2
Count for 2025-09-18: 1
Event: Mikaykay Abecia on 2025-09-10 at 09:30:00 (count: 2, duration: 90)
Event: James Lee on 2025-09-10 at 14:30:00 (count: 2, duration: 90)
Event: Sheryl Lozano on 2025-09-18 at 14:30:00 (count: 1, duration: 90)
Events found: 3
Time: 2025-09-11 10:12:08 - Start: 2025-09-01, End: 2025-10-01, Server: /Pet_Track_revise-3/functions/get-appointments.php?start=2025-09-01&end=2025-10-01
Count for 2025-09-10: 2
Count for 2025-09-18: 1
Event: Mikaykay Abecia on 2025-09-10 at 09:30:00 (count: 2, duration: 90)
Event: James Lee on 2025-09-10 at 14:30:00 (count: 2, duration: 90)
Event: Sheryl Lozano on 2025-09-18 at 14:30:00 (count: 1, duration: 90)
Events found: 3
Time: 2025-09-11 10:12:08 - Start: 2025-09-01, End: 2025-10-01, Server: /Pet_Track_revise-3/functions/get-appointments.php?start=2025-09-01&end=2025-10-01
Count for 2025-09-10: 2
Count for 2025-09-18: 1
Event: Mikaykay Abecia on 2025-09-10 at 09:30:00 (count: 2, duration: 90)
Event: James Lee on 2025-09-10 at 14:30:00 (count: 2, duration: 90)
Event: Sheryl Lozano on 2025-09-18 at 14:30:00 (count: 1, duration: 90)
Events found: 3
Time: 2025-09-11 10:16:39 - Start: 2025-09-01, End: 2025-10-01, Server: /Pet_Track_revise-3/functions/get-appointments.php?start=2025-09-01&end=2025-10-01
Count for 2025-09-10: 2
Count for 2025-09-18: 1
Event: Mikaykay Abecia on 2025-09-10 at 09:30:00 (count: 2, duration: 90)
Event: James Lee on 2025-09-10 at 14:30:00 (count: 2, duration: 90)
Event: Sheryl Lozano on 2025-09-18 at 14:30:00 (count: 1, duration: 90)
Events found: 3
Time: 2025-09-11 10:16:40 - Start: 2025-09-01, End: 2025-10-01, Server: /Pet_Track_revise-3/functions/get-appointments.php?start=2025-09-01&end=2025-10-01
Count for 2025-09-10: 2
Count for 2025-09-18: 1
Event: Mikaykay Abecia on 2025-09-10 at 09:30:00 (count: 2, duration: 90)
Event: James Lee on 2025-09-10 at 14:30:00 (count: 2, duration: 90)
Event: Sheryl Lozano on 2025-09-18 at 14:30:00 (count: 1, duration: 90)
Events found: 3
Time: 2025-09-11 10:18:45 - Start: 2025-09-01, End: 2025-10-01, Server: /Pet_Track_revise-3/functions/get-appointments.php?start=2025-09-01&end=2025-10-01
Count for 2025-09-10: 2
Count for 2025-09-18: 1
Event: Mikaykay Abecia on 2025-09-10 at 09:30:00 (count: 2, duration: 90)
Event: James Lee on 2025-09-10 at 14:30:00 (count: 2, duration: 90)
Event: Sheryl Lozano on 2025-09-18 at 14:30:00 (count: 1, duration: 90)
Events found: 3
Time: 2025-09-11 10:18:45 - Start: 2025-09-01, End: 2025-10-01, Server: /Pet_Track_revise-3/functions/get-appointments.php?start=2025-09-01&end=2025-10-01
Count for 2025-09-10: 2
Count for 2025-09-18: 1
Event: Mikaykay Abecia on 2025-09-10 at 09:30:00 (count: 2, duration: 90)
Event: James Lee on 2025-09-10 at 14:30:00 (count: 2, duration: 90)
Event: Sheryl Lozano on 2025-09-18 at 14:30:00 (count: 1, duration: 90)
Events found: 3
Time: 2025-09-11 10:18:54 - Start: 2025-09-01, End: 2025-10-01, Server: /Pet_Track_revise-3/functions/get-appointments.php?start=2025-09-01&end=2025-10-01
Count for 2025-09-10: 2
Count for 2025-09-18: 1
Event: Mikaykay Abecia on 2025-09-10 at 09:30:00 (count: 2, duration: 90)
Event: James Lee on 2025-09-10 at 14:30:00 (count: 2, duration: 90)
Event: Sheryl Lozano on 2025-09-18 at 14:30:00 (count: 1, duration: 90)
Events found: 3
Time: 2025-09-11 10:18:54 - Start: 2025-09-01, End: 2025-10-01, Server: /Pet_Track_revise-3/functions/get-appointments.php?start=2025-09-01&end=2025-10-01
Count for 2025-09-10: 2
Count for 2025-09-18: 1
Event: Mikaykay Abecia on 2025-09-10 at 09:30:00 (count: 2, duration: 90)
Event: James Lee on 2025-09-10 at 14:30:00 (count: 2, duration: 90)
Event: Sheryl Lozano on 2025-09-18 at 14:30:00 (count: 1, duration: 90)
Events found: 3
Time: 2025-09-11 10:20:36 - Start: 2025-09-01, End: 2025-10-01, Server: /Pet_Track_revise-3/functions/get-appointments.php?start=2025-09-01&end=2025-10-01
Count for 2025-09-10: 2
Count for 2025-09-18: 1
Event: Mikaykay Abecia on 2025-09-10 at 09:30:00 (count: 2, duration: 90)
Event: James Lee on 2025-09-10 at 14:30:00 (count: 2, duration: 90)
Event: Sheryl Lozano on 2025-09-18 at 14:30:00 (count: 1, duration: 90)
Events found: 3
Time: 2025-09-11 10:20:36 - Start: 2025-09-01, End: 2025-10-01, Server: /Pet_Track_revise-3/functions/get-appointments.php?start=2025-09-01&end=2025-10-01
Count for 2025-09-10: 2
Count for 2025-09-18: 1
Event: Mikaykay Abecia on 2025-09-10 at 09:30:00 (count: 2, duration: 90)
Event: James Lee on 2025-09-10 at 14:30:00 (count: 2, duration: 90)
Event: Sheryl Lozano on 2025-09-18 at 14:30:00 (count: 1, duration: 90)
Events found: 3
Time: 2025-09-11 11:49:32 - Start: 2025-09-01, End: 2025-10-01, Server: /Pet_Track_revise-3/functions/get-appointments.php?start=2025-09-01&end=2025-10-01
Count for 2025-09-10: 2
Count for 2025-09-18: 1
Event: Mikaykay Abecia on 2025-09-10 at 09:30:00 (count: 2, duration: 90)
Event: James Lee on 2025-09-10 at 14:30:00 (count: 2, duration: 90)
Event: Sheryl Lozano on 2025-09-18 at 14:30:00 (count: 1, duration: 90)
Events found: 3
Time: 2025-09-11 11:49:32 - Start: 2025-09-01, End: 2025-10-01, Server: /Pet_Track_revise-3/functions/get-appointments.php?start=2025-09-01&end=2025-10-01
Count for 2025-09-10: 2
Count for 2025-09-18: 1
Event: Mikaykay Abecia on 2025-09-10 at 09:30:00 (count: 2, duration: 90)
Event: James Lee on 2025-09-10 at 14:30:00 (count: 2, duration: 90)
Event: Sheryl Lozano on 2025-09-18 at 14:30:00 (count: 1, duration: 90)
Events found: 3
Time: 2025-09-11 11:56:08 - Start: 2025-09-01, End: 2025-10-01, Server: /Pet_Track_revise-3/functions/get-appointments.php?start=2025-09-01&end=2025-10-01
Count for 2025-09-10: 2
Count for 2025-09-18: 1
Event: Mikaykay Abecia on 2025-09-10 at 09:30:00 (count: 2, duration: 90)
Event: James Lee on 2025-09-10 at 14:30:00 (count: 2, duration: 90)
Event: Sheryl Lozano on 2025-09-18 at 14:30:00 (count: 1, duration: 90)
Events found: 3
Time: 2025-09-11 11:56:08 - Start: 2025-09-01, End: 2025-10-01, Server: /Pet_Track_revise-3/functions/get-appointments.php?start=2025-09-01&end=2025-10-01
Count for 2025-09-10: 2
Count for 2025-09-18: 1
Event: Mikaykay Abecia on 2025-09-10 at 09:30:00 (count: 2, duration: 90)
Event: James Lee on 2025-09-10 at 14:30:00 (count: 2, duration: 90)
Event: Sheryl Lozano on 2025-09-18 at 14:30:00 (count: 1, duration: 90)
Events found: 3
Time: 2025-09-11 11:57:55 - Start: 2025-09-18, End: 2025-09-18, Server: /Pet_Track_revise-3/functions/get-appointments.php?start=2025-09-18&end=2025-09-18
Count for 2025-09-18: 1
Event: Sheryl Lozano on 2025-09-18 at 14:30:00 (count: 1, duration: 90)
Events found: 1
Time: 2025-09-11 11:58:08 - Start: 2025-09-18, End: 2025-09-18, Server: /Pet_Track_revise-3/functions/get-appointments.php?start=2025-09-18&end=2025-09-18
Count for 2025-09-18: 1
Event: Sheryl Lozano on 2025-09-18 at 14:30:00 (count: 1, duration: 90)
Events found: 1
Script executed at 2025-09-11 11:58:26
Database connection successful.
Form data: Array
(
    [owner_name] => Danreb Salvacion
    [contact_number] => 01234567891
    [appointment_date] => 2025-09-18
    [appointment_time] => 16:30:00
    [reason] => Grooming
)

Appointment logged: Guest Danreb Salvacion booked an appointment on September 18, 2025 at 4:30 PM
Time: 2025-09-11 11:58:28 - Start: 2025-09-01, End: 2025-10-01, Server: /Pet_Track_revise-3/functions/get-appointments.php?start=2025-09-01&end=2025-10-01
Count for 2025-09-10: 2
Count for 2025-09-18: 2
Event: Mikaykay Abecia on 2025-09-10 at 09:30:00 (count: 2, duration: 90)
Event: James Lee on 2025-09-10 at 14:30:00 (count: 2, duration: 90)
Event: Sheryl Lozano on 2025-09-18 at 14:30:00 (count: 2, duration: 90)
Event: Danreb Salvacion on 2025-09-18 at 16:30:00 (count: 2, duration: 90)
Events found: 4
Time: 2025-09-11 11:58:28 - Start: 2025-09-01, End: 2025-10-01, Server: /Pet_Track_revise-3/functions/get-appointments.php?start=2025-09-01&end=2025-10-01
Count for 2025-09-10: 2
Count for 2025-09-18: 2
Event: Mikaykay Abecia on 2025-09-10 at 09:30:00 (count: 2, duration: 90)
Event: James Lee on 2025-09-10 at 14:30:00 (count: 2, duration: 90)
Event: Sheryl Lozano on 2025-09-18 at 14:30:00 (count: 2, duration: 90)
Event: Danreb Salvacion on 2025-09-18 at 16:30:00 (count: 2, duration: 90)
Events found: 4
Time: 2025-09-11 12:19:16 - Start: 2025-09-01, End: 2025-10-01, Server: /Pet_Track_revise-3/functions/get-appointments.php?start=2025-09-01&end=2025-10-01
Count for 2025-09-10: 2
Count for 2025-09-18: 2
Event: Mikaykay Abecia on 2025-09-10 at 09:30:00 (count: 2, duration: 90)
Event: James Lee on 2025-09-10 at 14:30:00 (count: 2, duration: 90)
Event: Sheryl Lozano on 2025-09-18 at 14:30:00 (count: 2, duration: 90)
Event: Danreb Salvacion on 2025-09-18 at 16:30:00 (count: 2, duration: 90)
Events found: 4
Time: 2025-09-11 12:19:16 - Start: 2025-09-01, End: 2025-10-01, Server: /Pet_Track_revise-3/functions/get-appointments.php?start=2025-09-01&end=2025-10-01
Count for 2025-09-10: 2
Count for 2025-09-18: 2
Event: Mikaykay Abecia on 2025-09-10 at 09:30:00 (count: 2, duration: 90)
Event: James Lee on 2025-09-10 at 14:30:00 (count: 2, duration: 90)
Event: Sheryl Lozano on 2025-09-18 at 14:30:00 (count: 2, duration: 90)
Event: Danreb Salvacion on 2025-09-18 at 16:30:00 (count: 2, duration: 90)
Events found: 4
Time: 2025-09-11 21:38:54 - Start: 2025-09-01, End: 2025-10-01, Server: /Pet_Track_revise-3/functions/get-appointments.php?start=2025-09-01&end=2025-10-01
Count for 2025-09-10: 2
Count for 2025-09-18: 2
Event: Mikaykay Abecia on 2025-09-10 at 09:30:00 (count: 2, duration: 90)
Event: James Lee on 2025-09-10 at 14:30:00 (count: 2, duration: 90)
Event: Sheryl Lozano on 2025-09-18 at 14:30:00 (count: 2, duration: 90)
Event: Danreb Salvacion on 2025-09-18 at 16:30:00 (count: 2, duration: 90)
Events found: 4
Time: 2025-09-11 21:38:54 - Start: 2025-09-01, End: 2025-10-01, Server: /Pet_Track_revise-3/functions/get-appointments.php?start=2025-09-01&end=2025-10-01
Count for 2025-09-10: 2
Count for 2025-09-18: 2
Event: Mikaykay Abecia on 2025-09-10 at 09:30:00 (count: 2, duration: 90)
Event: James Lee on 2025-09-10 at 14:30:00 (count: 2, duration: 90)
Event: Sheryl Lozano on 2025-09-18 at 14:30:00 (count: 2, duration: 90)
Event: Danreb Salvacion on 2025-09-18 at 16:30:00 (count: 2, duration: 90)
Events found: 4
Time: 2025-09-11 21:39:42 - Start: 2025-09-18, End: 2025-09-18, Server: /Pet_Track_revise-3/functions/get-appointments.php?start=2025-09-18&end=2025-09-18
Count for 2025-09-18: 2
Event: Sheryl Lozano on 2025-09-18 at 14:30:00 (count: 2, duration: 90)
Event: Danreb Salvacion on 2025-09-18 at 16:30:00 (count: 2, duration: 90)
Events found: 2
Time: 2025-09-11 21:40:16 - Start: 2025-09-18, End: 2025-09-18, Server: /Pet_Track_revise-3/functions/get-appointments.php?start=2025-09-18&end=2025-09-18
Count for 2025-09-18: 2
Event: Sheryl Lozano on 2025-09-18 at 14:30:00 (count: 2, duration: 90)
Event: Danreb Salvacion on 2025-09-18 at 16:30:00 (count: 2, duration: 90)
Events found: 2
Time: 2025-09-11 21:40:17 - Start: 2025-09-18, End: 2025-09-18, Server: /Pet_Track_revise-3/functions/get-appointments.php?start=2025-09-18&end=2025-09-18
Count for 2025-09-18: 2
Event: Sheryl Lozano on 2025-09-18 at 14:30:00 (count: 2, duration: 90)
Event: Danreb Salvacion on 2025-09-18 at 16:30:00 (count: 2, duration: 90)
Events found: 2
Time: 2025-09-11 21:40:20 - Start: 2025-09-18, End: 2025-09-18, Server: /Pet_Track_revise-3/functions/get-appointments.php?start=2025-09-18&end=2025-09-18
Count for 2025-09-18: 2
Event: Sheryl Lozano on 2025-09-18 at 14:30:00 (count: 2, duration: 90)
Event: Danreb Salvacion on 2025-09-18 at 16:30:00 (count: 2, duration: 90)
Events found: 2
Time: 2025-09-11 21:40:20 - Start: 2025-09-18, End: 2025-09-18, Server: /Pet_Track_revise-3/functions/get-appointments.php?start=2025-09-18&end=2025-09-18
Count for 2025-09-18: 2
Event: Sheryl Lozano on 2025-09-18 at 14:30:00 (count: 2, duration: 90)
Event: Danreb Salvacion on 2025-09-18 at 16:30:00 (count: 2, duration: 90)
Events found: 2
Time: 2025-09-11 21:40:21 - Start: 2025-09-18, End: 2025-09-18, Server: /Pet_Track_revise-3/functions/get-appointments.php?start=2025-09-18&end=2025-09-18
Count for 2025-09-18: 2
Event: Sheryl Lozano on 2025-09-18 at 14:30:00 (count: 2, duration: 90)
Event: Danreb Salvacion on 2025-09-18 at 16:30:00 (count: 2, duration: 90)
Events found: 2
Time: 2025-09-11 21:40:22 - Start: 2025-09-18, End: 2025-09-18, Server: /Pet_Track_revise-3/functions/get-appointments.php?start=2025-09-18&end=2025-09-18
Count for 2025-09-18: 2
Event: Sheryl Lozano on 2025-09-18 at 14:30:00 (count: 2, duration: 90)
Event: Danreb Salvacion on 2025-09-18 at 16:30:00 (count: 2, duration: 90)
Events found: 2
Time: 2025-09-11 21:40:22 - Start: 2025-09-18, End: 2025-09-18, Server: /Pet_Track_revise-3/functions/get-appointments.php?start=2025-09-18&end=2025-09-18
Count for 2025-09-18: 2
Event: Sheryl Lozano on 2025-09-18 at 14:30:00 (count: 2, duration: 90)
Event: Danreb Salvacion on 2025-09-18 at 16:30:00 (count: 2, duration: 90)
Events found: 2
Time: 2025-09-11 21:40:26 - Start: 2025-09-18, End: 2025-09-18, Server: /Pet_Track_revise-3/functions/get-appointments.php?start=2025-09-18&end=2025-09-18
Count for 2025-09-18: 2
Event: Sheryl Lozano on 2025-09-18 at 14:30:00 (count: 2, duration: 90)
Event: Danreb Salvacion on 2025-09-18 at 16:30:00 (count: 2, duration: 90)
Events found: 2
Time: 2025-09-11 21:43:13 - Start: 2025-09-01, End: 2025-10-01, Server: /Pet_Track_revise-3/functions/get-appointments.php?start=2025-09-01&end=2025-10-01
Count for 2025-09-10: 2
Count for 2025-09-18: 2
Event: Mikaykay Abecia on 2025-09-10 at 09:30:00 (count: 2, duration: 90)
Event: James Lee on 2025-09-10 at 14:30:00 (count: 2, duration: 90)
Event: Sheryl Lozano on 2025-09-18 at 14:30:00 (count: 2, duration: 90)
Event: Danreb Salvacion on 2025-09-18 at 16:30:00 (count: 2, duration: 90)
Events found: 4
Time: 2025-09-11 21:43:13 - Start: 2025-09-01, End: 2025-10-01, Server: /Pet_Track_revise-3/functions/get-appointments.php?start=2025-09-01&end=2025-10-01
Count for 2025-09-10: 2
Count for 2025-09-18: 2
Event: Mikaykay Abecia on 2025-09-10 at 09:30:00 (count: 2, duration: 90)
Event: James Lee on 2025-09-10 at 14:30:00 (count: 2, duration: 90)
Event: Sheryl Lozano on 2025-09-18 at 14:30:00 (count: 2, duration: 90)
Event: Danreb Salvacion on 2025-09-18 at 16:30:00 (count: 2, duration: 90)
Events found: 4
Time: 2025-09-11 21:46:48 - Start: 2025-09-01, End: 2025-10-01, Server: /Pet_Track_revise-3/functions/get-appointments.php?start=2025-09-01&end=2025-10-01
Count for 2025-09-10: 2
Count for 2025-09-18: 2
Event: Mikaykay Abecia on 2025-09-10 at 09:30:00 (count: 2, duration: 90)
Event: James Lee on 2025-09-10 at 14:30:00 (count: 2, duration: 90)
Event: Sheryl Lozano on 2025-09-18 at 14:30:00 (count: 2, duration: 90)
Event: Danreb Salvacion on 2025-09-18 at 16:30:00 (count: 2, duration: 90)
Events found: 4
Time: 2025-09-11 21:46:48 - Start: 2025-09-01, End: 2025-10-01, Server: /Pet_Track_revise-3/functions/get-appointments.php?start=2025-09-01&end=2025-10-01
Count for 2025-09-10: 2
Count for 2025-09-18: 2
Event: Mikaykay Abecia on 2025-09-10 at 09:30:00 (count: 2, duration: 90)
Event: James Lee on 2025-09-10 at 14:30:00 (count: 2, duration: 90)
Event: Sheryl Lozano on 2025-09-18 at 14:30:00 (count: 2, duration: 90)
Event: Danreb Salvacion on 2025-09-18 at 16:30:00 (count: 2, duration: 90)
Events found: 4
Time: 2025-09-11 21:47:20 - Start: 2025-09-18, End: 2025-09-18, Server: /Pet_Track_revise-3/functions/get-appointments.php?start=2025-09-18&end=2025-09-18
Count for 2025-09-18: 2
Event: Sheryl Lozano on 2025-09-18 at 14:30:00 (count: 2, duration: 90)
Event: Danreb Salvacion on 2025-09-18 at 16:30:00 (count: 2, duration: 90)
Events found: 2
Time: 2025-09-11 21:47:23 - Start: 2025-09-18, End: 2025-09-18, Server: /Pet_Track_revise-3/functions/get-appointments.php?start=2025-09-18&end=2025-09-18
Count for 2025-09-18: 2
Event: Sheryl Lozano on 2025-09-18 at 14:30:00 (count: 2, duration: 90)
Event: Danreb Salvacion on 2025-09-18 at 16:30:00 (count: 2, duration: 90)
Events found: 2
Time: 2025-09-11 21:47:38 - Start: 2025-09-18, End: 2025-09-18, Server: /Pet_Track_revise-3/functions/get-appointments.php?start=2025-09-18&end=2025-09-18
Count for 2025-09-18: 2
Event: Sheryl Lozano on 2025-09-18 at 14:30:00 (count: 2, duration: 90)
Event: Danreb Salvacion on 2025-09-18 at 16:30:00 (count: 2, duration: 90)
Events found: 2
Time: 2025-09-11 21:47:41 - Start: 2025-09-18, End: 2025-09-18, Server: /Pet_Track_revise-3/functions/get-appointments.php?start=2025-09-18&end=2025-09-18
Count for 2025-09-18: 2
Event: Sheryl Lozano on 2025-09-18 at 14:30:00 (count: 2, duration: 90)
Event: Danreb Salvacion on 2025-09-18 at 16:30:00 (count: 2, duration: 90)
Events found: 2
Time: 2025-09-11 21:47:45 - Start: 2025-09-18, End: 2025-09-18, Server: /Pet_Track_revise-3/functions/get-appointments.php?start=2025-09-18&end=2025-09-18
Count for 2025-09-18: 2
Event: Sheryl Lozano on 2025-09-18 at 14:30:00 (count: 2, duration: 90)
Event: Danreb Salvacion on 2025-09-18 at 16:30:00 (count: 2, duration: 90)
Events found: 2
Time: 2025-09-11 21:47:59 - Start: 2025-09-18, End: 2025-09-18, Server: /Pet_Track_revise-3/functions/get-appointments.php?start=2025-09-18&end=2025-09-18
Count for 2025-09-18: 2
Event: Sheryl Lozano on 2025-09-18 at 14:30:00 (count: 2, duration: 90)
Event: Danreb Salvacion on 2025-09-18 at 16:30:00 (count: 2, duration: 90)
Events found: 2
Time: 2025-09-11 21:48:00 - Start: 2025-09-18, End: 2025-09-18, Server: /Pet_Track_revise-3/functions/get-appointments.php?start=2025-09-18&end=2025-09-18
Count for 2025-09-18: 2
Event: Sheryl Lozano on 2025-09-18 at 14:30:00 (count: 2, duration: 90)
Event: Danreb Salvacion on 2025-09-18 at 16:30:00 (count: 2, duration: 90)
Events found: 2
Time: 2025-09-11 21:48:04 - Start: 2025-09-18, End: 2025-09-18, Server: /Pet_Track_revise-3/functions/get-appointments.php?start=2025-09-18&end=2025-09-18
Count for 2025-09-18: 2
Event: Sheryl Lozano on 2025-09-18 at 14:30:00 (count: 2, duration: 90)
Event: Danreb Salvacion on 2025-09-18 at 16:30:00 (count: 2, duration: 90)
Events found: 2
Time: 2025-09-11 21:48:15 - Start: 2025-09-18, End: 2025-09-18, Server: /Pet_Track_revise-3/functions/get-appointments.php?start=2025-09-18&end=2025-09-18
Count for 2025-09-18: 2
Event: Sheryl Lozano on 2025-09-18 at 14:30:00 (count: 2, duration: 90)
Event: Danreb Salvacion on 2025-09-18 at 16:30:00 (count: 2, duration: 90)
Events found: 2
Script executed at 2025-09-11 21:48:20
Database connection successful.
Form data: Array
(
    [owner_name] => tokneneng
    [contact_number] => 09392516664
    [appointment_date] => 2025-09-18
    [appointment_time] => 09:30:00
    [reason] => Vaccination
)

Appointment logged: Guest tokneneng booked an appointment on September 18, 2025 at 9:30 AM
Time: 2025-09-11 21:48:22 - Start: 2025-09-01, End: 2025-10-01, Server: /Pet_Track_revise-3/functions/get-appointments.php?start=2025-09-01&end=2025-10-01
Count for 2025-09-10: 2
Count for 2025-09-18: 3
Event: Mikaykay Abecia on 2025-09-10 at 09:30:00 (count: 2, duration: 90)
Event: James Lee on 2025-09-10 at 14:30:00 (count: 2, duration: 90)
Event: tokneneng on 2025-09-18 at 09:30:00 (count: 3, duration: 90)
Event: Sheryl Lozano on 2025-09-18 at 14:30:00 (count: 3, duration: 90)
Event: Danreb Salvacion on 2025-09-18 at 16:30:00 (count: 3, duration: 90)
Events found: 5
Time: 2025-09-11 21:48:22 - Start: 2025-09-01, End: 2025-10-01, Server: /Pet_Track_revise-3/functions/get-appointments.php?start=2025-09-01&end=2025-10-01
Count for 2025-09-10: 2
Count for 2025-09-18: 3
Event: Mikaykay Abecia on 2025-09-10 at 09:30:00 (count: 2, duration: 90)
Event: James Lee on 2025-09-10 at 14:30:00 (count: 2, duration: 90)
Event: tokneneng on 2025-09-18 at 09:30:00 (count: 3, duration: 90)
Event: Sheryl Lozano on 2025-09-18 at 14:30:00 (count: 3, duration: 90)
Event: Danreb Salvacion on 2025-09-18 at 16:30:00 (count: 3, duration: 90)
Events found: 5
Time: 2025-09-11 22:38:05 - Start: 2025-09-01, End: 2025-10-01, Server: /Pet_Track_revise-3/functions/get-appointments.php?start=2025-09-01&end=2025-10-01
Count for 2025-09-10: 2
Count for 2025-09-18: 3
Event: Mikaykay Abecia on 2025-09-10 at 09:30:00 (count: 2, duration: 90)
Event: James Lee on 2025-09-10 at 14:30:00 (count: 2, duration: 90)
Event: tokneneng on 2025-09-18 at 09:30:00 (count: 3, duration: 90)
Event: Sheryl Lozano on 2025-09-18 at 14:30:00 (count: 3, duration: 90)
Event: Danreb Salvacion on 2025-09-18 at 16:30:00 (count: 3, duration: 90)
Events found: 5
Time: 2025-09-11 22:38:05 - Start: 2025-09-01, End: 2025-10-01, Server: /Pet_Track_revise-3/functions/get-appointments.php?start=2025-09-01&end=2025-10-01
Count for 2025-09-10: 2
Count for 2025-09-18: 3
Event: Mikaykay Abecia on 2025-09-10 at 09:30:00 (count: 2, duration: 90)
Event: James Lee on 2025-09-10 at 14:30:00 (count: 2, duration: 90)
Event: tokneneng on 2025-09-18 at 09:30:00 (count: 3, duration: 90)
Event: Sheryl Lozano on 2025-09-18 at 14:30:00 (count: 3, duration: 90)
Event: Danreb Salvacion on 2025-09-18 at 16:30:00 (count: 3, duration: 90)
Events found: 5
Time: 2025-09-11 22:38:07 - Start: 2025-09-01, End: 2025-10-01, Server: /Pet_Track_revise-3/functions/get-appointments.php?start=2025-09-01&end=2025-10-01
Count for 2025-09-10: 2
Count for 2025-09-18: 3
Event: Mikaykay Abecia on 2025-09-10 at 09:30:00 (count: 2, duration: 90)
Event: James Lee on 2025-09-10 at 14:30:00 (count: 2, duration: 90)
Event: tokneneng on 2025-09-18 at 09:30:00 (count: 3, duration: 90)
Event: Sheryl Lozano on 2025-09-18 at 14:30:00 (count: 3, duration: 90)
Event: Danreb Salvacion on 2025-09-18 at 16:30:00 (count: 3, duration: 90)
Events found: 5
Time: 2025-09-11 22:38:07 - Start: 2025-09-01, End: 2025-10-01, Server: /Pet_Track_revise-3/functions/get-appointments.php?start=2025-09-01&end=2025-10-01
Count for 2025-09-10: 2
Count for 2025-09-18: 3
Event: Mikaykay Abecia on 2025-09-10 at 09:30:00 (count: 2, duration: 90)
Event: James Lee on 2025-09-10 at 14:30:00 (count: 2, duration: 90)
Event: tokneneng on 2025-09-18 at 09:30:00 (count: 3, duration: 90)
Event: Sheryl Lozano on 2025-09-18 at 14:30:00 (count: 3, duration: 90)
Event: Danreb Salvacion on 2025-09-18 at 16:30:00 (count: 3, duration: 90)
Events found: 5
Time: 2025-09-11 22:40:01 - Start: 2025-09-01, End: 2025-10-01, Server: /Pet_Track_revise-3/functions/get-appointments.php?start=2025-09-01&end=2025-10-01
Count for 2025-09-10: 2
Count for 2025-09-18: 3
Event: Mikaykay Abecia on 2025-09-10 at 09:30:00 (count: 2, duration: 90)
Event: James Lee on 2025-09-10 at 14:30:00 (count: 2, duration: 90)
Event: tokneneng on 2025-09-18 at 09:30:00 (count: 3, duration: 90)
Event: Sheryl Lozano on 2025-09-18 at 14:30:00 (count: 3, duration: 90)
Event: Danreb Salvacion on 2025-09-18 at 16:30:00 (count: 3, duration: 90)
Events found: 5
Time: 2025-09-11 22:40:01 - Start: 2025-09-01, End: 2025-10-01, Server: /Pet_Track_revise-3/functions/get-appointments.php?start=2025-09-01&end=2025-10-01
Count for 2025-09-10: 2
Count for 2025-09-18: 3
Event: Mikaykay Abecia on 2025-09-10 at 09:30:00 (count: 2, duration: 90)
Event: James Lee on 2025-09-10 at 14:30:00 (count: 2, duration: 90)
Event: tokneneng on 2025-09-18 at 09:30:00 (count: 3, duration: 90)
Event: Sheryl Lozano on 2025-09-18 at 14:30:00 (count: 3, duration: 90)
Event: Danreb Salvacion on 2025-09-18 at 16:30:00 (count: 3, duration: 90)
Events found: 5
Time: 2025-09-11 22:40:05 - Start: 2025-09-01, End: 2025-10-01, Server: /Pet_Track_revise-3/functions/get-appointments.php?start=2025-09-01&end=2025-10-01
Count for 2025-09-10: 2
Count for 2025-09-18: 3
Event: Mikaykay Abecia on 2025-09-10 at 09:30:00 (count: 2, duration: 90)
Event: James Lee on 2025-09-10 at 14:30:00 (count: 2, duration: 90)
Event: tokneneng on 2025-09-18 at 09:30:00 (count: 3, duration: 90)
Event: Sheryl Lozano on 2025-09-18 at 14:30:00 (count: 3, duration: 90)
Event: Danreb Salvacion on 2025-09-18 at 16:30:00 (count: 3, duration: 90)
Events found: 5
Time: 2025-09-11 22:40:05 - Start: 2025-09-01, End: 2025-10-01, Server: /Pet_Track_revise-3/functions/get-appointments.php?start=2025-09-01&end=2025-10-01
Count for 2025-09-10: 2
Count for 2025-09-18: 3
Event: Mikaykay Abecia on 2025-09-10 at 09:30:00 (count: 2, duration: 90)
Event: James Lee on 2025-09-10 at 14:30:00 (count: 2, duration: 90)
Event: tokneneng on 2025-09-18 at 09:30:00 (count: 3, duration: 90)
Event: Sheryl Lozano on 2025-09-18 at 14:30:00 (count: 3, duration: 90)
Event: Danreb Salvacion on 2025-09-18 at 16:30:00 (count: 3, duration: 90)
Events found: 5
Time: 2025-09-11 22:40:56 - Start: 2025-09-01, End: 2025-10-01, Server: /Pet_Track_revise-3/functions/get-appointments.php?start=2025-09-01&end=2025-10-01
Count for 2025-09-10: 2
Count for 2025-09-18: 3
Event: Mikaykay Abecia on 2025-09-10 at 09:30:00 (count: 2, duration: 90)
Event: James Lee on 2025-09-10 at 14:30:00 (count: 2, duration: 90)
Event: tokneneng on 2025-09-18 at 09:30:00 (count: 3, duration: 90)
Event: Sheryl Lozano on 2025-09-18 at 14:30:00 (count: 3, duration: 90)
Event: Danreb Salvacion on 2025-09-18 at 16:30:00 (count: 3, duration: 90)
Events found: 5
Time: 2025-09-11 22:40:56 - Start: 2025-09-01, End: 2025-10-01, Server: /Pet_Track_revise-3/functions/get-appointments.php?start=2025-09-01&end=2025-10-01
Count for 2025-09-10: 2
Count for 2025-09-18: 3
Event: Mikaykay Abecia on 2025-09-10 at 09:30:00 (count: 2, duration: 90)
Event: James Lee on 2025-09-10 at 14:30:00 (count: 2, duration: 90)
Event: tokneneng on 2025-09-18 at 09:30:00 (count: 3, duration: 90)
Event: Sheryl Lozano on 2025-09-18 at 14:30:00 (count: 3, duration: 90)
Event: Danreb Salvacion on 2025-09-18 at 16:30:00 (count: 3, duration: 90)
Events found: 5
Time: 2025-09-11 23:17:08 - Start: 2025-09-01, End: 2025-10-01, Server: /Pet_Track_revise-3/functions/get-appointments.php?start=2025-09-01&end=2025-10-01
Count for 2025-09-10: 2
Count for 2025-09-18: 3
Event: Mikaykay Abecia on 2025-09-10 at 09:30:00 (count: 2, duration: 90)
Event: James Lee on 2025-09-10 at 14:30:00 (count: 2, duration: 90)
Event: tokneneng on 2025-09-18 at 09:30:00 (count: 3, duration: 90)
Event: Sheryl Lozano on 2025-09-18 at 14:30:00 (count: 3, duration: 90)
Event: Danreb Salvacion on 2025-09-18 at 16:30:00 (count: 3, duration: 90)
Events found: 5
Time: 2025-09-11 23:17:08 - Start: 2025-09-01, End: 2025-10-01, Server: /Pet_Track_revise-3/functions/get-appointments.php?start=2025-09-01&end=2025-10-01
Count for 2025-09-10: 2
Count for 2025-09-18: 3
Event: Mikaykay Abecia on 2025-09-10 at 09:30:00 (count: 2, duration: 90)
Event: James Lee on 2025-09-10 at 14:30:00 (count: 2, duration: 90)
Event: tokneneng on 2025-09-18 at 09:30:00 (count: 3, duration: 90)
Event: Sheryl Lozano on 2025-09-18 at 14:30:00 (count: 3, duration: 90)
Event: Danreb Salvacion on 2025-09-18 at 16:30:00 (count: 3, duration: 90)
Events found: 5
Time: 2025-09-11 23:17:11 - Start: 2025-09-18, End: 2025-09-18, Server: /Pet_Track_revise-3/functions/get-appointments.php?start=2025-09-18&end=2025-09-18
Count for 2025-09-18: 3
Event: tokneneng on 2025-09-18 at 09:30:00 (count: 3, duration: 90)
Event: Sheryl Lozano on 2025-09-18 at 14:30:00 (count: 3, duration: 90)
Event: Danreb Salvacion on 2025-09-18 at 16:30:00 (count: 3, duration: 90)
Events found: 3
Time: 2025-09-11 23:17:11 - Start: 2025-09-18, End: 2025-09-18, Server: /Pet_Track_revise-3/functions/get-appointments.php?start=2025-09-18&end=2025-09-18
Count for 2025-09-18: 3
Event: tokneneng on 2025-09-18 at 09:30:00 (count: 3, duration: 90)
Event: Sheryl Lozano on 2025-09-18 at 14:30:00 (count: 3, duration: 90)
Event: Danreb Salvacion on 2025-09-18 at 16:30:00 (count: 3, duration: 90)
Events found: 3
Time: 2025-09-11 23:18:33 - Start: 2025-09-01, End: 2025-10-01, Server: /Pet_Track_revise-3/functions/get-appointments.php?start=2025-09-01&end=2025-10-01
Count for 2025-09-10: 2
Count for 2025-09-18: 3
Event: Mikaykay Abecia on 2025-09-10 at 09:30:00 (count: 2, duration: 90)
Event: James Lee on 2025-09-10 at 14:30:00 (count: 2, duration: 90)
Event: tokneneng on 2025-09-18 at 09:30:00 (count: 3, duration: 90)
Event: Sheryl Lozano on 2025-09-18 at 14:30:00 (count: 3, duration: 90)
Event: Danreb Salvacion on 2025-09-18 at 16:30:00 (count: 3, duration: 90)
Events found: 5
Time: 2025-09-11 23:18:33 - Start: 2025-09-01, End: 2025-10-01, Server: /Pet_Track_revise-3/functions/get-appointments.php?start=2025-09-01&end=2025-10-01
Count for 2025-09-10: 2
Count for 2025-09-18: 3
Event: Mikaykay Abecia on 2025-09-10 at 09:30:00 (count: 2, duration: 90)
Event: James Lee on 2025-09-10 at 14:30:00 (count: 2, duration: 90)
Event: tokneneng on 2025-09-18 at 09:30:00 (count: 3, duration: 90)
Event: Sheryl Lozano on 2025-09-18 at 14:30:00 (count: 3, duration: 90)
Event: Danreb Salvacion on 2025-09-18 at 16:30:00 (count: 3, duration: 90)
Events found: 5
Time: 2025-09-11 23:22:04 - Start: 2025-09-01, End: 2025-10-01, Server: /Pet_Track_revise-3/functions/get-appointments.php?start=2025-09-01&end=2025-10-01
Count for 2025-09-10: 2
Count for 2025-09-18: 3
Event: Mikaykay Abecia on 2025-09-10 at 09:30:00 (count: 2, duration: 90)
Event: James Lee on 2025-09-10 at 14:30:00 (count: 2, duration: 90)
Event: tokneneng on 2025-09-18 at 09:30:00 (count: 3, duration: 90)
Event: Sheryl Lozano on 2025-09-18 at 14:30:00 (count: 3, duration: 90)
Event: Danreb Salvacion on 2025-09-18 at 16:30:00 (count: 3, duration: 90)
Events found: 5
Time: 2025-09-11 23:22:04 - Start: 2025-09-01, End: 2025-10-01, Server: /Pet_Track_revise-3/functions/get-appointments.php?start=2025-09-01&end=2025-10-01
Count for 2025-09-10: 2
Count for 2025-09-18: 3
Event: Mikaykay Abecia on 2025-09-10 at 09:30:00 (count: 2, duration: 90)
Event: James Lee on 2025-09-10 at 14:30:00 (count: 2, duration: 90)
Event: tokneneng on 2025-09-18 at 09:30:00 (count: 3, duration: 90)
Event: Sheryl Lozano on 2025-09-18 at 14:30:00 (count: 3, duration: 90)
Event: Danreb Salvacion on 2025-09-18 at 16:30:00 (count: 3, duration: 90)
Events found: 5
Time: 2025-09-12 09:10:38 - Start: 2025-09-01, End: 2025-10-01, Server: /Pet_Track_revise-3/functions/get-appointments.php?start=2025-09-01&end=2025-10-01
Count for 2025-09-10: 2
Count for 2025-09-18: 3
Event: Mikaykay Abecia on 2025-09-10 at 09:30:00 (count: 2, duration: 90)
Event: James Lee on 2025-09-10 at 14:30:00 (count: 2, duration: 90)
Event: tokneneng on 2025-09-18 at 09:30:00 (count: 3, duration: 90)
Event: Sheryl Lozano on 2025-09-18 at 14:30:00 (count: 3, duration: 90)
Event: Danreb Salvacion on 2025-09-18 at 16:30:00 (count: 3, duration: 90)
Events found: 5
Time: 2025-09-12 09:10:38 - Start: 2025-09-01, End: 2025-10-01, Server: /Pet_Track_revise-3/functions/get-appointments.php?start=2025-09-01&end=2025-10-01
Count for 2025-09-10: 2
Count for 2025-09-18: 3
Event: Mikaykay Abecia on 2025-09-10 at 09:30:00 (count: 2, duration: 90)
Event: James Lee on 2025-09-10 at 14:30:00 (count: 2, duration: 90)
Event: tokneneng on 2025-09-18 at 09:30:00 (count: 3, duration: 90)
Event: Sheryl Lozano on 2025-09-18 at 14:30:00 (count: 3, duration: 90)
Event: Danreb Salvacion on 2025-09-18 at 16:30:00 (count: 3, duration: 90)
Events found: 5
Time: 2025-09-13 22:29:41 - Start: 2025-09-01, End: 2025-10-01, Server: /Pet_Track_revise-3/functions/get-appointments.php?start=2025-09-01&end=2025-10-01
Count for 2025-09-10: 2
Count for 2025-09-18: 3
Event: Mikaykay Abecia on 2025-09-10 at 09:30:00 (count: 2, duration: 90)
Event: James Lee on 2025-09-10 at 14:30:00 (count: 2, duration: 90)
Event: tokneneng on 2025-09-18 at 09:30:00 (count: 3, duration: 90)
Event: Sheryl Lozano on 2025-09-18 at 14:30:00 (count: 3, duration: 90)
Event: Danreb Salvacion on 2025-09-18 at 16:30:00 (count: 3, duration: 90)
Events found: 5
Time: 2025-09-13 22:29:41 - Start: 2025-09-01, End: 2025-10-01, Server: /Pet_Track_revise-3/functions/get-appointments.php?start=2025-09-01&end=2025-10-01
Count for 2025-09-10: 2
Count for 2025-09-18: 3
Event: Mikaykay Abecia on 2025-09-10 at 09:30:00 (count: 2, duration: 90)
Event: James Lee on 2025-09-10 at 14:30:00 (count: 2, duration: 90)
Event: tokneneng on 2025-09-18 at 09:30:00 (count: 3, duration: 90)
Event: Sheryl Lozano on 2025-09-18 at 14:30:00 (count: 3, duration: 90)
Event: Danreb Salvacion on 2025-09-18 at 16:30:00 (count: 3, duration: 90)
Events found: 5
Time: 2025-09-13 22:39:41 - Start: 2025-09-01, End: 2025-10-01, Server: /Pet_Track_revise-3/functions/get-appointments.php?start=2025-09-01&end=2025-10-01
Count for 2025-09-10: 2
Count for 2025-09-18: 3
Event: Mikaykay Abecia on 2025-09-10 at 09:30:00 (count: 2, duration: 90)
Event: James Lee on 2025-09-10 at 14:30:00 (count: 2, duration: 90)
Event: tokneneng on 2025-09-18 at 09:30:00 (count: 3, duration: 90)
Event: Sheryl Lozano on 2025-09-18 at 14:30:00 (count: 3, duration: 90)
Event: Danreb Salvacion on 2025-09-18 at 16:30:00 (count: 3, duration: 90)
Events found: 5
Time: 2025-09-13 22:39:41 - Start: 2025-09-01, End: 2025-10-01, Server: /Pet_Track_revise-3/functions/get-appointments.php?start=2025-09-01&end=2025-10-01
Count for 2025-09-10: 2
Count for 2025-09-18: 3
Event: Mikaykay Abecia on 2025-09-10 at 09:30:00 (count: 2, duration: 90)
Event: James Lee on 2025-09-10 at 14:30:00 (count: 2, duration: 90)
Event: tokneneng on 2025-09-18 at 09:30:00 (count: 3, duration: 90)
Event: Sheryl Lozano on 2025-09-18 at 14:30:00 (count: 3, duration: 90)
Event: Danreb Salvacion on 2025-09-18 at 16:30:00 (count: 3, duration: 90)
Events found: 5
Time: 2025-09-14 22:12:09 - Start: 2025-09-01, End: 2025-10-01, Server: /Pet_Track_revise-3/functions/get-appointments.php?start=2025-09-01&end=2025-10-01
Count for 2025-09-10: 2
Count for 2025-09-18: 3
Event: Mikaykay Abecia on 2025-09-10 at 09:30:00 (count: 2, duration: 90)
Event: James Lee on 2025-09-10 at 14:30:00 (count: 2, duration: 90)
Event: tokneneng on 2025-09-18 at 09:30:00 (count: 3, duration: 90)
Event: Sheryl Lozano on 2025-09-18 at 14:30:00 (count: 3, duration: 90)
Event: Danreb Salvacion on 2025-09-18 at 16:30:00 (count: 3, duration: 90)
Events found: 5
Time: 2025-09-14 22:12:09 - Start: 2025-09-01, End: 2025-10-01, Server: /Pet_Track_revise-3/functions/get-appointments.php?start=2025-09-01&end=2025-10-01
Count for 2025-09-10: 2
Count for 2025-09-18: 3
Event: Mikaykay Abecia on 2025-09-10 at 09:30:00 (count: 2, duration: 90)
Event: James Lee on 2025-09-10 at 14:30:00 (count: 2, duration: 90)
Event: tokneneng on 2025-09-18 at 09:30:00 (count: 3, duration: 90)
Event: Sheryl Lozano on 2025-09-18 at 14:30:00 (count: 3, duration: 90)
Event: Danreb Salvacion on 2025-09-18 at 16:30:00 (count: 3, duration: 90)
Events found: 5
Time: 2025-09-15 21:47:13 - Start: 2025-09-01, End: 2025-10-01, Server: /Pet_Track_revise-3/functions/get-appointments.php?start=2025-09-01&end=2025-10-01
Count for 2025-09-10: 2
Count for 2025-09-18: 3
Event: Mikaykay Abecia on 2025-09-10 at 09:30:00 (count: 2, duration: 90)
Event: James Lee on 2025-09-10 at 14:30:00 (count: 2, duration: 90)
Event: tokneneng on 2025-09-18 at 09:30:00 (count: 3, duration: 90)
Event: Sheryl Lozano on 2025-09-18 at 14:30:00 (count: 3, duration: 90)
Event: Danreb Salvacion on 2025-09-18 at 16:30:00 (count: 3, duration: 90)
Events found: 5
Time: 2025-09-15 21:47:13 - Start: 2025-09-01, End: 2025-10-01, Server: /Pet_Track_revise-3/functions/get-appointments.php?start=2025-09-01&end=2025-10-01
Count for 2025-09-10: 2
Count for 2025-09-18: 3
Event: Mikaykay Abecia on 2025-09-10 at 09:30:00 (count: 2, duration: 90)
Event: James Lee on 2025-09-10 at 14:30:00 (count: 2, duration: 90)
Event: tokneneng on 2025-09-18 at 09:30:00 (count: 3, duration: 90)
Event: Sheryl Lozano on 2025-09-18 at 14:30:00 (count: 3, duration: 90)
Event: Danreb Salvacion on 2025-09-18 at 16:30:00 (count: 3, duration: 90)
Events found: 5
Time: 2025-09-15 22:21:37 - Start: 2025-09-01, End: 2025-10-01, Server: /Pet_Track_revise-3/functions/get-appointments.php?start=2025-09-01&end=2025-10-01
Count for 2025-09-10: 2
Count for 2025-09-18: 3
Event: Mikaykay Abecia on 2025-09-10 at 09:30:00 (count: 2, duration: 90)
Event: James Lee on 2025-09-10 at 14:30:00 (count: 2, duration: 90)
Event: tokneneng on 2025-09-18 at 09:30:00 (count: 3, duration: 90)
Event: Sheryl Lozano on 2025-09-18 at 14:30:00 (count: 3, duration: 90)
Event: Danreb Salvacion on 2025-09-18 at 16:30:00 (count: 3, duration: 90)
Events found: 5
Time: 2025-09-15 22:21:37 - Start: 2025-09-01, End: 2025-10-01, Server: /Pet_Track_revise-3/functions/get-appointments.php?start=2025-09-01&end=2025-10-01
Count for 2025-09-10: 2
Count for 2025-09-18: 3
Event: Mikaykay Abecia on 2025-09-10 at 09:30:00 (count: 2, duration: 90)
Event: James Lee on 2025-09-10 at 14:30:00 (count: 2, duration: 90)
Event: tokneneng on 2025-09-18 at 09:30:00 (count: 3, duration: 90)
Event: Sheryl Lozano on 2025-09-18 at 14:30:00 (count: 3, duration: 90)
Event: Danreb Salvacion on 2025-09-18 at 16:30:00 (count: 3, duration: 90)
Events found: 5
Time: 2025-09-15 22:56:17 - Start: 2025-09-01, End: 2025-10-01, Server: /Pet_Track_revise-3/functions/get-appointments.php?start=2025-09-01&end=2025-10-01
Count for 2025-09-10: 2
Count for 2025-09-18: 3
Event: Mikaykay Abecia on 2025-09-10 at 09:30:00 (count: 2, duration: 90)
Event: James Lee on 2025-09-10 at 14:30:00 (count: 2, duration: 90)
Event: tokneneng on 2025-09-18 at 09:30:00 (count: 3, duration: 90)
Event: Sheryl Lozano on 2025-09-18 at 14:30:00 (count: 3, duration: 90)
Event: Danreb Salvacion on 2025-09-18 at 16:30:00 (count: 3, duration: 90)
Events found: 5
Time: 2025-09-15 22:56:17 - Start: 2025-09-01, End: 2025-10-01, Server: /Pet_Track_revise-3/functions/get-appointments.php?start=2025-09-01&end=2025-10-01
Count for 2025-09-10: 2
Count for 2025-09-18: 3
Event: Mikaykay Abecia on 2025-09-10 at 09:30:00 (count: 2, duration: 90)
Event: James Lee on 2025-09-10 at 14:30:00 (count: 2, duration: 90)
Event: tokneneng on 2025-09-18 at 09:30:00 (count: 3, duration: 90)
Event: Sheryl Lozano on 2025-09-18 at 14:30:00 (count: 3, duration: 90)
Event: Danreb Salvacion on 2025-09-18 at 16:30:00 (count: 3, duration: 90)
Events found: 5
Time: 2025-09-16 14:04:13 - Start: 2025-09-01, End: 2025-10-01, Server: /Pet_Track_revise-3/functions/get-appointments.php?start=2025-09-01&end=2025-10-01
Count for 2025-09-10: 2
Count for 2025-09-18: 3
Event: Mikaykay Abecia on 2025-09-10 at 09:30:00 (count: 2, duration: 90)
Event: James Lee on 2025-09-10 at 14:30:00 (count: 2, duration: 90)
Event: tokneneng on 2025-09-18 at 09:30:00 (count: 3, duration: 90)
Event: Sheryl Lozano on 2025-09-18 at 14:30:00 (count: 3, duration: 90)
Event: Danreb Salvacion on 2025-09-18 at 16:30:00 (count: 3, duration: 90)
Events found: 5
Time: 2025-09-16 14:04:13 - Start: 2025-09-01, End: 2025-10-01, Server: /Pet_Track_revise-3/functions/get-appointments.php?start=2025-09-01&end=2025-10-01
Count for 2025-09-10: 2
Count for 2025-09-18: 3
Event: Mikaykay Abecia on 2025-09-10 at 09:30:00 (count: 2, duration: 90)
Event: James Lee on 2025-09-10 at 14:30:00 (count: 2, duration: 90)
Event: tokneneng on 2025-09-18 at 09:30:00 (count: 3, duration: 90)
Event: Sheryl Lozano on 2025-09-18 at 14:30:00 (count: 3, duration: 90)
Event: Danreb Salvacion on 2025-09-18 at 16:30:00 (count: 3, duration: 90)
Events found: 5
Time: 2025-09-16 14:09:25 - Start: 2025-09-01, End: 2025-10-01, Server: /Pet_Track_revise-3/functions/get-appointments.php?start=2025-09-01&end=2025-10-01
Count for 2025-09-10: 2
Count for 2025-09-18: 3
Event: Mikaykay Abecia on 2025-09-10 at 09:30:00 (count: 2, duration: 90)
Event: James Lee on 2025-09-10 at 14:30:00 (count: 2, duration: 90)
Event: tokneneng on 2025-09-18 at 09:30:00 (count: 3, duration: 90)
Event: Sheryl Lozano on 2025-09-18 at 14:30:00 (count: 3, duration: 90)
Event: Danreb Salvacion on 2025-09-18 at 16:30:00 (count: 3, duration: 90)
Events found: 5
Time: 2025-09-16 14:09:25 - Start: 2025-09-01, End: 2025-10-01, Server: /Pet_Track_revise-3/functions/get-appointments.php?start=2025-09-01&end=2025-10-01
Count for 2025-09-10: 2
Count for 2025-09-18: 3
Event: Mikaykay Abecia on 2025-09-10 at 09:30:00 (count: 2, duration: 90)
Event: James Lee on 2025-09-10 at 14:30:00 (count: 2, duration: 90)
Event: tokneneng on 2025-09-18 at 09:30:00 (count: 3, duration: 90)
Event: Sheryl Lozano on 2025-09-18 at 14:30:00 (count: 3, duration: 90)
Event: Danreb Salvacion on 2025-09-18 at 16:30:00 (count: 3, duration: 90)
Events found: 5
Time: 2025-09-16 14:57:38 - Start: 2025-09-01, End: 2025-10-01, Server: /Pet_Track_revise-3/functions/get-appointments.php?start=2025-09-01&end=2025-10-01
Count for 2025-09-10: 2
Count for 2025-09-18: 3
Event: Mikaykay Abecia on 2025-09-10 at 09:30:00 (count: 2, duration: 90)
Event: James Lee on 2025-09-10 at 14:30:00 (count: 2, duration: 90)
Event: tokneneng on 2025-09-18 at 09:30:00 (count: 3, duration: 90)
Event: Sheryl Lozano on 2025-09-18 at 14:30:00 (count: 3, duration: 90)
Event: Danreb Salvacion on 2025-09-18 at 16:30:00 (count: 3, duration: 90)
Events found: 5
Time: 2025-09-16 14:57:39 - Start: 2025-09-01, End: 2025-10-01, Server: /Pet_Track_revise-3/functions/get-appointments.php?start=2025-09-01&end=2025-10-01
Count for 2025-09-10: 2
Count for 2025-09-18: 3
Event: Mikaykay Abecia on 2025-09-10 at 09:30:00 (count: 2, duration: 90)
Event: James Lee on 2025-09-10 at 14:30:00 (count: 2, duration: 90)
Event: tokneneng on 2025-09-18 at 09:30:00 (count: 3, duration: 90)
Event: Sheryl Lozano on 2025-09-18 at 14:30:00 (count: 3, duration: 90)
Event: Danreb Salvacion on 2025-09-18 at 16:30:00 (count: 3, duration: 90)
Events found: 5
Time: 2025-09-16 14:57:55 - Start: 2025-09-01, End: 2025-10-01, Server: /Pet_Track_revise-3/functions/get-appointments.php?start=2025-09-01&end=2025-10-01
Count for 2025-09-10: 2
Count for 2025-09-18: 3
Event: Mikaykay Abecia on 2025-09-10 at 09:30:00 (count: 2, duration: 90)
Event: James Lee on 2025-09-10 at 14:30:00 (count: 2, duration: 90)
Event: tokneneng on 2025-09-18 at 09:30:00 (count: 3, duration: 90)
Event: Sheryl Lozano on 2025-09-18 at 14:30:00 (count: 3, duration: 90)
Event: Danreb Salvacion on 2025-09-18 at 16:30:00 (count: 3, duration: 90)
Events found: 5
Time: 2025-09-16 14:57:55 - Start: 2025-09-01, End: 2025-10-01, Server: /Pet_Track_revise-3/functions/get-appointments.php?start=2025-09-01&end=2025-10-01
Count for 2025-09-10: 2
Count for 2025-09-18: 3
Event: Mikaykay Abecia on 2025-09-10 at 09:30:00 (count: 2, duration: 90)
Event: James Lee on 2025-09-10 at 14:30:00 (count: 2, duration: 90)
Event: tokneneng on 2025-09-18 at 09:30:00 (count: 3, duration: 90)
Event: Sheryl Lozano on 2025-09-18 at 14:30:00 (count: 3, duration: 90)
Event: Danreb Salvacion on 2025-09-18 at 16:30:00 (count: 3, duration: 90)
Events found: 5
Time: 2025-09-16 16:34:23 - Start: 2025-09-01, End: 2025-10-01, Server: /Pet_Track_revise-3/functions/get-appointments.php?start=2025-09-01&end=2025-10-01
Count for 2025-09-10: 2
Count for 2025-09-18: 3
Event: Mikaykay Abecia on 2025-09-10 at 09:30:00 (count: 2, duration: 90)
Event: James Lee on 2025-09-10 at 14:30:00 (count: 2, duration: 90)
Event: tokneneng on 2025-09-18 at 09:30:00 (count: 3, duration: 90)
Event: Sheryl Lozano on 2025-09-18 at 14:30:00 (count: 3, duration: 90)
Event: Danreb Salvacion on 2025-09-18 at 16:30:00 (count: 3, duration: 90)
Events found: 5
Time: 2025-09-16 16:34:23 - Start: 2025-09-01, End: 2025-10-01, Server: /Pet_Track_revise-3/functions/get-appointments.php?start=2025-09-01&end=2025-10-01
Count for 2025-09-10: 2
Count for 2025-09-18: 3
Event: Mikaykay Abecia on 2025-09-10 at 09:30:00 (count: 2, duration: 90)
Event: James Lee on 2025-09-10 at 14:30:00 (count: 2, duration: 90)
Event: tokneneng on 2025-09-18 at 09:30:00 (count: 3, duration: 90)
Event: Sheryl Lozano on 2025-09-18 at 14:30:00 (count: 3, duration: 90)
Event: Danreb Salvacion on 2025-09-18 at 16:30:00 (count: 3, duration: 90)
Events found: 5
Time: 2025-09-26 02:40:45 - Start: 2025-09-01, End: 2025-10-01, Server: /Pet_Track_revise-3/functions/get-appointments.php?start=2025-09-01&end=2025-10-01
Count for 2025-09-10: 2
Count for 2025-09-18: 3
Event: Mikaykay Abecia on 2025-09-10 at 09:30:00 (count: 2, duration: 90)
Event: James Lee on 2025-09-10 at 14:30:00 (count: 2, duration: 90)
Event: tokneneng on 2025-09-18 at 09:30:00 (count: 3, duration: 90)
Event: Sheryl Lozano on 2025-09-18 at 14:30:00 (count: 3, duration: 90)
Event: Danreb Salvacion on 2025-09-18 at 16:30:00 (count: 3, duration: 90)
Events found: 5
Time: 2025-09-26 02:40:46 - Start: 2025-09-01, End: 2025-10-01, Server: /Pet_Track_revise-3/functions/get-appointments.php?start=2025-09-01&end=2025-10-01
Count for 2025-09-10: 2
Count for 2025-09-18: 3
Event: Mikaykay Abecia on 2025-09-10 at 09:30:00 (count: 2, duration: 90)
Event: James Lee on 2025-09-10 at 14:30:00 (count: 2, duration: 90)
Event: tokneneng on 2025-09-18 at 09:30:00 (count: 3, duration: 90)
Event: Sheryl Lozano on 2025-09-18 at 14:30:00 (count: 3, duration: 90)
Event: Danreb Salvacion on 2025-09-18 at 16:30:00 (count: 3, duration: 90)
Events found: 5
Time: 2025-09-26 02:40:46 - Start: 2025-09-01, End: 2025-10-01, Server: /Pet_Track_revise-3/functions/get-appointments.php?start=2025-09-01&end=2025-10-01
Count for 2025-09-10: 2
Count for 2025-09-18: 3
Event: Mikaykay Abecia on 2025-09-10 at 09:30:00 (count: 2, duration: 90)
Event: James Lee on 2025-09-10 at 14:30:00 (count: 2, duration: 90)
Event: tokneneng on 2025-09-18 at 09:30:00 (count: 3, duration: 90)
Event: Sheryl Lozano on 2025-09-18 at 14:30:00 (count: 3, duration: 90)
Event: Danreb Salvacion on 2025-09-18 at 16:30:00 (count: 3, duration: 90)
Events found: 5
Time: 2025-09-26 02:40:46 - Start: 2025-09-01, End: 2025-10-01, Server: /Pet_Track_revise-3/functions/get-appointments.php?start=2025-09-01&end=2025-10-01
Count for 2025-09-10: 2
Count for 2025-09-18: 3
Event: Mikaykay Abecia on 2025-09-10 at 09:30:00 (count: 2, duration: 90)
Event: James Lee on 2025-09-10 at 14:30:00 (count: 2, duration: 90)
Event: tokneneng on 2025-09-18 at 09:30:00 (count: 3, duration: 90)
Event: Sheryl Lozano on 2025-09-18 at 14:30:00 (count: 3, duration: 90)
Event: Danreb Salvacion on 2025-09-18 at 16:30:00 (count: 3, duration: 90)
Events found: 5
Time: 2025-09-26 02:40:47 - Start: 2025-09-01, End: 2025-10-01, Server: /Pet_Track_revise-3/functions/get-appointments.php?start=2025-09-01&end=2025-10-01
Count for 2025-09-10: 2
Count for 2025-09-18: 3
Event: Mikaykay Abecia on 2025-09-10 at 09:30:00 (count: 2, duration: 90)
Event: James Lee on 2025-09-10 at 14:30:00 (count: 2, duration: 90)
Event: tokneneng on 2025-09-18 at 09:30:00 (count: 3, duration: 90)
Event: Sheryl Lozano on 2025-09-18 at 14:30:00 (count: 3, duration: 90)
Event: Danreb Salvacion on 2025-09-18 at 16:30:00 (count: 3, duration: 90)
Events found: 5
Time: 2025-09-26 02:40:48 - Start: 2025-09-01, End: 2025-10-01, Server: /Pet_Track_revise-3/functions/get-appointments.php?start=2025-09-01&end=2025-10-01
Count for 2025-09-10: 2
Count for 2025-09-18: 3
Event: Mikaykay Abecia on 2025-09-10 at 09:30:00 (count: 2, duration: 90)
Event: James Lee on 2025-09-10 at 14:30:00 (count: 2, duration: 90)
Event: tokneneng on 2025-09-18 at 09:30:00 (count: 3, duration: 90)
Event: Sheryl Lozano on 2025-09-18 at 14:30:00 (count: 3, duration: 90)
Event: Danreb Salvacion on 2025-09-18 at 16:30:00 (count: 3, duration: 90)
Events found: 5
Time: 2025-09-26 02:40:49 - Start: 2025-09-01, End: 2025-10-01, Server: /Pet_Track_revise-3/functions/get-appointments.php?start=2025-09-01&end=2025-10-01
Count for 2025-09-10: 2
Count for 2025-09-18: 3
Event: Mikaykay Abecia on 2025-09-10 at 09:30:00 (count: 2, duration: 90)
Event: James Lee on 2025-09-10 at 14:30:00 (count: 2, duration: 90)
Event: tokneneng on 2025-09-18 at 09:30:00 (count: 3, duration: 90)
Event: Sheryl Lozano on 2025-09-18 at 14:30:00 (count: 3, duration: 90)
Event: Danreb Salvacion on 2025-09-18 at 16:30:00 (count: 3, duration: 90)
Events found: 5
Time: 2025-09-26 02:40:49 - Start: 2025-09-01, End: 2025-10-01, Server: /Pet_Track_revise-3/functions/get-appointments.php?start=2025-09-01&end=2025-10-01
Count for 2025-09-10: 2
Count for 2025-09-18: 3
Event: Mikaykay Abecia on 2025-09-10 at 09:30:00 (count: 2, duration: 90)
Event: James Lee on 2025-09-10 at 14:30:00 (count: 2, duration: 90)
Event: tokneneng on 2025-09-18 at 09:30:00 (count: 3, duration: 90)
Event: Sheryl Lozano on 2025-09-18 at 14:30:00 (count: 3, duration: 90)
Event: Danreb Salvacion on 2025-09-18 at 16:30:00 (count: 3, duration: 90)
Events found: 5
Time: 2025-09-26 02:54:08 - Start: 2025-09-01, End: 2025-10-01, Server: /Pet_Track_revise-3/functions/get-appointments.php?start=2025-09-01&end=2025-10-01
Count for 2025-09-10: 2
Count for 2025-09-18: 3
Event: Mikaykay Abecia on 2025-09-10 at 09:30:00 (count: 2, duration: 90)
Event: James Lee on 2025-09-10 at 14:30:00 (count: 2, duration: 90)
Event: tokneneng on 2025-09-18 at 09:30:00 (count: 3, duration: 90)
Event: Sheryl Lozano on 2025-09-18 at 14:30:00 (count: 3, duration: 90)
Event: Danreb Salvacion on 2025-09-18 at 16:30:00 (count: 3, duration: 90)
Events found: 5
Time: 2025-09-26 02:54:08 - Start: 2025-09-01, End: 2025-10-01, Server: /Pet_Track_revise-3/functions/get-appointments.php?start=2025-09-01&end=2025-10-01
Count for 2025-09-10: 2
Count for 2025-09-18: 3
Event: Mikaykay Abecia on 2025-09-10 at 09:30:00 (count: 2, duration: 90)
Event: James Lee on 2025-09-10 at 14:30:00 (count: 2, duration: 90)
Event: tokneneng on 2025-09-18 at 09:30:00 (count: 3, duration: 90)
Event: Sheryl Lozano on 2025-09-18 at 14:30:00 (count: 3, duration: 90)
Event: Danreb Salvacion on 2025-09-18 at 16:30:00 (count: 3, duration: 90)
Events found: 5
Time: 2025-09-28 19:36:55 - Start: 2025-09-01, End: 2025-10-01, Server: /Pet_Track_revise-3/functions/get-appointments.php?start=2025-09-01&end=2025-10-01
Count for 2025-09-10: 2
Count for 2025-09-18: 3
Event: Mikaykay Abecia on 2025-09-10 at 09:30:00 (count: 2, duration: 90)
Event: James Lee on 2025-09-10 at 14:30:00 (count: 2, duration: 90)
Event: tokneneng on 2025-09-18 at 09:30:00 (count: 3, duration: 90)
Event: Sheryl Lozano on 2025-09-18 at 14:30:00 (count: 3, duration: 90)
Event: Danreb Salvacion on 2025-09-18 at 16:30:00 (count: 3, duration: 90)
Events found: 5
Time: 2025-09-28 19:36:55 - Start: 2025-09-01, End: 2025-10-01, Server: /Pet_Track_revise-3/functions/get-appointments.php?start=2025-09-01&end=2025-10-01
Count for 2025-09-10: 2
Count for 2025-09-18: 3
Event: Mikaykay Abecia on 2025-09-10 at 09:30:00 (count: 2, duration: 90)
Event: James Lee on 2025-09-10 at 14:30:00 (count: 2, duration: 90)
Event: tokneneng on 2025-09-18 at 09:30:00 (count: 3, duration: 90)
Event: Sheryl Lozano on 2025-09-18 at 14:30:00 (count: 3, duration: 90)
Event: Danreb Salvacion on 2025-09-18 at 16:30:00 (count: 3, duration: 90)
Events found: 5
Time: 2025-09-29 09:21:53 - Start: 2025-09-01, End: 2025-10-01, Server: /Pet_Track_revise-3/functions/get-appointments.php?start=2025-09-01&end=2025-10-01
Count for 2025-09-10: 2
Count for 2025-09-18: 3
Event: Mikaykay Abecia on 2025-09-10 at 09:30:00 (count: 2, duration: 90)
Event: James Lee on 2025-09-10 at 14:30:00 (count: 2, duration: 90)
Event: tokneneng on 2025-09-18 at 09:30:00 (count: 3, duration: 90)
Event: Sheryl Lozano on 2025-09-18 at 14:30:00 (count: 3, duration: 90)
Event: Danreb Salvacion on 2025-09-18 at 16:30:00 (count: 3, duration: 90)
Events found: 5
Time: 2025-09-29 09:21:53 - Start: 2025-09-01, End: 2025-10-01, Server: /Pet_Track_revise-3/functions/get-appointments.php?start=2025-09-01&end=2025-10-01
Count for 2025-09-10: 2
Count for 2025-09-18: 3
Event: Mikaykay Abecia on 2025-09-10 at 09:30:00 (count: 2, duration: 90)
Event: James Lee on 2025-09-10 at 14:30:00 (count: 2, duration: 90)
Event: tokneneng on 2025-09-18 at 09:30:00 (count: 3, duration: 90)
Event: Sheryl Lozano on 2025-09-18 at 14:30:00 (count: 3, duration: 90)
Event: Danreb Salvacion on 2025-09-18 at 16:30:00 (count: 3, duration: 90)
Events found: 5
Time: 2025-09-29 09:24:09 - Start: 2025-09-01, End: 2025-10-01, Server: /Pet_Track_revise-3/functions/get-appointments.php?start=2025-09-01&end=2025-10-01
Count for 2025-09-10: 2
Count for 2025-09-18: 3
Event: Mikaykay Abecia on 2025-09-10 at 09:30:00 (count: 2, duration: 90)
Event: James Lee on 2025-09-10 at 14:30:00 (count: 2, duration: 90)
Event: tokneneng on 2025-09-18 at 09:30:00 (count: 3, duration: 90)
Event: Sheryl Lozano on 2025-09-18 at 14:30:00 (count: 3, duration: 90)
Event: Danreb Salvacion on 2025-09-18 at 16:30:00 (count: 3, duration: 90)
Events found: 5
Time: 2025-09-29 09:24:09 - Start: 2025-09-01, End: 2025-10-01, Server: /Pet_Track_revise-3/functions/get-appointments.php?start=2025-09-01&end=2025-10-01
Count for 2025-09-10: 2
Count for 2025-09-18: 3
Event: Mikaykay Abecia on 2025-09-10 at 09:30:00 (count: 2, duration: 90)
Event: James Lee on 2025-09-10 at 14:30:00 (count: 2, duration: 90)
Event: tokneneng on 2025-09-18 at 09:30:00 (count: 3, duration: 90)
Event: Sheryl Lozano on 2025-09-18 at 14:30:00 (count: 3, duration: 90)
Event: Danreb Salvacion on 2025-09-18 at 16:30:00 (count: 3, duration: 90)
Events found: 5
Time: 2025-09-29 09:26:13 - Start: 2025-09-01, End: 2025-10-01, Server: /Pet_Track_revise-3/functions/get-appointments.php?start=2025-09-01&end=2025-10-01
Count for 2025-09-10: 2
Count for 2025-09-18: 3
Event: Mikaykay Abecia on 2025-09-10 at 09:30:00 (count: 2, duration: 90)
Event: James Lee on 2025-09-10 at 14:30:00 (count: 2, duration: 90)
Event: tokneneng on 2025-09-18 at 09:30:00 (count: 3, duration: 90)
Event: Sheryl Lozano on 2025-09-18 at 14:30:00 (count: 3, duration: 90)
Event: Danreb Salvacion on 2025-09-18 at 16:30:00 (count: 3, duration: 90)
Events found: 5
Time: 2025-09-29 09:26:13 - Start: 2025-09-01, End: 2025-10-01, Server: /Pet_Track_revise-3/functions/get-appointments.php?start=2025-09-01&end=2025-10-01
Count for 2025-09-10: 2
Count for 2025-09-18: 3
Event: Mikaykay Abecia on 2025-09-10 at 09:30:00 (count: 2, duration: 90)
Event: James Lee on 2025-09-10 at 14:30:00 (count: 2, duration: 90)
Event: tokneneng on 2025-09-18 at 09:30:00 (count: 3, duration: 90)
Event: Sheryl Lozano on 2025-09-18 at 14:30:00 (count: 3, duration: 90)
Event: Danreb Salvacion on 2025-09-18 at 16:30:00 (count: 3, duration: 90)
Events found: 5
Time: 2025-09-29 09:26:15 - Start: 2025-09-01, End: 2025-10-01, Server: /Pet_Track_revise-3/functions/get-appointments.php?start=2025-09-01&end=2025-10-01
Count for 2025-09-10: 2
Count for 2025-09-18: 3
Event: Mikaykay Abecia on 2025-09-10 at 09:30:00 (count: 2, duration: 90)
Event: James Lee on 2025-09-10 at 14:30:00 (count: 2, duration: 90)
Event: tokneneng on 2025-09-18 at 09:30:00 (count: 3, duration: 90)
Event: Sheryl Lozano on 2025-09-18 at 14:30:00 (count: 3, duration: 90)
Event: Danreb Salvacion on 2025-09-18 at 16:30:00 (count: 3, duration: 90)
Events found: 5
Time: 2025-09-29 09:26:15 - Start: 2025-09-01, End: 2025-10-01, Server: /Pet_Track_revise-3/functions/get-appointments.php?start=2025-09-01&end=2025-10-01
Count for 2025-09-10: 2
Count for 2025-09-18: 3
Event: Mikaykay Abecia on 2025-09-10 at 09:30:00 (count: 2, duration: 90)
Event: James Lee on 2025-09-10 at 14:30:00 (count: 2, duration: 90)
Event: tokneneng on 2025-09-18 at 09:30:00 (count: 3, duration: 90)
Event: Sheryl Lozano on 2025-09-18 at 14:30:00 (count: 3, duration: 90)
Event: Danreb Salvacion on 2025-09-18 at 16:30:00 (count: 3, duration: 90)
Events found: 5
Time: 2025-09-29 09:29:40 - Start: 2025-09-01, End: 2025-10-01, Server: /Pet_Track_revise-3/functions/get-appointments.php?start=2025-09-01&end=2025-10-01
Count for 2025-09-10: 2
Count for 2025-09-18: 3
Event: Mikaykay Abecia on 2025-09-10 at 09:30:00 (count: 2, duration: 90)
Event: James Lee on 2025-09-10 at 14:30:00 (count: 2, duration: 90)
Event: tokneneng on 2025-09-18 at 09:30:00 (count: 3, duration: 90)
Event: Sheryl Lozano on 2025-09-18 at 14:30:00 (count: 3, duration: 90)
Event: Danreb Salvacion on 2025-09-18 at 16:30:00 (count: 3, duration: 90)
Events found: 5
Time: 2025-09-29 09:29:40 - Start: 2025-09-01, End: 2025-10-01, Server: /Pet_Track_revise-3/functions/get-appointments.php?start=2025-09-01&end=2025-10-01
Count for 2025-09-10: 2
Count for 2025-09-18: 3
Event: Mikaykay Abecia on 2025-09-10 at 09:30:00 (count: 2, duration: 90)
Event: James Lee on 2025-09-10 at 14:30:00 (count: 2, duration: 90)
Event: tokneneng on 2025-09-18 at 09:30:00 (count: 3, duration: 90)
Event: Sheryl Lozano on 2025-09-18 at 14:30:00 (count: 3, duration: 90)
Event: Danreb Salvacion on 2025-09-18 at 16:30:00 (count: 3, duration: 90)
Events found: 5
Time: 2025-09-29 09:31:37 - Start: 2025-09-01, End: 2025-10-01, Server: /Pet_Track_revise-3/functions/get-appointments.php?start=2025-09-01&end=2025-10-01
Count for 2025-09-10: 2
Count for 2025-09-18: 3
Event: Mikaykay Abecia on 2025-09-10 at 09:30:00 (count: 2, duration: 90)
Event: James Lee on 2025-09-10 at 14:30:00 (count: 2, duration: 90)
Event: tokneneng on 2025-09-18 at 09:30:00 (count: 3, duration: 90)
Event: Sheryl Lozano on 2025-09-18 at 14:30:00 (count: 3, duration: 90)
Event: Danreb Salvacion on 2025-09-18 at 16:30:00 (count: 3, duration: 90)
Events found: 5
Time: 2025-09-29 09:31:37 - Start: 2025-09-01, End: 2025-10-01, Server: /Pet_Track_revise-3/functions/get-appointments.php?start=2025-09-01&end=2025-10-01
Count for 2025-09-10: 2
Count for 2025-09-18: 3
Event: Mikaykay Abecia on 2025-09-10 at 09:30:00 (count: 2, duration: 90)
Event: James Lee on 2025-09-10 at 14:30:00 (count: 2, duration: 90)
Event: tokneneng on 2025-09-18 at 09:30:00 (count: 3, duration: 90)
Event: Sheryl Lozano on 2025-09-18 at 14:30:00 (count: 3, duration: 90)
Event: Danreb Salvacion on 2025-09-18 at 16:30:00 (count: 3, duration: 90)
Events found: 5
Time: 2025-09-30 22:21:23 - Start: 2025-09-01, End: 2025-10-01, Server: /Pet_Track_revise-3/functions/get-appointments.php?start=2025-09-01&end=2025-10-01
Count for 2025-09-10: 2
Count for 2025-09-18: 3
Event: Mikaykay Abecia on 2025-09-10 at 09:30:00 (count: 2, duration: 90)
Event: James Lee on 2025-09-10 at 14:30:00 (count: 2, duration: 90)
Event: tokneneng on 2025-09-18 at 09:30:00 (count: 3, duration: 90)
Event: Sheryl Lozano on 2025-09-18 at 14:30:00 (count: 3, duration: 90)
Event: Danreb Salvacion on 2025-09-18 at 16:30:00 (count: 3, duration: 90)
Events found: 5
Time: 2025-09-30 22:21:23 - Start: 2025-09-01, End: 2025-10-01, Server: /Pet_Track_revise-3/functions/get-appointments.php?start=2025-09-01&end=2025-10-01
Count for 2025-09-10: 2
Count for 2025-09-18: 3
Event: Mikaykay Abecia on 2025-09-10 at 09:30:00 (count: 2, duration: 90)
Event: James Lee on 2025-09-10 at 14:30:00 (count: 2, duration: 90)
Event: tokneneng on 2025-09-18 at 09:30:00 (count: 3, duration: 90)
Event: Sheryl Lozano on 2025-09-18 at 14:30:00 (count: 3, duration: 90)
Event: Danreb Salvacion on 2025-09-18 at 16:30:00 (count: 3, duration: 90)
Events found: 5
Time: 2025-10-01 21:33:16 - Start: 2025-10-08, End: 2025-10-08, Server: /Pet_Track_revise-3/functions/get-appointments.php?start=2025-10-08&end=2025-10-08
Events found: 0
Script executed at 2025-10-01 21:33:21
Database connection successful.
Form data: Array
(
    [owner_name] => Mario Santos
    [contact_number] => 12345678901
    [appointment_date] => 2025-10-08
    [appointment_time] => 09:00:00
    [reason] => Grooming
)

Appointment logged: Guest Mario Santos booked an appointment on October 8, 2025 at 9:00 AM
Time: 2025-10-01 21:34:35 - Start: 2025-10-01, End: 2025-11-01, Server: /Pet_Track_revise-3/functions/get-appointments.php?start=2025-10-01&end=2025-11-01
Count for 2025-10-08: 1
Event: Mario Santos on 2025-10-08 at 09:00:00 (count: 1, duration: 90)
Events found: 1
Time: 2025-10-01 21:34:35 - Start: 2025-10-01, End: 2025-11-01, Server: /Pet_Track_revise-3/functions/get-appointments.php?start=2025-10-01&end=2025-11-01
Count for 2025-10-08: 1
Event: Mario Santos on 2025-10-08 at 09:00:00 (count: 1, duration: 90)
Events found: 1
Time: 2025-10-01 21:34:41 - Start: 2025-11-01, End: 2025-12-01, Server: /Pet_Track_revise-3/functions/get-appointments.php?start=2025-11-01&end=2025-12-01
Events found: 0
Time: 2025-10-01 21:34:42 - Start: 2025-10-01, End: 2025-11-01, Server: /Pet_Track_revise-3/functions/get-appointments.php?start=2025-10-01&end=2025-11-01
Count for 2025-10-08: 1
Event: Mario Santos on 2025-10-08 at 09:00:00 (count: 1, duration: 90)
Events found: 1
Time: 2025-10-01 21:47:13 - Start: 2025-10-01, End: 2025-11-01, Server: /Pet_Track_revise-3/functions/get-appointments.php?start=2025-10-01&end=2025-11-01
Count for 2025-10-08: 1
Event: Mario Santos on 2025-10-08 at 09:00:00 (count: 1, duration: 90)
Events found: 1
Time: 2025-10-01 21:47:14 - Start: 2025-10-01, End: 2025-11-01, Server: /Pet_Track_revise-3/functions/get-appointments.php?start=2025-10-01&end=2025-11-01
Count for 2025-10-08: 1
Event: Mario Santos on 2025-10-08 at 09:00:00 (count: 1, duration: 90)
Events found: 1
Time: 2025-10-01 21:49:50 - Start: 2025-10-01, End: 2025-11-01, Server: /Pet_Track_revise-3/functions/get-appointments.php?start=2025-10-01&end=2025-11-01
Count for 2025-10-08: 1
Event: Mario Santos on 2025-10-08 at 09:00:00 (count: 1, duration: 90)
Events found: 1
Time: 2025-10-01 21:49:50 - Start: 2025-10-01, End: 2025-11-01, Server: /Pet_Track_revise-3/functions/get-appointments.php?start=2025-10-01&end=2025-11-01
Count for 2025-10-08: 1
Event: Mario Santos on 2025-10-08 at 09:00:00 (count: 1, duration: 90)
Events found: 1
Time: 2025-10-01 21:49:51 - Start: 2025-10-01, End: 2025-11-01, Server: /Pet_Track_revise-3/functions/get-appointments.php?start=2025-10-01&end=2025-11-01
Count for 2025-10-08: 1
Event: Mario Santos on 2025-10-08 at 09:00:00 (count: 1, duration: 90)
Events found: 1
Time: 2025-10-01 21:49:52 - Start: 2025-10-01, End: 2025-11-01, Server: /Pet_Track_revise-3/functions/get-appointments.php?start=2025-10-01&end=2025-11-01
Count for 2025-10-08: 1
Event: Mario Santos on 2025-10-08 at 09:00:00 (count: 1, duration: 90)
Events found: 1
Time: 2025-10-01 22:25:11 - Start: 2025-10-01, End: 2025-11-01, Server: /Pet_Track_revise-3/functions/get-appointments.php?start=2025-10-01&end=2025-11-01
Count for 2025-10-08: 1
Event: Mario Santos on 2025-10-08 at 09:00:00 (count: 1, duration: 90)
Events found: 1
Time: 2025-10-01 22:25:11 - Start: 2025-10-01, End: 2025-11-01, Server: /Pet_Track_revise-3/functions/get-appointments.php?start=2025-10-01&end=2025-11-01
Count for 2025-10-08: 1
Event: Mario Santos on 2025-10-08 at 09:00:00 (count: 1, duration: 90)
Events found: 1
Time: 2025-10-02 10:21:16 - Start: 2025-10-01, End: 2025-11-01, Server: /Pet_Track_revise-3/functions/get-appointments.php?start=2025-10-01&end=2025-11-01
Count for 2025-10-08: 1
Event: Mario Santos on 2025-10-08 at 09:00:00 (count: 1, duration: 90)
Events found: 1
Time: 2025-10-02 10:21:16 - Start: 2025-10-01, End: 2025-11-01, Server: /Pet_Track_revise-3/functions/get-appointments.php?start=2025-10-01&end=2025-11-01
Count for 2025-10-08: 1
Event: Mario Santos on 2025-10-08 at 09:00:00 (count: 1, duration: 90)
Events found: 1
Time: 2025-10-02 10:35:02 - Start: 2025-10-01, End: 2025-11-01, Server: /Pet_Track_revise-3/functions/get-appointments.php?start=2025-10-01&end=2025-11-01
Count for 2025-10-08: 1
Event: Mario Santos on 2025-10-08 at 09:00:00 (count: 1, duration: 90)
Events found: 1
Time: 2025-10-02 10:35:02 - Start: 2025-10-01, End: 2025-11-01, Server: /Pet_Track_revise-3/functions/get-appointments.php?start=2025-10-01&end=2025-11-01
Count for 2025-10-08: 1
Event: Mario Santos on 2025-10-08 at 09:00:00 (count: 1, duration: 90)
Events found: 1
Time: 2025-10-02 10:35:06 - Start: 2025-10-01, End: 2025-11-01, Server: /Pet_Track_revise-3/functions/get-appointments.php?start=2025-10-01&end=2025-11-01
Count for 2025-10-08: 1
Event: Mario Santos on 2025-10-08 at 09:00:00 (count: 1, duration: 90)
Events found: 1
Time: 2025-10-02 10:35:06 - Start: 2025-10-01, End: 2025-11-01, Server: /Pet_Track_revise-3/functions/get-appointments.php?start=2025-10-01&end=2025-11-01
Count for 2025-10-08: 1
Event: Mario Santos on 2025-10-08 at 09:00:00 (count: 1, duration: 90)
Events found: 1
Time: 2025-10-02 10:51:59 - Start: 2025-10-01, End: 2025-11-01, Server: /Pet_Track_revise-3/functions/get-appointments.php?start=2025-10-01&end=2025-11-01
Count for 2025-10-08: 1
Event: Mario Santos on 2025-10-08 at 09:00:00 (count: 1, duration: 90)
Events found: 1
Time: 2025-10-02 10:51:59 - Start: 2025-10-01, End: 2025-11-01, Server: /Pet_Track_revise-3/functions/get-appointments.php?start=2025-10-01&end=2025-11-01
Count for 2025-10-08: 1
Event: Mario Santos on 2025-10-08 at 09:00:00 (count: 1, duration: 90)
Events found: 1
Time: 2025-10-02 11:14:02 - Start: 2025-10-01, End: 2025-11-01, Server: /Pet_Track_revise-3/functions/get-appointments.php?start=2025-10-01&end=2025-11-01
Count for 2025-10-08: 1
Event: Mario Santos on 2025-10-08 at 09:00:00 (count: 1, duration: 90)
Events found: 1
Time: 2025-10-02 11:14:02 - Start: 2025-10-01, End: 2025-11-01, Server: /Pet_Track_revise-3/functions/get-appointments.php?start=2025-10-01&end=2025-11-01
Count for 2025-10-08: 1
Event: Mario Santos on 2025-10-08 at 09:00:00 (count: 1, duration: 90)
Events found: 1
Time: 2025-10-02 11:22:13 - Start: 2025-10-01, End: 2025-11-01, Server: /Pet_Track_revise-3/functions/get-appointments.php?start=2025-10-01&end=2025-11-01
Count for 2025-10-08: 1
Event: Mario Santos on 2025-10-08 at 09:00:00 (count: 1, duration: 90)
Events found: 1
Time: 2025-10-02 11:22:13 - Start: 2025-10-01, End: 2025-11-01, Server: /Pet_Track_revise-3/functions/get-appointments.php?start=2025-10-01&end=2025-11-01
Count for 2025-10-08: 1
Event: Mario Santos on 2025-10-08 at 09:00:00 (count: 1, duration: 90)
Events found: 1
Time: 2025-10-02 13:26:27 - Start: 2025-10-09, End: 2025-10-09, Server: /Pet_Track_revise-3/functions/get-appointments.php?start=2025-10-09&end=2025-10-09
Events found: 0
Script executed at 2025-10-02 13:26:30
Database connection successful.
Form data: Array
(
    [owner_name] => Danreb Salvacionss
    [contact_number] => Dongkits
    [appointment_date] => 2025-10-09
    [appointment_time] => 14:30:00
    [reason] => Checkup
)

Appointment logged: Guest Danreb Salvacionss booked an appointment on October 9, 2025 at 2:30 PM
Time: 2025-10-02 13:26:52 - Start: 2025-10-01, End: 2025-11-01, Server: /Pet_Track_revise-3/functions/get-appointments.php?start=2025-10-01&end=2025-11-01
Count for 2025-10-08: 1
Count for 2025-10-09: 1
Event: Mario Santos on 2025-10-08 at 09:00:00 (count: 1, duration: 90)
Event: Danreb Salvacionss on 2025-10-09 at 14:30:00 (count: 1, duration: 90)
Events found: 2
Time: 2025-10-02 13:26:52 - Start: 2025-10-01, End: 2025-11-01, Server: /Pet_Track_revise-3/functions/get-appointments.php?start=2025-10-01&end=2025-11-01
Count for 2025-10-08: 1
Count for 2025-10-09: 1
Event: Mario Santos on 2025-10-08 at 09:00:00 (count: 1, duration: 90)
Event: Danreb Salvacionss on 2025-10-09 at 14:30:00 (count: 1, duration: 90)
Events found: 2
Time: 2025-10-02 14:14:29 - Start: 2025-10-01, End: 2025-11-01, Server: /Pet_Track_revise-3/functions/get-appointments.php?start=2025-10-01&end=2025-11-01
Count for 2025-10-08: 1
Count for 2025-10-09: 1
Event: Mario Santos on 2025-10-08 at 09:00:00 (count: 1, duration: 90)
Event: Danreb Salvacionss on 2025-10-09 at 14:30:00 (count: 1, duration: 90)
Events found: 2
Time: 2025-10-02 14:14:29 - Start: 2025-10-01, End: 2025-11-01, Server: /Pet_Track_revise-3/functions/get-appointments.php?start=2025-10-01&end=2025-11-01
Count for 2025-10-08: 1
Count for 2025-10-09: 1
Event: Mario Santos on 2025-10-08 at 09:00:00 (count: 1, duration: 90)
Event: Danreb Salvacionss on 2025-10-09 at 14:30:00 (count: 1, duration: 90)
Events found: 2
Time: 2025-10-02 14:14:38 - Start: 2025-10-01, End: 2025-11-01, Server: /Pet_Track_revise-3/functions/get-appointments.php?start=2025-10-01&end=2025-11-01
Count for 2025-10-08: 1
Count for 2025-10-09: 1
Event: Mario Santos on 2025-10-08 at 09:00:00 (count: 1, duration: 90)
Event: Danreb Salvacionss on 2025-10-09 at 14:30:00 (count: 1, duration: 90)
Events found: 2
Time: 2025-10-02 14:14:38 - Start: 2025-10-01, End: 2025-11-01, Server: /Pet_Track_revise-3/functions/get-appointments.php?start=2025-10-01&end=2025-11-01
Count for 2025-10-08: 1
Count for 2025-10-09: 1
Event: Mario Santos on 2025-10-08 at 09:00:00 (count: 1, duration: 90)
Event: Danreb Salvacionss on 2025-10-09 at 14:30:00 (count: 1, duration: 90)
Events found: 2
Time: 2025-10-02 14:15:27 - Start: 2025-10-01, End: 2025-11-01, Server: /Pet_Track_revise-3/functions/get-appointments.php?start=2025-10-01&end=2025-11-01
Count for 2025-10-08: 1
Count for 2025-10-09: 1
Event: Mario Santos on 2025-10-08 at 09:00:00 (count: 1, duration: 90)
Event: Danreb Salvacionss on 2025-10-09 at 14:30:00 (count: 1, duration: 90)
Events found: 2
Time: 2025-10-02 14:15:27 - Start: 2025-10-01, End: 2025-11-01, Server: /Pet_Track_revise-3/functions/get-appointments.php?start=2025-10-01&end=2025-11-01
Count for 2025-10-08: 1
Count for 2025-10-09: 1
Event: Mario Santos on 2025-10-08 at 09:00:00 (count: 1, duration: 90)
Event: Danreb Salvacionss on 2025-10-09 at 14:30:00 (count: 1, duration: 90)
Events found: 2
Time: 2025-10-02 14:15:35 - Start: 2025-10-01, End: 2025-11-01, Server: /Pet_Track_revise-3/functions/get-appointments.php?start=2025-10-01&end=2025-11-01
Count for 2025-10-08: 1
Count for 2025-10-09: 1
Event: Mario Santos on 2025-10-08 at 09:00:00 (count: 1, duration: 90)
Event: Danreb Salvacionss on 2025-10-09 at 14:30:00 (count: 1, duration: 90)
Events found: 2
Time: 2025-10-02 14:15:35 - Start: 2025-10-01, End: 2025-11-01, Server: /Pet_Track_revise-3/functions/get-appointments.php?start=2025-10-01&end=2025-11-01
Count for 2025-10-08: 1
Count for 2025-10-09: 1
Event: Mario Santos on 2025-10-08 at 09:00:00 (count: 1, duration: 90)
Event: Danreb Salvacionss on 2025-10-09 at 14:30:00 (count: 1, duration: 90)
Events found: 2
Time: 2025-10-02 14:15:43 - Start: 2025-10-01, End: 2025-11-01, Server: /Pet_Track_revise-3/functions/get-appointments.php?start=2025-10-01&end=2025-11-01
Count for 2025-10-08: 1
Count for 2025-10-09: 1
Event: Mario Santos on 2025-10-08 at 09:00:00 (count: 1, duration: 90)
Event: Danreb Salvacionss on 2025-10-09 at 14:30:00 (count: 1, duration: 90)
Events found: 2
Time: 2025-10-02 14:15:43 - Start: 2025-10-01, End: 2025-11-01, Server: /Pet_Track_revise-3/functions/get-appointments.php?start=2025-10-01&end=2025-11-01
Count for 2025-10-08: 1
Count for 2025-10-09: 1
Event: Mario Santos on 2025-10-08 at 09:00:00 (count: 1, duration: 90)
Event: Danreb Salvacionss on 2025-10-09 at 14:30:00 (count: 1, duration: 90)
Events found: 2
Time: 2025-10-02 14:15:49 - Start: 2025-10-01, End: 2025-11-01, Server: /Pet_Track_revise-3/functions/get-appointments.php?start=2025-10-01&end=2025-11-01
Count for 2025-10-08: 1
Count for 2025-10-09: 1
Event: Mario Santos on 2025-10-08 at 09:00:00 (count: 1, duration: 90)
Event: Danreb Salvacionss on 2025-10-09 at 14:30:00 (count: 1, duration: 90)
Events found: 2
Time: 2025-10-02 14:15:49 - Start: 2025-10-01, End: 2025-11-01, Server: /Pet_Track_revise-3/functions/get-appointments.php?start=2025-10-01&end=2025-11-01
Count for 2025-10-08: 1
Count for 2025-10-09: 1
Event: Mario Santos on 2025-10-08 at 09:00:00 (count: 1, duration: 90)
Event: Danreb Salvacionss on 2025-10-09 at 14:30:00 (count: 1, duration: 90)
Events found: 2
Time: 2025-10-02 14:26:59 - Start: 2025-10-01, End: 2025-11-01, Server: /Pet_Track_revise-3/functions/get-appointments.php?start=2025-10-01&end=2025-11-01
Count for 2025-10-08: 1
Count for 2025-10-09: 1
Event: Mario Santos on 2025-10-08 at 09:00:00 (count: 1, duration: 90)
Event: Danreb Salvacionss on 2025-10-09 at 14:30:00 (count: 1, duration: 90)
Events found: 2
Time: 2025-10-02 14:26:59 - Start: 2025-10-01, End: 2025-11-01, Server: /Pet_Track_revise-3/functions/get-appointments.php?start=2025-10-01&end=2025-11-01
Count for 2025-10-08: 1
Count for 2025-10-09: 1
Event: Mario Santos on 2025-10-08 at 09:00:00 (count: 1, duration: 90)
Event: Danreb Salvacionss on 2025-10-09 at 14:30:00 (count: 1, duration: 90)
Events found: 2
Time: 2025-10-02 18:21:56 - Start: 2025-10-01, End: 2025-11-01, Server: /Pet_Track_revise-3/functions/get-appointments.php?start=2025-10-01&end=2025-11-01
Events found: 0
Time: 2025-10-02 18:21:56 - Start: 2025-10-01, End: 2025-11-01, Server: /Pet_Track_revise-3/functions/get-appointments.php?start=2025-10-01&end=2025-11-01
Events found: 0
Time: 2025-10-02 18:22:51 - Start: 2025-10-01, End: 2025-11-01, Server: /Pet_Track_revise-3/functions/get-appointments.php?start=2025-10-01&end=2025-11-01
Events found: 0
Time: 2025-10-02 18:22:51 - Start: 2025-10-01, End: 2025-11-01, Server: /Pet_Track_revise-3/functions/get-appointments.php?start=2025-10-01&end=2025-11-01
Events found: 0
Time: 2025-10-02 18:22:51 - Start: 2025-10-01, End: 2025-11-01, Server: /Pet_Track_revise-3/functions/get-appointments.php?start=2025-10-01&end=2025-11-01
Events found: 0
Time: 2025-10-02 18:22:51 - Start: 2025-10-01, End: 2025-11-01, Server: /Pet_Track_revise-3/functions/get-appointments.php?start=2025-10-01&end=2025-11-01
Events found: 0
Time: 2025-10-02 18:23:18 - Start: 2025-10-16, End: 2025-10-16, Server: /Pet_Track_revise-3/functions/get-appointments.php?start=2025-10-16&end=2025-10-16
Events found: 0
Script executed at 2025-10-02 18:23:19
Database connection successful.
Form data: Array
(
    [owner_name] => sheryl boang
    [contact_number] => 12312412512
    [appointment_date] => 2025-10-16
    [appointment_time] => 14:30:00
    [reason] => Checkup
)

Appointment logged: Guest sheryl boang booked an appointment on October 16, 2025 at 2:30 PM
Time: 2025-10-02 18:25:09 - Start: 2025-10-01, End: 2025-11-01, Server: /Pet_Track_revise-3/functions/get-appointments.php?start=2025-10-01&end=2025-11-01
Count for 2025-10-16: 1
Event: sheryl boang on 2025-10-16 at 14:30:00 (count: 1, duration: 90)
Events found: 1
Time: 2025-10-02 18:25:09 - Start: 2025-10-01, End: 2025-11-01, Server: /Pet_Track_revise-3/functions/get-appointments.php?start=2025-10-01&end=2025-11-01
Count for 2025-10-16: 1
Event: sheryl boang on 2025-10-16 at 14:30:00 (count: 1, duration: 90)
Events found: 1
Time: 2025-10-02 18:25:57 - Start: 2025-10-16, End: 2025-10-16, Server: /Pet_Track_revise-3/functions/get-appointments.php?start=2025-10-16&end=2025-10-16
Count for 2025-10-16: 1
Event: sheryl boang on 2025-10-16 at 14:30:00 (count: 1, duration: 90)
Events found: 1
Script executed at 2025-10-02 18:26:10
Database connection successful.
Form data: Array
(
    [owner_name] => mikay boang
    [contact_number] => 123124125122
    [appointment_date] => 2025-10-16
    [appointment_time] => 09:00:00
    [reason] => Surgery
)

Appointment logged: Guest mikay boang booked an appointment on October 16, 2025 at 9:00 AM
